source_id,target_id,relationship_type,weight,interaction_freq
E00838,E01235,parent_company,0.79,49
E01047,E01186,co-investor,0.21,32
E01764,E00720,parent_company,0.44,46
E00943,E02050,co-investor,0.16,48
E00174,E01787,supplier,0.51,5
E01283,E02359,shared_director,0.62,46
E02623,E01711,co-investor,0.2,2
E01331,E00704,shared_director,0.85,24
E00361,E01789,supplier,0.32,38
E01641,E02147,supplier,0.46,20
E01391,E00908,co-investor,0.8,5
E02091,E02594,supplier,0.58,13
E01432,E01439,parent_company,0.31,10
E01049,E00809,parent_company,0.64,49
E02685,E00309,parent_company,0.96,41
E02024,E01901,shared_director,0.71,37
E02634,E02603,co-investor,0.88,41
E01295,E00619,shared_director,0.16,29
E02587,E01241,co-investor,0.63,23
E02079,E00304,co-investor,0.52,3
E00234,E01511,co-investor,0.17,6
E02520,E02434,shared_director,0.52,36
E00169,E01843,parent_company,0.39,31
E02054,E00618,supplier,0.51,22
E02926,E00346,parent_company,0.14,46
E01794,E01800,parent_company,0.43,19
E01587,E01675,co-investor,0.71,4
E02585,E02652,co-investor,0.16,7
E02286,E02779,shared_director,0.36,47
E02690,E02469,parent_company,0.4,38
E02719,E00580,co-investor,0.38,42
E02861,E02713,shared_director,0.22,46
E00348,E01269,shared_director,0.68,22
E00524,E02745,supplier,0.68,28
E02083,E01483,supplier,0.43,12
E00878,E01400,shared_director,0.27,9
E00635,E00317,co-investor,0.86,7
E02080,E02211,supplier,0.7,50
E02532,E00537,shared_director,0.24,12
E02838,E02559,parent_company,0.75,3
E01683,E01493,parent_company,0.97,40
E01168,E01839,parent_company,0.58,20
E01922,E00795,co-investor,0.71,37
E01805,E01892,co-investor,0.8,33
E02161,E01715,parent_company,0.84,39
E00567,E01025,supplier,0.68,24
E02272,E00421,supplier,0.36,49
E00657,E01118,shared_director,0.91,10
E01792,E00376,parent_company,0.84,23
E00110,E01700,supplier,0.46,24
E00966,E01582,supplier,0.44,2
E01306,E00406,co-investor,0.81,9
E00157,E01176,shared_director,0.73,9
E02890,E01922,shared_director,0.65,6
E00078,E01049,parent_company,0.85,36
E02494,E02162,shared_director,0.2,19
E00974,E01234,supplier,0.14,27
E02618,E02552,shared_director,0.16,32
E02445,E02196,supplier,0.67,37
E00991,E00589,co-investor,0.49,40
E01446,E00986,shared_director,0.27,43
E00351,E02145,co-investor,0.16,34
E02229,E02079,supplier,0.45,31
E00179,E02604,shared_director,0.98,17
E00067,E01463,supplier,0.41,47
E02692,E02574,supplier,0.79,48
E01362,E00547,supplier,0.42,22
E02633,E00718,shared_director,0.98,31
E02588,E00747,parent_company,0.16,50
E01875,E00152,co-investor,0.28,13
E00172,E01293,co-investor,0.56,35
E01940,E01038,supplier,0.78,13
E01172,E01463,supplier,0.88,22
E01120,E00510,co-investor,0.49,26
E01802,E01584,co-investor,0.98,32
E02835,E02038,co-investor,0.93,34
E01093,E00339,shared_director,0.17,39
E00740,E02235,co-investor,0.39,6
E01344,E02708,co-investor,0.38,39
E01746,E00683,shared_director,0.42,3
E01445,E02519,shared_director,0.35,4
E00308,E02750,shared_director,0.43,48
E02783,E00656,supplier,0.23,39
E02778,E01795,supplier,0.21,16
E02643,E01501,co-investor,0.44,37
E00133,E02479,parent_company,0.71,24
E01524,E01819,supplier,0.62,34
E01504,E01631,co-investor,0.68,16
E00465,E00107,parent_company,0.55,25
E02301,E00483,co-investor,0.8,46
E01828,E00879,co-investor,0.72,32
E00820,E00503,parent_company,0.87,29
E00708,E02922,shared_director,1.0,44
E01310,E02736,co-investor,0.74,36
E02221,E01190,co-investor,0.87,46
E02907,E02869,parent_company,0.81,33
E00919,E00498,parent_company,0.81,16
E02024,E00108,co-investor,0.6,24
E01915,E02260,parent_company,0.65,6
E00270,E01267,shared_director,1.0,47
E01961,E02154,shared_director,0.79,37
E00303,E00514,co-investor,0.68,29
E01909,E02786,co-investor,0.22,50
E02259,E02621,parent_company,0.79,9
E01773,E02060,supplier,0.85,34
E00627,E01246,parent_company,0.25,46
E00924,E01418,co-investor,0.86,17
E00805,E02602,co-investor,0.21,20
E02517,E02186,supplier,0.55,11
E02425,E02379,parent_company,0.25,40
E02479,E01383,supplier,0.84,2
E00333,E00187,co-investor,0.69,50
E02344,E01707,supplier,0.55,41
E02235,E01187,co-investor,0.53,44
E01664,E01219,shared_director,0.17,4
E00648,E01801,shared_director,0.54,14
E01394,E02485,parent_company,0.38,46
E01308,E01415,shared_director,0.22,24
E02110,E02301,supplier,0.39,30
E00502,E01096,shared_director,0.32,7
E00208,E01189,shared_director,0.88,27
E01017,E00655,co-investor,0.94,47
E01281,E00778,parent_company,0.55,33
E01913,E02043,co-investor,0.55,6
E01611,E02071,shared_director,0.97,14
E02390,E01446,supplier,0.15,32
E02448,E02680,shared_director,0.36,1
E00441,E01766,parent_company,0.89,47
E01499,E01652,co-investor,0.14,4
E02336,E02302,parent_company,0.43,19
E00302,E01583,shared_director,0.79,18
E02553,E02787,supplier,0.22,7
E01614,E01529,co-investor,0.6,24
E00591,E00816,shared_director,0.55,3
E00160,E00562,co-investor,0.82,34
E01872,E00611,parent_company,0.4,40
E01305,E00666,shared_director,0.99,48
E01226,E02432,co-investor,0.56,33
E02181,E02007,co-investor,0.53,2
E01509,E01357,supplier,0.98,38
E01261,E02819,supplier,0.64,17
E02686,E02370,parent_company,0.75,38
E01968,E00699,shared_director,0.23,44
E00993,E00130,supplier,0.27,29
E01285,E01716,parent_company,0.47,14
E01681,E02056,shared_director,0.89,48
E00256,E02891,parent_company,0.57,36
E01332,E02713,shared_director,0.57,21
E00710,E01883,co-investor,0.59,44
E02789,E02635,co-investor,0.65,13
E01010,E01143,co-investor,0.3,20
E01184,E02888,parent_company,0.72,32
E01299,E01966,co-investor,0.6,47
E01121,E01179,supplier,0.62,35
E01556,E01617,co-investor,0.96,10
E01190,E00173,co-investor,0.96,6
E01419,E01812,co-investor,0.77,14
E00828,E02207,co-investor,0.94,45
E01113,E00563,supplier,0.65,38
E00981,E00994,supplier,0.7,34
E00925,E02614,parent_company,0.15,27
E01353,E01935,supplier,0.71,9
E00022,E02255,parent_company,0.47,31
E01956,E02665,parent_company,0.78,19
E01316,E01170,supplier,0.92,6
E02672,E02352,parent_company,0.58,47
E00153,E00718,shared_director,0.89,12
E00149,E01627,shared_director,0.27,48
E01186,E00154,supplier,0.37,39
E00440,E01373,co-investor,0.51,42
E02226,E02148,shared_director,0.9,9
E02066,E01918,co-investor,0.27,8
E01355,E00666,shared_director,0.68,46
E00763,E00058,co-investor,0.81,37
E02763,E00792,parent_company,0.65,41
E01661,E01752,co-investor,0.18,43
E00391,E00757,parent_company,0.53,16
E00028,E01069,shared_director,0.31,49
E01094,E01351,co-investor,0.62,37
E00047,E01072,co-investor,0.72,4
E02736,E00485,shared_director,0.38,26
E02811,E02059,co-investor,0.72,41
E01209,E01506,parent_company,0.3,9
E01959,E00628,shared_director,0.77,39
E01531,E01704,shared_director,0.78,43
E00895,E01014,supplier,0.57,34
E02883,E01482,supplier,0.93,8
E00253,E02244,parent_company,0.62,10
E00674,E01344,shared_director,0.2,14
E02389,E02003,supplier,0.91,29
E00228,E01858,parent_company,0.56,30
E02310,E00237,shared_director,0.71,20
E00090,E01622,co-investor,0.83,48
E00893,E02369,supplier,0.14,23
E02869,E00262,supplier,0.94,5
E01934,E00130,co-investor,0.47,50
E00555,E02628,shared_director,0.44,25
E01838,E01547,shared_director,0.17,43
E02209,E00545,co-investor,0.21,35
E01610,E02167,parent_company,0.76,15
E00015,E00094,co-investor,0.52,47
E02231,E01738,shared_director,0.84,16
E01887,E01418,parent_company,0.35,47
E00463,E00132,shared_director,0.65,2
E00986,E00845,supplier,0.19,3
E01829,E02449,supplier,0.32,3
E01648,E01798,parent_company,0.59,49
E00232,E00574,co-investor,0.31,47
E02360,E01307,co-investor,0.31,10
E02705,E02136,parent_company,0.47,18
E00250,E02281,parent_company,0.66,28
E02277,E02031,supplier,0.98,42
E02750,E01562,co-investor,0.73,27
E00612,E01229,shared_director,0.27,35
E01940,E00988,parent_company,0.37,46
E00592,E01897,supplier,0.61,27
E02283,E02171,parent_company,0.45,17
E00833,E01353,supplier,0.93,24
E00379,E02194,parent_company,0.15,25
E02760,E02478,supplier,0.89,13
E02407,E02751,parent_company,0.53,22
E01242,E00063,parent_company,0.94,48
E00481,E01962,parent_company,0.73,46
E00838,E01625,parent_company,0.6,50
E01160,E01560,shared_director,0.58,23
E01264,E01072,co-investor,0.56,32
E01909,E00404,shared_director,0.79,21
E00833,E01519,co-investor,0.47,37
E00907,E00598,supplier,0.33,38
E02373,E01711,co-investor,0.24,22
E00943,E01556,parent_company,0.55,42
E02806,E01383,co-investor,0.79,32
E02629,E02010,shared_director,0.25,23
E00694,E00574,shared_director,0.27,35
E02629,E00241,supplier,0.86,5
E02738,E00199,supplier,0.47,41
E00948,E00279,parent_company,0.11,33
E01868,E01529,supplier,0.66,43
E02526,E01980,shared_director,0.11,35
E02260,E01685,supplier,0.12,47
E01126,E02195,co-investor,0.12,45
E02761,E01764,parent_company,0.2,7
E02148,E00610,parent_company,0.27,34
E01034,E01452,co-investor,0.82,6
E01529,E01664,shared_director,0.61,45
E00926,E01229,supplier,0.69,42
E00130,E00383,shared_director,0.44,36
E01950,E00230,supplier,0.73,6
E02048,E01778,co-investor,0.61,7
E02164,E00175,parent_company,0.29,45
E02322,E01948,co-investor,0.14,5
E02804,E01149,supplier,0.26,21
E00065,E00849,parent_company,0.78,46
E01632,E00316,co-investor,0.25,16
E02322,E01594,co-investor,0.45,48
E00574,E02824,supplier,0.55,23
E00220,E00401,shared_director,0.31,5
E01396,E02479,shared_director,0.97,21
E00122,E02598,co-investor,0.81,29
E02010,E00935,co-investor,0.6,25
E01769,E00761,shared_director,0.18,40
E01210,E01010,supplier,0.17,10
E01557,E02916,parent_company,0.77,21
E01478,E00437,supplier,0.1,20
E01822,E01475,co-investor,0.19,6
E00768,E01766,shared_director,0.6,33
E01672,E00424,supplier,0.18,36
E00382,E02446,co-investor,0.88,1
E01196,E01695,shared_director,0.8,47
E02292,E00995,parent_company,0.72,11
E00569,E01102,co-investor,0.34,10
E00260,E00685,shared_director,0.35,20
E01984,E00316,co-investor,0.33,16
E02561,E02031,parent_company,0.51,9
E01248,E00028,shared_director,0.4,40
E01557,E01350,shared_director,0.4,42
E02435,E00558,co-investor,0.39,45
E00823,E01963,co-investor,0.26,26
E01308,E01194,shared_director,0.97,16
E01335,E01541,co-investor,0.83,26
E01496,E00467,parent_company,0.63,35
E00737,E02793,supplier,0.96,30
E02902,E00859,shared_director,0.82,45
E00284,E01676,shared_director,0.23,20
E00992,E01035,parent_company,0.74,25
E00303,E01840,shared_director,0.62,35
E02076,E02834,shared_director,0.59,24
E02874,E02200,supplier,0.2,16
E02694,E02723,co-investor,0.25,40
E00182,E02307,shared_director,0.97,22
E01764,E00434,supplier,0.19,15
E02092,E02125,parent_company,0.5,26
E01897,E02784,parent_company,0.41,2
E01978,E00429,co-investor,0.47,6
E00476,E00581,co-investor,0.38,30
E00848,E02135,shared_director,0.41,7
E01795,E02854,shared_director,0.39,20
E00184,E02912,supplier,0.12,22
E02655,E00448,parent_company,0.94,48
E01000,E02114,parent_company,0.6,22
E02294,E01747,shared_director,0.31,26
E02580,E00756,parent_company,0.68,28
E01621,E00120,parent_company,0.5,28
E01593,E00019,parent_company,0.29,49
E02883,E00257,supplier,0.82,35
E00766,E01499,co-investor,0.28,8
E01075,E02748,shared_director,0.57,41
E01284,E02446,shared_director,0.65,38
E00468,E01426,co-investor,0.86,40
E00707,E02760,co-investor,0.93,38
E00348,E02753,parent_company,0.38,16
E01251,E00480,parent_company,0.44,10
E02093,E01592,shared_director,0.64,37
E01572,E01733,parent_company,0.54,35
E02841,E02643,parent_company,0.6,32
E01184,E00575,parent_company,0.38,29
E02538,E00220,co-investor,0.96,32
E00560,E00800,shared_director,0.97,33
E02675,E02028,shared_director,0.72,27
E02909,E01819,shared_director,0.25,37
E00127,E00904,co-investor,0.13,15
E02203,E01183,parent_company,0.8,37
E02029,E02252,supplier,0.62,18
E02225,E01503,supplier,0.78,29
E02238,E00896,shared_director,0.19,42
E01014,E01220,supplier,0.5,23
E00357,E01799,supplier,0.8,16
E00860,E02409,co-investor,0.87,40
E02592,E01754,parent_company,0.65,14
E00848,E00244,co-investor,0.58,39
E02207,E00690,co-investor,0.98,19
E01186,E02346,co-investor,0.96,33
E02783,E00391,parent_company,0.97,27
E00243,E01136,parent_company,0.73,9
E01023,E00600,co-investor,0.85,49
E02770,E01609,shared_director,0.23,41
E01101,E02572,shared_director,0.44,5
E02596,E00382,shared_director,0.56,18
E02846,E01512,shared_director,0.96,21
E02384,E00011,supplier,0.76,30
E02601,E02721,co-investor,0.87,35
E01630,E00893,shared_director,0.84,32
E01100,E01323,co-investor,0.4,37
E00535,E02319,shared_director,0.81,44
E00199,E00189,supplier,0.66,30
E00067,E00509,parent_company,0.5,1
E01753,E00829,parent_company,0.89,20
E00652,E01123,supplier,0.69,17
E00338,E01524,parent_company,0.15,41
E01252,E02865,parent_company,0.49,6
E02883,E00390,supplier,0.29,5
E00544,E02432,parent_company,0.57,29
E00039,E00034,co-investor,0.84,28
E02843,E00542,shared_director,0.16,25
E00366,E00420,supplier,0.38,20
E00562,E01568,parent_company,0.68,44
E00586,E00281,supplier,0.65,11
E01803,E01439,parent_company,0.67,10
E01687,E02524,shared_director,0.87,6
E00412,E00574,supplier,0.63,25
E01440,E01759,co-investor,0.81,16
E01135,E02641,supplier,0.32,39
E02458,E02489,co-investor,0.8,45
E00110,E02697,co-investor,0.28,39
E02088,E00773,shared_director,0.37,4
E00981,E02028,shared_director,0.2,32
E02614,E02433,supplier,0.58,1
E01480,E01297,parent_company,0.45,37
E01724,E01497,parent_company,0.79,50
E00299,E00069,supplier,0.11,14
E00164,E00248,shared_director,0.56,41
E02919,E02053,shared_director,0.48,26
E00338,E02624,parent_company,0.35,20
E00324,E02095,parent_company,0.98,10
E02198,E01339,shared_director,0.63,49
E02662,E02790,supplier,0.38,28
E00978,E00238,parent_company,0.18,28
E00476,E01858,supplier,0.38,48
E02696,E00720,supplier,0.11,9
E02874,E00047,parent_company,0.55,23
E02143,E02119,co-investor,0.25,9
E01101,E00484,supplier,0.4,28
E01115,E02146,supplier,0.34,37
E02571,E00316,shared_director,0.51,24
E00228,E02047,parent_company,0.43,17
E00422,E02351,supplier,0.31,33
E00011,E00181,supplier,0.32,31
E01491,E01569,parent_company,0.26,3
E02265,E02925,shared_director,0.3,16
E01705,E01311,co-investor,0.84,37
E01528,E00490,supplier,0.26,34
E00189,E01643,supplier,0.89,19
E01273,E01341,supplier,0.6,1
E01512,E00822,co-investor,0.61,20
E02551,E00994,shared_director,0.43,32
E00801,E02239,parent_company,0.24,27
E00098,E00955,co-investor,0.67,45
E00040,E01373,supplier,0.78,25
E01260,E00426,parent_company,0.58,16
E01720,E02016,supplier,0.98,10
E02915,E01147,supplier,0.14,15
E02129,E01692,co-investor,0.51,48
E00348,E02379,supplier,0.55,41
E01616,E00307,supplier,0.49,9
E00970,E01195,co-investor,0.87,26
E02871,E01337,co-investor,0.51,15
E00306,E00831,parent_company,0.8,38
E00447,E00637,supplier,0.25,30
E01287,E01666,supplier,0.58,50
E00851,E01852,co-investor,0.52,8
E00371,E00646,co-investor,0.84,45
E02472,E00166,parent_company,0.85,21
E00608,E00374,parent_company,0.97,26
E02104,E00201,co-investor,0.33,12
E00128,E01657,shared_director,0.6,36
E01024,E00388,shared_director,0.19,9
E00498,E00049,supplier,0.85,15
E00536,E00812,shared_director,0.44,41
E02641,E00345,co-investor,0.93,5
E00090,E00265,parent_company,0.91,29
E00528,E00377,co-investor,0.21,30
E00208,E00689,shared_director,0.84,26
E02033,E00121,shared_director,0.71,12
E01450,E00880,parent_company,0.35,29
E00609,E00142,parent_company,0.68,32
E01688,E02256,shared_director,0.15,18
E01569,E00563,shared_director,0.28,34
E01021,E02584,supplier,0.99,46
E01471,E01965,shared_director,0.41,37
E02058,E01318,shared_director,0.34,2
E01307,E02446,parent_company,0.13,50
E01151,E00240,shared_director,0.58,50
E02393,E00954,parent_company,0.19,43
E00988,E01092,supplier,0.79,15
E02359,E01591,co-investor,0.94,12
E00722,E00969,co-investor,0.83,45
E01470,E02424,supplier,0.73,23
E02326,E02309,parent_company,0.61,13
E02017,E02221,co-investor,0.26,3
E00370,E00231,parent_company,0.64,2
E02157,E01958,supplier,0.4,40
E00826,E00535,co-investor,0.75,21
E00244,E00090,parent_company,0.63,10
E00455,E02156,co-investor,0.96,24
E02886,E02713,shared_director,0.63,22
E01237,E01322,parent_company,0.98,47
E01790,E02619,shared_director,0.68,12
E02897,E02302,co-investor,0.3,38
E00719,E01550,co-investor,0.76,19
E00522,E00728,supplier,0.95,37
E01604,E02325,supplier,0.26,21
E02505,E00905,supplier,0.94,10
E01357,E00319,parent_company,0.41,21
E00688,E02606,supplier,0.84,43
E02618,E01376,shared_director,0.11,14
E01023,E02840,supplier,0.42,7
E00006,E00198,shared_director,0.49,27
E00682,E01696,shared_director,0.89,23
E02237,E01538,supplier,0.85,37
E02667,E02815,parent_company,0.25,5
E00137,E01208,supplier,0.39,7
E00304,E01401,parent_company,0.9,11
E00308,E02241,supplier,0.4,40
E01978,E02886,supplier,0.49,42
E00676,E02488,shared_director,0.24,7
E01357,E00842,parent_company,0.47,36
E02213,E01087,co-investor,0.37,7
E00204,E01610,shared_director,0.24,24
E00016,E01752,supplier,0.37,43
E02561,E02459,shared_director,0.28,2
E00848,E00700,co-investor,0.98,31
E00474,E01264,shared_director,0.52,43
E01086,E00374,shared_director,0.27,25
E01514,E00765,shared_director,0.14,29
E01905,E01079,parent_company,0.85,37
E00253,E00620,supplier,0.18,23
E02218,E01696,parent_company,0.6,25
E02141,E01715,shared_director,0.62,16
E01951,E01225,supplier,0.46,46
E00143,E02057,parent_company,0.21,49
E01840,E00709,parent_company,0.97,13
E00517,E00175,shared_director,0.17,44
E01784,E00828,parent_company,0.85,17
E01310,E00275,supplier,0.45,26
E02262,E01336,co-investor,0.57,1
E02869,E02553,shared_director,0.2,10
E00608,E02321,supplier,0.93,37
E00414,E01172,co-investor,0.89,17
E01569,E02683,shared_director,0.61,31
E00154,E00706,co-investor,0.46,40
E02494,E02789,shared_director,0.13,22
E02829,E00974,supplier,0.77,18
E01526,E00083,co-investor,0.84,20
E01274,E01149,shared_director,0.87,44
E00403,E00934,parent_company,0.37,48
E01815,E01315,co-investor,0.76,39
E02645,E00366,parent_company,0.5,27
E01985,E02116,co-investor,0.84,33
E00652,E00269,co-investor,0.74,26
E00556,E02148,supplier,0.26,13
E00237,E01022,supplier,0.51,24
E02887,E00816,co-investor,0.43,30
E02069,E01626,supplier,0.71,16
E01526,E02003,shared_director,0.26,31
E02404,E02259,co-investor,0.41,17
E02822,E00371,co-investor,0.12,4
E00668,E02344,parent_company,0.87,42
E00923,E02776,parent_company,0.34,27
E02103,E00083,supplier,0.53,9
E02652,E00710,supplier,0.3,39
E01252,E02920,co-investor,0.48,25
E01429,E01881,co-investor,0.3,20
E02774,E02133,shared_director,0.63,1
E02096,E02714,co-investor,0.61,39
E02495,E01158,co-investor,0.72,31
E00262,E01378,co-investor,0.68,18
E01070,E02688,co-investor,0.27,34
E00985,E00233,shared_director,0.69,44
E00574,E00105,shared_director,1.0,17
E01715,E01658,shared_director,0.76,38
E02901,E02344,parent_company,0.41,46
E00911,E02812,shared_director,0.92,43
E01469,E02078,co-investor,0.86,43
E02287,E00742,co-investor,0.19,9
E01060,E02290,parent_company,0.95,22
E02681,E00366,parent_company,0.42,48
E01258,E01723,co-investor,0.43,38
E01205,E01900,supplier,0.52,41
E02391,E02377,supplier,0.52,13
E02050,E00491,shared_director,0.58,27
E00222,E00618,parent_company,0.99,22
E01677,E02333,shared_director,0.23,46
E00739,E00332,shared_director,0.4,12
E01284,E02599,supplier,0.1,18
E00858,E00691,parent_company,0.54,49
E00361,E00531,shared_director,0.67,26
E01758,E01956,shared_director,0.1,35
E00817,E01529,supplier,0.9,49
E02176,E00781,supplier,0.71,41
E01020,E00927,co-investor,0.38,7
E01572,E02062,co-investor,0.25,3
E01222,E01192,shared_director,0.76,39
E02147,E01384,shared_director,0.9,9
E01404,E02008,co-investor,0.78,11
E01653,E00079,parent_company,0.3,9
E00866,E00090,parent_company,0.21,46
E02665,E00154,shared_director,0.89,17
E02191,E02553,supplier,0.63,4
E02712,E00443,supplier,0.14,8
E01708,E01820,shared_director,0.21,17
E01944,E02875,parent_company,0.28,44
E02582,E00039,co-investor,0.48,7
E02714,E02132,co-investor,0.66,45
E00562,E01716,supplier,0.56,40
E00483,E01158,supplier,0.81,32
E00814,E02495,parent_company,0.8,34
E00827,E01467,shared_director,0.37,3
E02246,E02034,parent_company,0.72,31
E01355,E00961,supplier,0.11,6
E00453,E02352,shared_director,0.23,6
E02096,E00308,supplier,0.91,42
E00947,E01871,co-investor,0.34,4
E00409,E00716,supplier,0.87,24
E02773,E01281,shared_director,0.76,7
E00188,E00040,parent_company,0.7,11
E01347,E01465,shared_director,0.96,18
E00381,E01527,co-investor,0.26,26
E01640,E01870,co-investor,0.85,45
E01959,E01728,parent_company,0.2,45
E00241,E00653,supplier,0.47,38
E01978,E02331,shared_director,0.26,25
E01469,E02505,supplier,0.88,47
E00536,E01979,shared_director,0.2,27
E01806,E00189,supplier,0.34,21
E00051,E02886,parent_company,0.98,43
E01386,E02127,supplier,0.49,47
E01019,E01974,co-investor,0.7,42
E01577,E00609,supplier,0.11,11
E02071,E01923,shared_director,0.88,5
E02014,E01314,parent_company,0.4,18
E00207,E02077,parent_company,0.6,25
E01652,E00963,supplier,0.51,37
E01836,E00361,shared_director,0.5,8
E02038,E02677,supplier,0.19,27
E00147,E02283,supplier,0.84,39
E02536,E02612,co-investor,0.9,36
E00848,E02682,shared_director,0.96,24
E00223,E00914,shared_director,0.4,50
E02539,E02458,shared_director,0.74,24
E02933,E01854,supplier,0.19,43
E00909,E00009,co-investor,0.42,41
E01196,E02244,co-investor,0.73,3
E00673,E02017,parent_company,0.84,48
E01677,E00439,co-investor,0.65,13
E00495,E01610,parent_company,0.51,13
E01385,E00442,shared_director,0.14,41
E02754,E02412,supplier,0.79,29
E01874,E02698,parent_company,0.97,1
E02173,E00199,shared_director,0.85,31
E02083,E00726,parent_company,0.76,9
E00425,E01587,co-investor,0.55,25
E01715,E02495,parent_company,0.35,22
E01205,E01855,parent_company,0.22,39
E02868,E02099,co-investor,0.86,36
E01286,E02916,parent_company,0.28,40
E02927,E01191,co-investor,0.93,9
E02910,E02663,parent_company,0.55,45
E02609,E01321,supplier,0.78,36
E01968,E02388,shared_director,0.71,35
E01172,E01731,supplier,0.57,2
E01561,E00596,supplier,0.7,13
E01094,E00660,co-investor,0.72,10
E00255,E02829,co-investor,0.28,35
E00133,E01470,shared_director,0.19,44
E02302,E00919,shared_director,0.31,45
E01179,E02839,supplier,0.93,25
E01707,E02807,co-investor,0.97,4
E00054,E01030,parent_company,0.66,50
E01815,E00924,co-investor,0.78,35
E02472,E00805,parent_company,0.36,12
E02797,E00306,parent_company,0.97,48
E02105,E00489,shared_director,0.14,18
E02280,E01083,parent_company,0.24,17
E00024,E01354,shared_director,0.74,10
E00164,E00630,co-investor,0.64,50
E02562,E02522,co-investor,0.54,37
E02254,E01467,supplier,0.81,21
E02153,E00901,parent_company,0.57,33
E00653,E01704,shared_director,0.18,15
E00874,E02718,co-investor,0.4,19
E00895,E02533,shared_director,1.0,49
E02660,E00037,supplier,0.7,29
E00985,E02631,parent_company,0.96,44
E01315,E01563,supplier,0.45,35
E01159,E00102,co-investor,0.56,33
E01826,E01994,supplier,0.37,42
E00789,E01313,supplier,0.95,11
E02204,E02185,supplier,0.66,14
E02746,E02579,parent_company,0.88,28
E00426,E00843,shared_director,0.68,5
E02811,E00630,supplier,0.51,22
E00156,E00359,supplier,0.15,17
E02286,E00289,parent_company,0.92,27
E01590,E01848,shared_director,0.49,2
E01596,E02758,supplier,0.58,42
E02533,E00260,supplier,0.73,5
E01466,E02060,supplier,0.36,44
E01235,E02485,supplier,0.35,29
E01563,E01619,supplier,0.53,35
E00901,E00559,shared_director,0.82,35
E01209,E02598,parent_company,0.37,47
E02654,E01529,supplier,0.6,36
E00580,E00505,supplier,0.1,39
E01615,E02201,supplier,0.37,48
E01409,E00868,shared_director,0.92,33
E00584,E00660,parent_company,0.3,17
E00796,E00470,parent_company,0.7,37
E00223,E02249,shared_director,0.68,5
E01191,E02752,supplier,0.33,13
E02379,E01996,co-investor,0.42,43
E02685,E00961,supplier,0.36,5
E00793,E01302,shared_director,0.51,40
E02701,E01253,parent_company,0.61,24
E01296,E01755,parent_company,0.1,16
E00908,E02918,shared_director,0.35,24
E00551,E02784,co-investor,0.89,30
E01825,E01470,co-investor,0.54,7
E00720,E02645,supplier,0.86,9
E02207,E00805,co-investor,0.76,41
E00314,E00309,supplier,0.86,41
E00128,E02384,shared_director,0.79,14
E00151,E02260,co-investor,0.59,35
E01934,E02679,parent_company,0.43,15
E02416,E01192,parent_company,0.52,33
E00371,E01626,co-investor,0.55,43
E00979,E02516,parent_company,0.78,9
E01828,E00653,parent_company,0.61,37
E02701,E00599,shared_director,0.95,3
E00897,E01998,parent_company,0.16,24
E00959,E00176,parent_company,0.57,24
E01590,E01924,shared_director,0.89,3
E02657,E01328,supplier,0.73,34
E02596,E01121,co-investor,0.62,37
E00713,E01543,shared_director,0.43,42
E00319,E02117,co-investor,0.44,15
E02116,E01663,co-investor,0.84,23
E01995,E01975,supplier,0.55,9
E01802,E00679,parent_company,0.17,42
E01151,E00867,parent_company,0.27,24
E02466,E00485,parent_company,0.47,22
E00465,E01973,shared_director,0.53,38
E00661,E02652,shared_director,0.12,3
E00524,E02350,parent_company,0.22,33
E00161,E02345,parent_company,0.15,17
E00738,E02117,shared_director,0.64,37
E02612,E00077,co-investor,0.95,14
E01840,E02485,shared_director,0.88,11
E00899,E01683,parent_company,0.82,50
E00745,E02553,co-investor,0.25,44
E01404,E01858,supplier,0.31,25
E00542,E00445,supplier,0.28,33
E02804,E01720,parent_company,0.64,12
E01950,E02519,supplier,0.89,35
E02062,E00482,supplier,0.53,9
E02472,E02209,supplier,0.91,50
E02780,E02660,shared_director,0.57,24
E00178,E02858,shared_director,0.31,31
E01562,E01436,supplier,0.48,17
E01955,E00953,supplier,0.35,35
E01674,E01056,parent_company,0.1,48
E00030,E02368,supplier,0.57,25
E02682,E00842,co-investor,0.47,7
E00634,E01746,co-investor,0.34,35
E01735,E02313,co-investor,0.65,44
E01628,E00835,shared_director,0.6,36
E01977,E00733,co-investor,0.6,31
E01040,E01257,co-investor,0.8,26
E00566,E02701,supplier,0.77,29
E02865,E00663,supplier,0.29,26
E01387,E02256,supplier,0.24,41
E00022,E00374,parent_company,0.52,39
E01784,E00362,supplier,0.34,24
E00328,E02495,supplier,0.75,26
E02515,E02688,co-investor,0.74,39
E00236,E00718,shared_director,0.5,13
E02691,E02123,co-investor,0.28,39
E02092,E02113,parent_company,0.65,44
E00148,E01474,parent_company,0.69,11
E00356,E01131,shared_director,0.42,26
E01661,E02401,parent_company,0.57,48
E02883,E00282,supplier,0.59,47
E02291,E02388,co-investor,0.41,18
E00927,E02484,parent_company,0.51,26
E02355,E00020,co-investor,0.26,33
E00437,E02289,supplier,0.55,22
E00480,E02103,co-investor,0.89,37
E01025,E02844,shared_director,0.97,37
E01981,E00997,co-investor,0.97,30
E02792,E01888,supplier,0.53,17
E00277,E01568,parent_company,0.71,15
E01294,E01690,co-investor,0.56,1
E02871,E01079,parent_company,0.36,26
E02760,E01401,supplier,0.6,12
E01952,E01286,co-investor,0.3,37
E01103,E00749,parent_company,0.55,13
E00962,E00992,co-investor,0.29,13
E01023,E02534,co-investor,0.24,7
E00492,E00322,shared_director,0.65,49
E02218,E00174,shared_director,0.43,21
E02017,E02354,co-investor,0.54,49
E02094,E01148,shared_director,0.3,37
E00526,E00222,shared_director,0.53,35
E00134,E02059,co-investor,0.45,44
E00716,E01873,supplier,0.73,30
E01293,E02824,supplier,0.11,14
E01555,E02380,supplier,0.39,40
E01064,E00767,co-investor,0.31,31
E02512,E01406,co-investor,0.27,28
E00863,E01717,co-investor,0.43,26
E01146,E01847,parent_company,0.61,37
E02810,E00937,supplier,0.75,16
E02275,E01771,shared_director,0.28,48
E00613,E01938,supplier,0.26,32
E00551,E02584,co-investor,0.81,20
E01028,E02303,supplier,0.46,45
E00670,E00246,parent_company,0.83,31
E02580,E00395,shared_director,0.77,17
E01479,E01476,co-investor,0.41,27
E00497,E01439,parent_company,0.62,42
E02659,E02206,parent_company,0.98,19
E01455,E01332,shared_director,0.8,29
E00322,E01561,co-investor,0.52,10
E00687,E02624,co-investor,0.48,40
E02342,E01658,supplier,0.17,22
E00935,E01285,co-investor,0.69,46
E01096,E02480,shared_director,0.34,29
E01488,E02405,shared_director,0.47,12
E00095,E00513,parent_company,0.7,48
E02871,E00328,parent_company,0.25,7
E00392,E00262,shared_director,0.59,2
E01627,E02147,supplier,0.19,40
E00637,E00346,shared_director,0.38,16
E01164,E01816,parent_company,0.22,11
E00118,E00144,co-investor,0.87,21
E01951,E01914,co-investor,0.59,9
E02858,E02209,parent_company,0.63,30
E02585,E02605,shared_director,0.57,41
E02187,E01269,co-investor,0.53,15
E00367,E01810,co-investor,0.43,17
E00638,E01244,supplier,0.1,49
E00559,E01409,co-investor,0.52,1
E02818,E02015,shared_director,0.37,50
E01764,E01200,parent_company,0.82,36
E01531,E00773,shared_director,0.89,28
E01617,E01024,parent_company,0.74,42
E01597,E01550,parent_company,0.34,28
E02562,E00982,co-investor,0.36,48
E02179,E01102,shared_director,0.27,5
E00748,E00560,co-investor,0.2,30
E02531,E01855,co-investor,0.73,32
E00770,E01314,supplier,0.24,35
E00091,E00762,supplier,0.35,9
E02930,E01796,supplier,0.31,10
E00061,E02022,parent_company,0.41,20
E02042,E01522,shared_director,0.73,3
E01353,E00329,parent_company,0.15,50
E01608,E00293,shared_director,0.26,17
E01563,E00052,supplier,0.98,46
E01020,E01577,shared_director,0.32,3
E00816,E01888,supplier,0.57,14
E01937,E01594,co-investor,0.94,11
E02578,E00173,supplier,0.33,41
E01224,E00814,co-investor,0.9,43
E00893,E00463,parent_company,0.67,21
E00062,E00686,co-investor,0.63,26
E00996,E00037,supplier,0.62,45
E01947,E02820,parent_company,0.43,6
E01019,E00646,shared_director,0.18,40
E01387,E02561,supplier,0.15,42
E00631,E02873,supplier,0.21,15
E01298,E02288,co-investor,0.82,29
E00791,E00088,shared_director,0.42,9
E01027,E00162,shared_director,0.74,36
E01208,E02224,shared_director,0.27,12
E02227,E01425,co-investor,0.76,18
E02453,E02272,parent_company,0.16,10
E01841,E01212,co-investor,0.59,30
E00003,E02614,shared_director,0.76,2
E02539,E01492,parent_company,0.39,5
E02697,E02208,shared_director,0.27,44
E02038,E02259,parent_company,0.65,21
E01679,E02626,co-investor,0.2,34
E02699,E00274,supplier,0.85,9
E00732,E00129,parent_company,0.2,13
E00405,E00131,shared_director,0.69,34
E02556,E02873,co-investor,0.14,15
E02482,E00291,supplier,0.94,14
E02686,E02013,supplier,0.52,41
E00249,E01479,shared_director,0.84,46
E00239,E02527,co-investor,0.58,47
E00289,E01245,supplier,0.95,34
E00398,E00415,parent_company,0.58,13
E00792,E02156,parent_company,0.61,12
E02288,E02287,shared_director,0.77,50
E02616,E02362,co-investor,0.71,45
E02725,E01750,supplier,0.25,12
E02253,E01645,co-investor,0.69,35
E02458,E01815,co-investor,0.91,36
E01330,E01523,shared_director,0.79,28
E01325,E02493,parent_company,0.61,14
E01537,E02254,co-investor,0.42,29
E01833,E01627,supplier,0.75,19
E02441,E00067,parent_company,0.99,20
E00027,E01231,parent_company,0.29,21
E00089,E02826,co-investor,0.93,33
E02279,E02338,parent_company,0.18,30
E01457,E00640,parent_company,0.34,38
E01024,E00955,co-investor,0.83,6
E02337,E01638,parent_company,0.76,47
E01330,E01977,parent_company,0.54,45
E02879,E02361,supplier,0.64,20
E00154,E02361,shared_director,0.17,4
E01370,E01426,shared_director,0.47,8
E00929,E02674,supplier,0.67,41
E01567,E00222,co-investor,0.57,21
E02212,E02314,parent_company,0.39,45
E00905,E00628,supplier,0.71,26
E01826,E02438,supplier,0.3,19
E01616,E00607,parent_company,0.4,31
E02341,E00202,shared_director,0.34,26
E02056,E01780,parent_company,0.79,31
E02291,E00812,shared_director,0.46,37
E00804,E02299,parent_company,0.32,18
E01762,E01325,supplier,0.2,27
E01735,E01497,co-investor,0.27,23
E02433,E02685,supplier,0.79,11
E01433,E02525,shared_director,0.66,29
E00184,E00957,parent_company,0.72,10
E00352,E00461,supplier,0.32,40
E00605,E01179,supplier,0.41,8
E01250,E01844,shared_director,0.12,14
E02204,E00868,parent_company,0.59,49
E01060,E02248,shared_director,0.66,10
E02848,E02863,supplier,0.44,43
E02158,E00179,co-investor,0.25,19
E00823,E02853,co-investor,0.15,42
E00035,E00273,shared_director,0.69,43
E02704,E01476,supplier,0.12,42
E01584,E00947,shared_director,0.56,46
E00408,E01293,shared_director,0.88,35
E00361,E00764,parent_company,0.55,30
E02297,E02919,supplier,0.14,34
E01249,E01367,shared_director,0.45,11
E00076,E01421,co-investor,0.42,20
E00968,E02054,co-investor,0.83,41
E01056,E01586,supplier,0.95,18
E00924,E00622,co-investor,0.91,43
E00563,E00360,shared_director,0.57,44
E02509,E02563,parent_company,0.48,37
E00626,E01747,co-investor,0.92,22
E01840,E02221,parent_company,0.29,9
E02380,E02218,parent_company,0.88,20
E02821,E02889,parent_company,0.49,50
E00595,E02688,parent_company,0.39,36
E02184,E00485,parent_company,0.39,10
E00121,E01306,shared_director,0.97,20
E01815,E02609,co-investor,0.24,13
E00438,E00539,parent_company,0.12,40
E02528,E01094,parent_company,0.64,15
E02816,E00107,co-investor,0.17,50
E01953,E00550,shared_director,0.74,24
E00754,E01588,shared_director,0.53,11
E00792,E00927,supplier,0.47,1
E01106,E01692,parent_company,0.77,13
E00838,E00271,parent_company,0.93,29
E02528,E02007,co-investor,0.88,16
E01752,E01659,supplier,0.65,25
E01282,E01615,supplier,0.57,29
E01872,E00174,parent_company,0.57,26
E00161,E02285,shared_director,0.56,41
E00202,E00778,co-investor,0.5,20
E01172,E01890,parent_company,0.48,40
E00224,E02827,parent_company,0.52,42
E01851,E00371,supplier,0.26,38
E02852,E02239,parent_company,0.45,21
E01847,E00103,parent_company,0.51,46
E00828,E01863,supplier,0.33,45
E02657,E02915,parent_company,0.75,8
E00374,E00468,shared_director,0.67,6
E02146,E02898,shared_director,0.75,33
E02508,E00655,shared_director,0.6,3
E00700,E01373,parent_company,0.25,10
E00733,E02917,supplier,0.48,20
E01828,E01183,parent_company,0.21,9
E00831,E00015,co-investor,0.11,32
E02043,E02227,supplier,0.65,32
E00975,E00889,shared_director,0.51,29
E00326,E02463,supplier,0.32,36
E01140,E02539,parent_company,0.14,10
E00226,E02676,co-investor,0.13,3
E02733,E02368,co-investor,0.4,6
E00201,E00447,shared_director,0.99,11
E02753,E01165,parent_company,0.97,48
E02372,E01476,supplier,0.18,20
E01323,E01510,shared_director,0.84,49
E01751,E02255,supplier,0.36,9
E00500,E02846,co-investor,0.4,27
E02149,E00860,parent_company,0.65,7
E02341,E02577,supplier,0.54,45
E02478,E02896,co-investor,0.48,21
E01064,E02153,co-investor,0.93,40
E02305,E02034,shared_director,0.54,12
E02497,E00954,co-investor,0.98,1
E00485,E00099,shared_director,0.66,8
E00850,E02521,shared_director,0.47,22
E01433,E02296,parent_company,0.11,13
E02827,E01154,co-investor,0.81,20
E01230,E02076,co-investor,0.79,8
E02810,E01366,co-investor,0.46,37
E02524,E00120,parent_company,0.27,22
E02755,E01963,shared_director,0.82,42
E00557,E01973,parent_company,0.66,35
E01373,E01895,shared_director,0.94,4
E02135,E01227,co-investor,0.6,2
E00854,E02366,co-investor,0.82,23
E00272,E00612,co-investor,0.86,22
E01537,E02567,parent_company,0.61,25
E00768,E02438,supplier,0.88,49
E01263,E02889,co-investor,0.74,18
E01696,E00356,shared_director,0.89,24
E01852,E01240,parent_company,0.57,12
E00460,E01533,supplier,0.8,6
E01818,E02073,supplier,0.82,33
E00632,E00780,co-investor,0.93,47
E02145,E01272,co-investor,0.23,7
E02115,E02772,parent_company,0.28,3
E01882,E01588,supplier,0.1,3
E02815,E02435,supplier,0.4,3
E00423,E02133,co-investor,0.12,49
E01279,E02617,parent_company,0.39,13
E01174,E01134,co-investor,0.8,43
E00482,E01117,parent_company,0.24,8
E00063,E02552,supplier,0.29,23
E02251,E01305,co-investor,0.23,46
E01161,E02352,parent_company,0.25,20
E02512,E01388,shared_director,0.15,2
E01929,E02767,supplier,0.2,4
E00353,E01747,shared_director,0.26,39
E02428,E02579,shared_director,0.65,20
E01362,E00812,supplier,0.98,49
E01908,E02326,parent_company,0.18,45
E01919,E00399,shared_director,0.38,42
E02910,E01907,shared_director,0.31,15
E00589,E02527,co-investor,0.92,26
E00752,E02866,co-investor,0.81,21
E01857,E01997,supplier,0.16,8
E01440,E01961,shared_director,0.86,19
E01428,E02476,parent_company,0.56,26
E02926,E00439,co-investor,0.6,5
E01238,E02183,shared_director,0.46,27
E00978,E02544,parent_company,0.59,31
E01573,E00271,co-investor,0.29,45
E02421,E01766,shared_director,0.61,22
E02231,E02844,parent_company,0.26,43
E00320,E02916,shared_director,0.2,39
E01897,E01333,supplier,0.84,12
E01262,E01663,supplier,0.64,44
E02443,E01553,co-investor,0.54,43
E00252,E00371,parent_company,0.84,38
E02606,E00001,parent_company,0.69,29
E02177,E01194,shared_director,0.65,29
E00802,E00843,co-investor,0.37,44
E01248,E01781,co-investor,0.99,38
E00034,E02505,shared_director,0.86,19
E00256,E01513,supplier,0.1,36
E01472,E00450,co-investor,0.88,16
E01769,E02877,shared_director,0.66,46
E01568,E01664,shared_director,0.49,14
E02714,E00711,shared_director,0.23,36
E01576,E01476,shared_director,0.24,43
E00515,E00551,supplier,0.16,2
E00590,E01994,shared_director,0.98,9
E00347,E00563,shared_director,0.87,45
E02476,E01744,parent_company,0.51,28
E02262,E01844,shared_director,0.42,12
E01740,E02477,supplier,0.62,47
E00970,E02917,co-investor,0.47,35
E02361,E01504,supplier,0.98,37
E01980,E02888,co-investor,0.2,31
E02829,E00328,parent_company,0.76,34
E01145,E01905,supplier,0.57,40
E00363,E01005,shared_director,0.67,43
E02740,E00320,co-investor,0.65,22
E02192,E00045,shared_director,0.51,31
E02351,E01358,shared_director,0.42,19
E01185,E00687,supplier,0.73,39
E01246,E02309,co-investor,0.16,31
E02369,E00693,supplier,0.69,19
E02558,E00112,co-investor,0.54,9
E02071,E00315,co-investor,0.33,40
E01151,E01128,co-investor,0.11,8
E02474,E00716,parent_company,0.69,24
E00719,E01071,parent_company,0.54,34
E00136,E01405,supplier,0.97,39
E00632,E02032,shared_director,0.79,16
E02707,E01803,parent_company,0.29,47
E01414,E00223,co-investor,0.78,8
E00216,E00687,shared_director,0.46,20
E01951,E02182,parent_company,0.44,46
E01598,E01944,co-investor,0.23,28
E00049,E01183,shared_director,0.44,21
E02172,E02798,supplier,0.19,35
E02611,E01450,shared_director,0.65,42
E01117,E01373,co-investor,0.34,7
E01046,E02681,shared_director,0.51,44
E00991,E02753,parent_company,0.57,44
E02828,E00737,co-investor,0.59,44
E00035,E00279,supplier,0.47,34
E00426,E02808,shared_director,0.42,47
E01161,E01032,parent_company,0.13,40
E00377,E00233,parent_company,0.96,41
E00499,E02901,supplier,0.18,39
E00533,E01540,parent_company,0.91,45
E00755,E01038,co-investor,0.52,5
E02617,E01858,co-investor,0.79,45
E02735,E01325,co-investor,0.25,5
E01136,E00256,shared_director,0.45,4
E01058,E01085,parent_company,0.5,32
E00822,E02500,shared_director,0.26,32
E00445,E00590,shared_director,0.3,42
E00436,E01809,co-investor,0.19,5
E00289,E02341,co-investor,0.8,2
E02039,E00610,supplier,0.94,43
E01600,E01092,parent_company,0.73,26
E02354,E00016,shared_director,0.53,26
E00288,E02213,parent_company,0.1,45
E01975,E00497,co-investor,0.4,20
E01641,E00227,supplier,0.43,22
E00330,E01883,co-investor,0.68,12
E02272,E00162,shared_director,0.69,20
E02851,E01598,supplier,0.67,23
E01993,E00348,shared_director,0.76,9
E00147,E00791,supplier,0.75,38
E00977,E02004,shared_director,0.16,35
E02636,E01261,shared_director,0.58,29
E00068,E00152,co-investor,0.15,47
E00176,E01661,supplier,0.29,42
E02734,E02143,shared_director,0.95,35
E00611,E02374,parent_company,0.93,3
E00580,E02003,supplier,0.52,40
E00188,E00995,parent_company,0.11,41
E00205,E01259,supplier,0.51,11
E02421,E00262,supplier,0.2,39
E02522,E00904,supplier,0.82,28
E01382,E02779,shared_director,0.39,44
E02360,E02236,parent_company,0.39,14
E00187,E02430,parent_company,0.4,8
E01122,E00579,shared_director,0.25,24
E02267,E00676,shared_director,0.32,38
E00167,E00547,supplier,0.81,41
E02509,E01541,parent_company,0.11,32
E00331,E00027,supplier,0.26,6
E02895,E02670,co-investor,0.47,50
E01950,E02836,parent_company,0.29,41
E01110,E02143,shared_director,0.47,12
E02501,E02834,supplier,0.64,46
E02048,E02507,supplier,0.66,20
E01425,E01716,supplier,0.6,13
E00482,E02172,supplier,0.66,49
E02211,E02079,parent_company,0.52,41
E02701,E00853,co-investor,0.15,8
E00612,E02807,shared_director,0.55,11
E02745,E00177,supplier,0.68,19
E00859,E01781,co-investor,0.4,49
E01857,E00178,supplier,0.77,35
E00721,E00648,supplier,0.54,8
E00291,E00964,shared_director,0.63,21
E01717,E00815,co-investor,0.31,8
E01336,E00933,supplier,0.31,27
E00820,E01539,parent_company,0.17,38
E01985,E00223,shared_director,0.23,40
E01864,E00730,shared_director,0.44,30
E00796,E02589,co-investor,0.98,13
E01376,E00522,supplier,0.72,4
E01150,E00560,supplier,0.87,30
E01714,E00702,co-investor,0.3,19
E02473,E00643,parent_company,0.62,36
E00941,E00355,shared_director,0.87,32
E00887,E02424,shared_director,0.85,18
E00060,E01754,parent_company,0.32,28
E02374,E00911,parent_company,0.92,1
E01712,E00182,supplier,0.99,47
E02066,E00138,shared_director,0.58,31
E02854,E00402,shared_director,0.55,6
E02288,E00051,shared_director,0.95,9
E01469,E01212,parent_company,0.68,6
E00066,E01966,co-investor,0.25,30
E02337,E02391,supplier,0.98,30
E00568,E02881,shared_director,0.27,24
E02568,E01902,supplier,0.87,5
E01577,E02830,co-investor,0.58,19
E01745,E01106,parent_company,0.81,6
E02542,E01376,supplier,0.56,44
E01491,E00212,supplier,0.44,30
E02536,E00168,co-investor,0.43,42
E02289,E02888,supplier,0.6,50
E00839,E00567,co-investor,0.31,8
E02659,E01960,parent_company,0.78,49
E00924,E01313,co-investor,0.91,33
E02787,E01733,co-investor,0.15,24
E01415,E01854,shared_director,0.55,8
E01926,E02908,co-investor,0.51,24
E02758,E02840,supplier,0.27,30
E00358,E00329,shared_director,0.91,19
E00316,E00448,parent_company,0.35,45
E00607,E02033,parent_company,0.89,34
E02570,E00093,co-investor,0.47,44
E02218,E00541,shared_director,0.41,29
E02641,E00088,co-investor,0.27,2
E00952,E02129,co-investor,0.47,22
E02686,E02647,co-investor,0.54,43
E02855,E02172,shared_director,0.51,37
E00541,E01256,parent_company,0.81,15
E01984,E01524,co-investor,0.79,4
E00608,E01447,co-investor,0.51,11
E02534,E00659,co-investor,0.26,12
E02901,E02838,parent_company,0.25,8
E00169,E01297,parent_company,0.5,24
E00756,E00841,supplier,0.7,23
E00606,E01528,shared_director,0.59,11
E02186,E01236,supplier,0.93,26
E02046,E00596,shared_director,0.94,10
E00018,E02238,co-investor,0.68,19
E01942,E01188,parent_company,0.82,47
E01811,E01388,supplier,0.76,3
E00572,E02778,supplier,0.38,26
E02530,E00903,shared_director,0.42,21
E00226,E02491,parent_company,0.63,15
E01139,E00802,supplier,0.18,29
E02774,E02751,supplier,0.98,26
E00797,E02009,co-investor,0.64,33
E00230,E02732,co-investor,0.46,46
E01752,E01515,shared_director,0.44,19
E01413,E01440,co-investor,0.98,36
E00359,E00884,shared_director,0.77,27
E01813,E01183,parent_company,0.83,28
E01697,E00572,supplier,0.23,20
E01945,E02152,co-investor,0.16,38
E01540,E00363,supplier,0.47,18
E01698,E00717,shared_director,0.74,49
E00561,E00817,parent_company,0.85,19
E02269,E02010,supplier,0.84,20
E02398,E01245,shared_director,0.6,30
E00920,E00110,supplier,0.24,20
E02624,E02608,shared_director,0.21,43
E01179,E01709,parent_company,0.54,45
E02642,E01003,supplier,0.21,18
E02020,E00274,co-investor,0.62,37
E01787,E01057,shared_director,0.98,8
E01529,E02100,supplier,0.86,11
E02383,E00240,parent_company,0.39,45
E00555,E01464,parent_company,0.15,24
E01719,E02607,co-investor,0.14,19
E02170,E02618,supplier,0.56,50
E02573,E00751,supplier,0.64,11
E02228,E01322,co-investor,0.84,44
E01234,E01112,co-investor,0.19,38
E01441,E00589,supplier,0.22,19
E01528,E01987,shared_director,0.41,11
E00420,E00893,parent_company,0.55,13
E02289,E02513,supplier,0.48,5
E00478,E00538,supplier,0.53,20
E02831,E01486,parent_company,0.84,39
E02143,E01402,parent_company,0.74,2
E00486,E00911,parent_company,0.87,10
E02819,E00929,co-investor,0.21,9
E00322,E01741,supplier,0.17,50
E01984,E01767,supplier,0.28,3
E02703,E02104,supplier,0.52,17
E00178,E00272,co-investor,0.7,49
E00396,E00508,parent_company,0.63,13
E00757,E02747,co-investor,0.13,10
E01137,E02375,co-investor,0.42,33
E02511,E00991,supplier,0.19,38
E00058,E02167,parent_company,0.74,19
E00704,E02201,supplier,0.98,7
E00877,E02066,shared_director,0.43,38
E00759,E01801,supplier,0.26,23
E01555,E01738,parent_company,0.56,27
E00463,E01288,supplier,0.52,34
E00557,E02031,co-investor,0.73,36
E00167,E00337,co-investor,0.54,25
E01162,E01872,co-investor,0.72,29
E00926,E02269,shared_director,0.36,28
E00774,E00286,shared_director,0.95,24
E00735,E00053,shared_director,0.7,26
E01795,E02141,supplier,0.21,26
E01641,E02847,supplier,0.77,11
E00266,E01490,parent_company,0.4,39
E01656,E00503,parent_company,0.85,47
E02045,E01141,co-investor,0.78,42
E01640,E01459,shared_director,0.7,26
E01985,E02095,co-investor,0.23,30
E00443,E00501,co-investor,0.54,15
E02574,E00552,supplier,0.19,4
E00280,E02041,supplier,0.97,25
E02477,E02783,co-investor,0.24,40
E02553,E00395,supplier,0.69,34
E02017,E01909,parent_company,0.36,32
E02009,E02068,co-investor,0.59,35
E02239,E00073,supplier,0.99,8
E01572,E01844,co-investor,0.87,29
E01883,E00148,supplier,0.26,43
E01242,E02893,parent_company,0.54,9
E01280,E02932,shared_director,0.54,8
E02331,E02765,shared_director,0.69,44
E02210,E02344,shared_director,0.53,11
E02076,E00229,shared_director,0.34,38
E01548,E02527,co-investor,0.79,19
E01313,E00252,supplier,0.63,9
E01501,E01429,supplier,0.79,41
E01398,E01559,supplier,0.49,23
E01688,E01439,supplier,0.7,16
E00962,E02655,co-investor,0.63,45
E00269,E01249,supplier,0.4,2
E02206,E01336,supplier,0.51,28
E02327,E02109,shared_director,0.34,45
E01924,E02409,supplier,0.99,25
E02337,E01599,co-investor,0.62,32
E00410,E02830,parent_company,0.4,33
E02734,E01391,parent_company,0.65,24
E01786,E00827,shared_director,0.67,5
E02195,E00877,co-investor,0.34,20
E02350,E01647,parent_company,0.66,6
E02369,E00389,co-investor,0.35,37
E02176,E01947,shared_director,0.29,5
E02669,E01237,co-investor,0.49,35
E01284,E00820,shared_director,0.46,40
E02111,E01857,parent_company,0.89,41
E02881,E02115,parent_company,0.62,14
E02707,E01915,co-investor,0.94,35
E02517,E01777,supplier,0.57,24
E01895,E00606,parent_company,0.24,44
E01230,E01784,shared_director,0.39,5
E02597,E00834,shared_director,0.34,19
E02647,E00658,co-investor,0.72,16
E01663,E00977,supplier,0.23,2
E01006,E01272,shared_director,0.54,28
E01729,E02650,supplier,0.28,18
E00559,E00120,co-investor,0.81,18
E02698,E02256,parent_company,0.68,3
E01991,E00082,supplier,0.87,6
E01286,E02465,co-investor,0.88,27
E01489,E02752,supplier,0.46,47
E00576,E00967,supplier,0.61,33
E00495,E02138,co-investor,0.55,6
E00976,E02457,supplier,0.8,21
E01349,E02394,shared_director,0.83,48
E00967,E01733,parent_company,0.23,12
E00877,E01125,shared_director,0.47,38
E00230,E02009,co-investor,0.73,8
E01297,E02236,shared_director,0.53,16
E01138,E00594,co-investor,0.53,24
E01263,E00087,supplier,0.86,43
E00224,E02830,parent_company,0.33,25
E01267,E02618,co-investor,0.91,44
E00500,E02191,parent_company,0.87,25
E00033,E01610,co-investor,0.37,49
E00965,E01219,parent_company,0.87,11
E01798,E02587,co-investor,0.89,50
E02640,E01665,supplier,0.35,6
E02014,E01930,shared_director,0.93,22
E01731,E00412,parent_company,0.73,33
E00272,E01442,shared_director,0.64,36
E01339,E01857,supplier,0.79,42
E02628,E00753,shared_director,0.81,9
E00013,E01642,parent_company,0.67,21
E02359,E00337,supplier,0.24,34
E02923,E02660,parent_company,0.86,44
E01681,E01309,shared_director,0.53,48
E00547,E01068,parent_company,0.72,21
E01155,E00814,supplier,0.47,12
E01612,E01546,parent_company,0.12,2
E02288,E02651,parent_company,0.92,30
E00813,E01073,parent_company,0.14,40
E01757,E02460,co-investor,0.23,24
E00697,E02324,supplier,0.11,34
E01783,E01859,shared_director,0.21,46
E00833,E00781,co-investor,0.36,32
E01565,E00534,shared_director,0.87,39
E00883,E01160,parent_company,0.48,27
E00598,E00118,co-investor,0.98,16
E02531,E01848,parent_company,0.43,44
E02652,E01877,supplier,0.11,9
E01325,E02839,shared_director,0.72,46
E01571,E02902,shared_director,0.76,17
E00300,E00391,supplier,0.15,16
E01929,E01452,supplier,0.1,33
E02539,E01561,co-investor,0.98,43
E01520,E00542,supplier,0.62,17
E00696,E02064,shared_director,0.94,30
E00541,E00368,co-investor,0.74,28
E00581,E01067,supplier,0.38,9
E02045,E01151,co-investor,0.93,19
E01079,E02511,co-investor,0.57,28
E00676,E01293,shared_director,0.79,10
E02277,E02693,shared_director,0.15,10
E00224,E00942,parent_company,0.13,17
E00670,E02892,shared_director,0.49,32
E00168,E01809,co-investor,0.99,36
E01988,E01875,shared_director,0.2,47
E00607,E00507,co-investor,0.18,19
E00740,E00690,co-investor,0.61,43
E02399,E00870,supplier,0.57,37
E00740,E01706,supplier,0.32,32
E02773,E00387,co-investor,0.12,44
E02788,E00500,shared_director,0.44,7
E01326,E00630,supplier,0.17,46
E02702,E01966,shared_director,0.67,18
E02434,E02696,supplier,0.4,3
E02688,E02550,shared_director,0.39,47
E02332,E00530,parent_company,0.88,42
E01159,E01324,supplier,0.77,36
E02467,E01563,supplier,0.46,12
E00984,E01634,supplier,0.12,14
E00668,E01592,shared_director,0.36,49
E02680,E00632,supplier,0.37,28
E01271,E02806,parent_company,0.42,7
E01506,E02100,parent_company,0.54,25
E01952,E01100,shared_director,0.18,28
E01509,E02515,parent_company,0.49,28
E00381,E00166,co-investor,0.98,44
E00919,E02653,parent_company,0.94,34
E02579,E02652,supplier,0.36,28
E00325,E01957,co-investor,0.23,9
E02803,E01231,parent_company,0.57,19
E02329,E00196,supplier,0.93,33
E00441,E02092,shared_director,0.47,30
E02707,E02329,co-investor,0.42,38
E00335,E02063,supplier,0.2,43
E01896,E00736,parent_company,0.86,3
E00342,E01705,co-investor,0.38,47
E01864,E02746,shared_director,0.66,17
E01399,E00767,parent_company,0.27,48
E02475,E01063,supplier,0.49,2
E00024,E01618,supplier,0.11,42
E01955,E01885,shared_director,0.88,48
E02466,E01994,co-investor,0.66,40
E01478,E02829,shared_director,0.82,6
E00513,E00554,supplier,0.27,2
E02851,E00771,supplier,0.29,42
E00595,E02662,parent_company,0.49,41
E02207,E00782,supplier,0.37,30
E00607,E01942,shared_director,0.12,11
E00625,E02878,shared_director,0.97,31
E00081,E01842,parent_company,0.28,37
E01605,E00209,co-investor,0.11,41
E02921,E01769,shared_director,0.86,48
E02371,E02441,co-investor,0.13,26
E01992,E02103,shared_director,0.31,4
E02164,E00078,shared_director,0.62,36
E00261,E01098,shared_director,0.9,8
E02027,E02551,co-investor,0.5,28
E00086,E00661,co-investor,0.75,31
E01409,E01795,parent_company,0.56,38
E02806,E01390,shared_director,0.22,19
E02914,E01599,shared_director,0.85,44
E02673,E01476,shared_director,0.82,11
E02548,E00849,co-investor,0.72,6
E02733,E01978,parent_company,0.26,11
E02482,E02016,supplier,0.81,32
E01244,E00962,parent_company,0.6,2
E01470,E01069,co-investor,0.71,12
E02063,E00131,supplier,0.4,8
E02530,E00929,supplier,0.61,32
E01057,E01394,co-investor,0.79,50
E02282,E01096,parent_company,0.87,33
E02476,E02743,supplier,0.74,29
E01873,E00455,supplier,0.8,40
E00418,E02304,supplier,0.56,11
E02581,E00484,parent_company,0.92,11
E01197,E02901,shared_director,0.79,32
E00407,E00632,co-investor,0.4,9
E00504,E00827,shared_director,0.97,50
E00027,E01005,shared_director,0.41,33
E00702,E00350,co-investor,0.44,49
E01700,E01478,parent_company,0.24,49
E02170,E01728,parent_company,0.22,28
E01694,E01677,shared_director,0.96,34
E02795,E01482,supplier,0.5,50
E00041,E02120,supplier,0.18,21
E01646,E00674,shared_director,0.16,49
E00152,E02705,parent_company,0.91,4
E02588,E02922,co-investor,0.48,44
E02871,E02268,co-investor,0.75,21
E01410,E00033,co-investor,0.91,40
E00602,E02869,shared_director,0.5,14
E02230,E02558,shared_director,0.73,42
E01657,E00809,co-investor,0.18,35
E01371,E01598,parent_company,0.57,35
E01163,E00876,supplier,0.56,20
E02136,E01396,parent_company,0.12,35
E02427,E01060,parent_company,0.85,20
E01732,E02070,supplier,0.76,24
E01064,E02569,co-investor,0.21,49
E02667,E00511,shared_director,0.37,48
E00022,E01857,co-investor,0.98,48
E02383,E02317,parent_company,0.42,19
E02732,E02929,parent_company,0.74,34
E01015,E00432,co-investor,0.56,13
E01480,E01861,supplier,0.23,28
E01688,E00336,supplier,0.16,9
E01951,E00880,shared_director,0.17,44
E02156,E01650,shared_director,0.88,38
E02044,E02607,shared_director,1.0,45
E02006,E01708,parent_company,0.23,9
E01986,E02913,shared_director,0.22,46
E02103,E02168,supplier,0.73,30
E01939,E00134,parent_company,0.95,24
E00487,E02465,shared_director,0.2,24
E02342,E01187,supplier,0.57,8
E01522,E01249,co-investor,0.37,32
E00115,E00586,parent_company,0.81,27
E00200,E01250,co-investor,0.29,48
E02003,E00009,supplier,0.59,5
E00184,E01711,shared_director,0.62,37
E01853,E01384,shared_director,0.53,47
E02481,E00544,parent_company,0.55,30
E01843,E02733,shared_director,0.23,47
E01333,E00366,shared_director,0.45,26
E01389,E02216,supplier,0.96,29
E01137,E02646,supplier,0.88,46
E00102,E02343,co-investor,0.6,8
E02638,E02292,supplier,0.27,40
E02220,E02363,supplier,0.96,34
E00776,E01950,supplier,0.21,35
E00737,E00078,co-investor,0.81,16
E02891,E02374,shared_director,0.18,35
E02486,E01313,shared_director,0.63,32
E00096,E01393,shared_director,0.26,2
E02163,E01300,shared_director,0.33,8
E00407,E02220,parent_company,0.36,12
E01047,E00368,parent_company,0.38,27
E02780,E00694,supplier,0.65,21
E00744,E00112,supplier,0.37,7
E01311,E00584,shared_director,0.9,17
E01539,E00496,supplier,0.28,49
E02446,E02401,parent_company,0.54,49
E02067,E01578,supplier,0.34,21
E01904,E02266,shared_director,0.16,2
E01670,E02595,parent_company,0.92,2
E01103,E02270,supplier,0.32,36
E02669,E00515,co-investor,0.61,29
E00344,E02605,parent_company,0.8,10
E01530,E02214,parent_company,0.8,35
E01736,E02274,shared_director,0.14,30
E02543,E01185,parent_company,0.1,31
E01120,E02449,co-investor,0.86,25
E01440,E02590,parent_company,0.63,33
E01153,E00187,parent_company,0.77,37
E00287,E01232,supplier,0.46,8
E00573,E02280,co-investor,0.89,14
E02501,E02068,co-investor,0.9,22
E02602,E01071,shared_director,0.35,43
E01318,E01400,parent_company,0.51,39
E01346,E00066,parent_company,0.68,1
E02494,E01952,supplier,0.91,44
E00711,E01693,shared_director,0.79,35
E00333,E02659,supplier,0.58,43
E01824,E02754,supplier,0.42,25
E02463,E01467,shared_director,0.26,50
E02856,E00035,supplier,0.52,13
E01821,E00039,parent_company,0.77,49
E01152,E02788,co-investor,0.27,40
E02561,E01242,parent_company,0.31,32
E01487,E00151,co-investor,0.54,46
E02896,E02483,parent_company,0.11,41
E01623,E00455,co-investor,0.61,32
E00699,E02261,parent_company,0.69,37
E02754,E02796,parent_company,0.16,9
E00267,E00522,co-investor,0.94,15
E02143,E01124,parent_company,0.86,2
E02839,E02777,co-investor,0.71,30
E00009,E01750,supplier,0.87,21
E01772,E01667,co-investor,0.21,34
E01912,E02030,co-investor,0.57,3
E00920,E00193,co-investor,0.93,35
E01839,E01296,supplier,0.45,22
E00336,E02343,supplier,0.99,15
E02825,E01736,supplier,0.93,13
E00674,E01349,co-investor,0.16,41
E00397,E00115,shared_director,0.49,2
E02428,E02566,co-investor,0.86,16
E00442,E01940,parent_company,0.96,4
E01367,E02129,parent_company,0.95,50
E02458,E02538,shared_director,0.79,41
E01829,E02372,supplier,0.18,4
E00137,E01546,co-investor,0.9,45
E00267,E00523,supplier,0.93,29
E00225,E01235,shared_director,0.16,44
E00229,E02291,supplier,0.37,25
E01646,E00393,shared_director,0.31,39
E02703,E02556,supplier,0.51,30
E01754,E02541,supplier,0.41,44
E00107,E01860,co-investor,0.63,7
E00421,E00051,supplier,0.63,13
E02348,E00517,co-investor,0.42,31
E02544,E01822,parent_company,0.32,3
E00248,E00523,co-investor,0.63,33
E02670,E01466,co-investor,0.63,35
E00597,E00604,shared_director,0.38,22
E01193,E01511,supplier,0.57,43
E02779,E00593,supplier,0.31,36
E00224,E01729,co-investor,0.28,13
E02624,E00825,supplier,0.41,43
E01949,E02846,shared_director,0.64,22
E02370,E02319,co-investor,0.65,27
E01347,E00665,supplier,0.51,3
E02032,E00899,supplier,0.67,45
E00944,E01911,parent_company,0.32,48
E01358,E01540,parent_company,0.46,1
E01487,E00041,supplier,0.42,36
E00472,E00584,co-investor,0.5,41
E02399,E01475,supplier,0.98,13
E00811,E01164,parent_company,0.3,17
E00714,E01392,parent_company,0.26,2
E00722,E01073,supplier,0.12,44
E00563,E01553,supplier,0.4,14
E01250,E01869,parent_company,0.43,24
E02708,E00702,shared_director,0.89,5
E00486,E00592,parent_company,0.82,13
E02182,E01550,co-investor,0.39,28
E02606,E01002,supplier,0.79,38
E00775,E02194,co-investor,0.81,21
E01013,E00219,co-investor,0.89,33
E02393,E02003,parent_company,0.75,31
E02718,E02519,supplier,0.25,25
E02643,E02086,co-investor,0.55,30
E00734,E01319,co-investor,0.57,31
E02932,E02027,shared_director,0.34,26
E02614,E02392,supplier,0.29,13
E01852,E00961,shared_director,0.3,28
E01545,E02341,parent_company,0.94,24
E01043,E02256,supplier,0.22,6
E01209,E01821,co-investor,0.31,3
E01906,E02099,co-investor,0.48,30
E01772,E01676,co-investor,0.82,21
E01119,E01567,supplier,0.26,15
E01088,E02644,supplier,0.42,6
E01207,E02056,supplier,0.81,15
E00404,E00486,supplier,0.42,35
E00821,E01368,parent_company,0.71,17
E01240,E02800,co-investor,0.27,39
E00565,E02934,co-investor,0.11,20
E01155,E01420,shared_director,0.95,38
E02685,E00049,shared_director,0.69,49
E00612,E01629,parent_company,0.3,48
E00860,E01944,parent_company,0.56,36
E01920,E01890,co-investor,0.81,21
E00770,E01757,shared_director,0.29,29
E02288,E00124,co-investor,0.23,9
E01252,E00040,shared_director,0.83,23
E01392,E00924,shared_director,0.48,49
E01653,E02829,co-investor,0.39,2
E02325,E00132,parent_company,0.24,22
E02328,E02580,shared_director,0.98,14
E01601,E00261,shared_director,0.27,7
E01347,E02333,shared_director,0.68,20
E00382,E00703,supplier,0.71,12
E00132,E02823,shared_director,0.12,13
E00285,E01581,co-investor,0.29,19
E02702,E02148,supplier,0.51,24
E02124,E00046,parent_company,0.39,27
E01602,E00644,supplier,0.22,27
E01959,E00282,shared_director,0.96,14
E00533,E00843,co-investor,0.49,46
E02723,E01945,parent_company,0.64,20
E02407,E00832,shared_director,0.35,1
E00585,E01826,supplier,0.84,39
E01012,E02154,co-investor,0.92,32
E01885,E01896,supplier,0.76,19
E02648,E01870,co-investor,0.73,46
E01219,E01602,parent_company,0.47,12
E02531,E01770,shared_director,0.45,43
E00752,E02862,supplier,0.45,3
E00982,E00647,co-investor,0.89,35
E01196,E02731,supplier,0.73,47
E00890,E02022,shared_director,0.99,36
E00497,E01511,supplier,0.78,33
E01336,E01680,shared_director,0.25,14
E02073,E00183,shared_director,0.12,41
E02845,E02768,shared_director,0.44,48
E01636,E00797,shared_director,0.13,17
E00470,E02905,parent_company,0.39,48
E01902,E01986,shared_director,0.16,36
E02692,E00993,shared_director,0.23,18
E00661,E00699,supplier,0.65,12
E01205,E00509,shared_director,0.25,43
E00046,E02775,co-investor,0.24,23
E00729,E00888,supplier,0.9,35
E00886,E01811,supplier,0.85,34
E02626,E02714,supplier,0.45,20
E01819,E00215,supplier,0.14,25
E00827,E01023,co-investor,0.92,13
E00375,E00066,shared_director,0.13,1
E01381,E00788,supplier,0.3,7
E02721,E00688,parent_company,0.14,33
E00442,E01340,co-investor,0.61,13
E02559,E00849,shared_director,0.95,8
E00952,E00876,supplier,0.42,12
E00062,E01648,co-investor,0.11,14
E01880,E00902,supplier,0.69,18
E02663,E02556,co-investor,0.14,14
E01684,E01236,shared_director,0.98,7
E02919,E02197,parent_company,0.33,7
E02458,E01329,shared_director,0.71,50
E02842,E00545,co-investor,0.26,49
E02817,E01303,shared_director,0.16,2
E02493,E02397,shared_director,0.44,41
E00953,E02063,supplier,0.31,40
E00509,E01266,parent_company,0.76,49
E00998,E02539,supplier,0.15,24
E02043,E01215,parent_company,0.24,14
E02630,E00156,parent_company,0.93,39
E01818,E01347,parent_company,0.35,42
E00163,E02134,shared_director,0.68,19
E00098,E00939,co-investor,0.41,14
E02210,E00222,parent_company,0.82,45
E00912,E02491,shared_director,0.57,12
E01812,E02580,supplier,0.16,32
E00287,E00789,supplier,0.67,10
E00837,E00515,supplier,0.26,36
E00838,E00968,supplier,0.48,30
E01276,E00673,parent_company,0.32,12
E02482,E01020,co-investor,0.36,29
E02604,E00825,co-investor,0.88,31
E00328,E01473,shared_director,0.44,31
E01808,E01732,shared_director,0.78,31
E00082,E01563,shared_director,0.87,49
E01230,E02438,parent_company,0.6,12
E01054,E01559,shared_director,0.38,19
E01537,E02303,shared_director,0.16,9
E02929,E01923,parent_company,0.24,13
E00018,E00053,co-investor,0.54,27
E01617,E01529,shared_director,0.54,42
E02410,E00292,shared_director,0.9,8
E01577,E02317,parent_company,0.27,28
E01046,E01428,shared_director,0.67,24
E02853,E00237,shared_director,0.93,48
E01011,E00993,shared_director,0.13,24
E02585,E02895,supplier,0.73,42
E00606,E01071,shared_director,0.95,10
E01042,E01014,parent_company,0.11,50
E00379,E02640,shared_director,0.46,38
E00330,E02124,parent_company,0.89,11
E01749,E01036,co-investor,0.55,35
E02698,E01568,co-investor,0.76,49
E00365,E00448,co-investor,0.83,18
E00859,E01631,co-investor,0.11,11
E02015,E00007,supplier,0.16,45
E01712,E02151,shared_director,0.69,47
E01766,E00699,parent_company,0.44,46
E00551,E00812,shared_director,0.26,8
E01846,E02323,parent_company,0.27,4
E00749,E00786,co-investor,0.98,27
E01806,E02568,supplier,0.88,11
E00327,E01201,supplier,0.44,18
E00264,E01402,supplier,0.63,31
E01988,E02756,supplier,0.11,18
E00030,E02726,supplier,0.19,34
E00030,E01539,co-investor,0.94,31
E01381,E02476,shared_director,0.4,44
E01406,E01292,parent_company,0.95,43
E01633,E01551,supplier,0.98,22
E00411,E00013,shared_director,0.88,26
E00569,E00106,supplier,0.88,18
E02865,E01019,co-investor,0.51,44
E02699,E01947,shared_director,0.69,1
E02614,E01320,supplier,0.67,3
E01334,E02777,shared_director,0.31,32
E01640,E02510,supplier,0.41,31
E02697,E02866,supplier,0.76,19
E02487,E00800,parent_company,0.88,37
E02067,E00131,parent_company,0.55,6
E01235,E02757,shared_director,0.25,29
E00474,E01975,parent_company,0.32,11
E02703,E02867,supplier,0.19,46
E00120,E00657,co-investor,0.91,50
E01149,E00903,co-investor,0.7,43
E00505,E02726,parent_company,0.93,41
E02016,E00371,co-investor,0.88,37
E02461,E00265,co-investor,0.44,46
E01564,E02679,shared_director,0.83,15
E01062,E00474,co-investor,0.18,6
E01394,E02426,parent_company,0.77,8
E02347,E01507,parent_company,0.87,25
E02364,E00007,co-investor,0.16,35
E00778,E01590,shared_director,0.39,24
E02783,E00518,parent_company,0.2,1
E02205,E01887,co-investor,0.23,19
E00897,E02048,shared_director,0.23,19
E00598,E02726,supplier,0.64,20
E02058,E02821,supplier,0.35,46
E02351,E01960,parent_company,0.55,46
E01543,E00241,co-investor,0.24,46
E00863,E00922,supplier,0.93,50
E00734,E01997,shared_director,0.37,43
E00653,E00089,shared_director,0.4,44
E01940,E01427,shared_director,0.45,34
E01160,E01157,parent_company,0.73,36
E01613,E00399,parent_company,0.39,38
E00222,E02907,co-investor,0.51,11
E02365,E00564,shared_director,0.73,19
E00594,E00860,parent_company,0.82,13
E02668,E00038,co-investor,0.75,37
E00418,E02779,parent_company,0.44,28
E02784,E00690,supplier,0.19,31
E00736,E00215,supplier,0.98,42
E01387,E02431,shared_director,0.97,41
E01655,E01004,supplier,0.21,26
E02002,E01240,parent_company,0.69,25
E02834,E02748,supplier,0.8,42
E01566,E01128,shared_director,0.43,8
E00478,E00339,supplier,0.54,43
E02088,E00922,supplier,0.63,37
E01965,E01122,supplier,0.81,12
E01573,E01984,shared_director,0.37,9
E00408,E01333,supplier,0.74,35
E00758,E01661,supplier,0.45,35
E02172,E02002,supplier,0.57,38
E02208,E02924,supplier,0.78,14
E02698,E00481,parent_company,0.88,45
E00738,E00022,shared_director,0.82,8
E00161,E00528,parent_company,0.69,6
E02304,E01052,supplier,0.18,8
E02074,E01223,co-investor,0.97,11
E01733,E02696,supplier,0.32,3
E02128,E01202,shared_director,0.23,32
E02848,E01282,co-investor,0.65,33
E00860,E02818,supplier,0.7,3
E00972,E00151,parent_company,0.23,14
E00550,E02467,parent_company,0.63,18
E00527,E02549,shared_director,0.17,17
E01068,E01564,parent_company,0.46,6
E01042,E02772,shared_director,0.95,10
E02196,E00835,supplier,0.67,18
E02594,E02855,parent_company,0.74,37
E02693,E02654,parent_company,0.48,10
E01296,E01777,shared_director,0.12,39
E01014,E00318,co-investor,0.21,8
E02802,E02247,shared_director,0.16,41
E00365,E01487,co-investor,0.8,10
E00925,E01121,supplier,0.19,15
E01551,E00431,supplier,0.26,47
E01256,E02412,shared_director,0.19,23
E02870,E02344,co-investor,0.6,39
E00406,E00197,parent_company,0.39,49
E01596,E00741,co-investor,0.83,44
E02178,E02260,shared_director,0.53,9
E01062,E00039,parent_company,0.69,10
E01552,E02325,co-investor,0.15,47
E02619,E01517,parent_company,0.71,27
E02895,E01876,parent_company,0.5,23
E01920,E02058,co-investor,0.35,28
E02133,E00938,co-investor,0.67,6
E01252,E01666,co-investor,0.86,41
E00326,E00315,parent_company,0.95,11
E02357,E00236,supplier,0.77,36
E02019,E00044,shared_director,0.71,47
E00559,E01965,shared_director,0.56,44
E02181,E02859,supplier,0.46,40
E00779,E00030,shared_director,0.73,48
E01414,E01001,supplier,0.65,11
E02763,E02145,parent_company,0.26,24
E00547,E02105,co-investor,0.96,28
E02030,E01553,parent_company,0.44,8
E01385,E02782,parent_company,0.85,50
E00483,E01189,co-investor,0.53,17
E00873,E00010,shared_director,0.3,20
E02634,E02112,supplier,0.94,40
E02000,E00236,co-investor,0.11,30
E01346,E01223,co-investor,0.2,23
E00763,E01647,co-investor,0.11,28
E02016,E00810,supplier,0.58,10
E01683,E00508,shared_director,0.11,50
E02690,E01025,parent_company,0.52,24
E01226,E01493,shared_director,0.9,35
E01104,E00446,shared_director,0.69,29
E00663,E00573,co-investor,0.77,1
E01472,E02905,parent_company,0.2,19
E00165,E00548,shared_director,0.48,22
E00130,E00657,parent_company,0.95,43
E01089,E00487,shared_director,0.54,32
E02793,E02926,parent_company,0.39,49
E01638,E02056,shared_director,0.22,7
E00087,E00517,parent_company,0.41,1
E02804,E00969,supplier,0.71,22
E01760,E02446,supplier,0.49,19
E01156,E01991,supplier,0.78,16
E02530,E00625,parent_company,0.32,50
E00472,E01080,parent_company,0.7,28
E00813,E01942,supplier,0.73,33
E02504,E00743,parent_company,0.99,38
E02577,E02599,parent_company,0.31,9
E01644,E00158,co-investor,0.99,10
E01747,E00073,parent_company,0.18,4
E01558,E01669,co-investor,0.73,15
E00909,E01377,shared_director,0.53,33
E01750,E02638,supplier,0.37,18
E01490,E01150,co-investor,0.74,16
E01311,E00195,parent_company,0.14,4
E02706,E01318,parent_company,0.36,18
E02485,E00413,shared_director,0.27,32
E01490,E01370,co-investor,0.2,43
E00056,E02798,parent_company,0.4,48
E01481,E02413,co-investor,0.31,18
E00861,E02394,shared_director,0.18,7
E00535,E02579,supplier,0.14,42
E00781,E00791,shared_director,0.93,5
E02239,E02536,co-investor,0.37,31
E00828,E02186,parent_company,0.14,13
E01713,E02255,co-investor,0.9,49
E02296,E01423,co-investor,0.5,46
E00481,E01787,supplier,0.53,34
E02064,E00090,parent_company,0.64,45
E00529,E01187,supplier,0.96,4
E02842,E00780,shared_director,0.55,35
E02104,E00308,parent_company,0.49,33
E01574,E02304,shared_director,0.46,18
E00848,E00754,supplier,0.24,14
E02426,E02854,supplier,0.89,33
E01866,E02064,co-investor,0.37,15
E01214,E02902,co-investor,0.6,11
E00918,E00187,parent_company,0.36,41
E00607,E01138,parent_company,0.34,4
E02632,E01020,parent_company,0.58,1
E02657,E01424,co-investor,0.39,46
E02250,E01082,parent_company,0.47,40
E01208,E01330,supplier,0.66,1
E01457,E00899,co-investor,0.26,2
E02202,E02693,supplier,0.75,45
E01565,E02679,co-investor,0.88,41
E02476,E02257,parent_company,0.84,15
E01329,E01101,parent_company,0.62,49
E01620,E00638,shared_director,0.31,47
E01778,E01510,parent_company,0.91,6
E02032,E00744,shared_director,0.27,12
E00774,E02334,shared_director,0.95,12
E02653,E01156,supplier,0.38,12
E01615,E02816,parent_company,0.16,5
E01747,E01005,shared_director,0.92,26
E00411,E02158,parent_company,0.75,1
E02472,E00409,shared_director,0.45,8
E00056,E02640,supplier,0.22,50
E00343,E01097,parent_company,0.94,39
E00056,E00039,supplier,0.59,22
E02898,E00349,parent_company,0.23,49
E02306,E01820,parent_company,0.38,31
E00633,E00999,supplier,0.59,18
E02571,E02227,supplier,0.12,3
E00422,E02231,co-investor,0.19,27
E00581,E00005,parent_company,0.12,28
E01579,E00604,co-investor,0.69,15
E02804,E01576,supplier,0.54,8
E00920,E00417,co-investor,0.42,40
E01367,E00485,co-investor,0.93,6
E00178,E02477,parent_company,0.26,34
E01372,E02457,parent_company,0.71,10
E02734,E02815,co-investor,0.66,19
E01427,E00426,co-investor,0.92,43
E01512,E01088,supplier,0.81,10
E02687,E00601,co-investor,0.23,29
E01960,E00276,supplier,0.62,47
E01141,E00593,supplier,0.39,9
E00745,E01578,co-investor,0.39,28
E01972,E02841,shared_director,0.64,41
E01366,E00567,parent_company,0.44,36
E02037,E02207,shared_director,0.58,15
E01576,E00343,shared_director,0.57,50
E02841,E00899,supplier,0.31,1
E00833,E00071,co-investor,0.6,9
E00452,E00245,co-investor,0.42,50
E00571,E01208,shared_director,0.23,36
E01725,E00994,parent_company,0.85,4
E00565,E00481,parent_company,0.44,2
E02852,E01740,co-investor,0.15,7
E02715,E02383,supplier,0.53,39
E00648,E00124,parent_company,0.43,6
E01004,E00316,supplier,0.61,27
E00614,E00748,shared_director,0.77,48
E02161,E02862,co-investor,0.52,47
E01382,E01819,supplier,0.36,10
E00246,E02632,supplier,0.64,12
E02062,E00657,supplier,0.46,28
E02785,E01861,co-investor,0.93,33
E01254,E02906,parent_company,0.48,11
E01114,E00377,shared_director,0.98,9
E00868,E01641,supplier,0.3,12
E02291,E02479,supplier,0.83,30
E01956,E01283,shared_director,0.84,11
E00224,E01522,shared_director,0.28,7
E00428,E00319,co-investor,0.64,22
E00115,E00982,co-investor,0.25,7
E00268,E00868,supplier,0.78,20
E00769,E02260,parent_company,0.67,3
E00985,E01103,supplier,0.98,37
E00184,E02310,shared_director,0.14,21
E00382,E01265,supplier,0.98,49
E01157,E01631,parent_company,0.38,26
E01458,E00531,supplier,0.4,48
E02063,E00414,parent_company,0.12,25
E01954,E02402,supplier,0.36,10
E02796,E01897,supplier,0.9,6
E00949,E00884,parent_company,0.79,11
E02055,E02115,co-investor,0.5,9
E01389,E01192,co-investor,0.66,28
E00164,E02920,shared_director,0.32,40
E02486,E00308,parent_company,0.61,32
E00399,E00062,parent_company,0.79,20
E02242,E00358,shared_director,0.18,21
E00696,E01211,parent_company,0.16,37
E01489,E01448,supplier,0.16,46
E01888,E01057,shared_director,0.98,49
E01811,E02664,parent_company,0.95,37
E02000,E00163,co-investor,0.87,26
E01676,E02539,parent_company,0.5,33
E02559,E01285,co-investor,0.18,27
E02073,E01844,co-investor,0.89,44
E00175,E02543,supplier,0.77,16
E02867,E02298,supplier,0.24,7
E01191,E01540,parent_company,0.61,5
E00914,E01591,shared_director,0.7,23
E01909,E01919,shared_director,0.2,12
E00444,E01626,shared_director,0.28,22
E00265,E01300,co-investor,1.0,32
E00871,E02877,shared_director,0.2,30
E00157,E02233,parent_company,0.95,10
E02623,E00875,co-investor,0.61,39
E01558,E00256,co-investor,0.81,31
E00875,E00222,parent_company,0.88,49
E02801,E01733,co-investor,0.33,12
E00343,E00581,supplier,0.35,6
E01222,E02918,shared_director,0.88,34
E00877,E02743,co-investor,0.27,4
E00379,E01756,co-investor,0.97,20
E00674,E00814,co-investor,0.95,31
E01948,E02194,parent_company,0.97,28
E01453,E02839,shared_director,0.84,36
E02446,E00814,supplier,0.75,38
E02526,E00593,co-investor,0.7,47
E01297,E00059,parent_company,0.91,10
E02046,E01297,supplier,0.81,44
E01665,E01077,supplier,0.99,9
E02599,E01841,supplier,0.13,48
E00769,E01722,parent_company,0.64,14
E01426,E00860,parent_company,0.97,37
E00059,E01517,co-investor,0.11,20
E02057,E00511,shared_director,0.68,30
E01696,E01681,co-investor,0.42,35
E01745,E02143,co-investor,0.2,12
E01880,E01755,co-investor,0.26,39
E00667,E02224,shared_director,0.44,43
E02821,E02787,shared_director,0.67,45
E02542,E00407,supplier,0.83,7
E00368,E02661,supplier,0.65,27
E00425,E02034,supplier,0.67,33
E02381,E00134,co-investor,0.87,14
E00913,E01863,shared_director,0.2,31
E00510,E01437,shared_director,0.47,42
E02883,E01622,supplier,0.95,15
E02079,E01162,co-investor,0.89,17
E01260,E01699,parent_company,0.1,27
E00134,E00064,supplier,0.24,24
E02126,E02458,co-investor,0.4,37
E01762,E00991,shared_director,0.27,42
E01612,E00212,shared_director,0.22,41
E01600,E00712,shared_director,0.91,34
E00649,E01792,parent_company,0.19,9
E02066,E00485,shared_director,0.86,41
E01066,E02265,parent_company,0.95,14
E00382,E00383,supplier,0.49,41
E02431,E00627,supplier,0.66,35
E00323,E02343,shared_director,0.12,47
E00535,E01859,co-investor,0.27,42
E00909,E01217,parent_company,0.58,16
E01549,E01067,supplier,0.35,10
E02570,E00095,supplier,0.2,39
E00503,E00439,parent_company,0.35,12
E00381,E00317,shared_director,0.86,14
E01601,E00413,shared_director,0.82,27
E00302,E01993,supplier,0.29,27
E01538,E01285,shared_director,0.83,12
E01224,E00042,parent_company,0.69,41
E02485,E00129,supplier,0.98,23
E01983,E02515,supplier,0.24,48
E01043,E00499,parent_company,0.65,35
E00095,E02122,parent_company,0.29,24
E00471,E00889,supplier,0.39,15
E00342,E02833,parent_company,0.34,31
E00817,E00377,co-investor,0.74,42
E01206,E01914,shared_director,0.49,26
E00791,E01025,parent_company,0.28,46
E01152,E01610,supplier,0.63,50
E02407,E01277,parent_company,0.81,47
E01999,E01776,shared_director,0.48,48
E01113,E01306,supplier,0.65,28
E00819,E02324,co-investor,0.44,41
E00264,E01841,parent_company,0.9,33
E01037,E02404,shared_director,0.36,42
E02173,E01443,shared_director,0.13,12
E01322,E01759,parent_company,0.42,5
E00882,E02691,co-investor,0.43,50
E01288,E00501,supplier,0.39,1
E01348,E00876,shared_director,0.61,21
E00953,E02301,supplier,0.45,39
E00870,E02160,parent_company,0.19,18
E02934,E02490,supplier,0.62,42
E01728,E02795,shared_director,0.39,21
E00812,E00808,supplier,0.82,32
E00192,E01125,shared_director,0.21,29
E00701,E02464,co-investor,0.63,16
E02361,E00088,co-investor,0.12,37
E00020,E01892,co-investor,0.22,26
E00152,E02186,supplier,0.4,2
E00285,E01925,supplier,0.85,27
E01233,E01126,co-investor,0.78,26
E00327,E02280,co-investor,0.54,4
E01612,E01223,shared_director,0.54,42
E00498,E01532,supplier,0.13,4
E00043,E00569,supplier,0.99,45
E01785,E00928,parent_company,0.18,47
E01511,E02202,supplier,0.94,4
E01064,E00177,supplier,0.14,20
E00308,E01081,co-investor,0.72,25
E01106,E02862,parent_company,0.93,38
E01888,E00492,parent_company,0.39,10
E02393,E01693,shared_director,0.7,34
E02162,E00986,shared_director,0.7,18
E01319,E01978,parent_company,0.18,50
E01214,E02914,supplier,0.42,16
E02702,E02651,parent_company,0.73,5
E02026,E00247,parent_company,0.11,14
E01918,E01578,parent_company,0.54,22
E00855,E02419,co-investor,0.78,20
E02903,E01860,parent_company,0.86,7
E00533,E00897,co-investor,0.45,29
E02542,E02104,parent_company,0.8,13
E00282,E01139,shared_director,0.25,20
E02365,E02656,supplier,0.23,7
E00452,E00986,supplier,0.9,12
E01093,E00118,shared_director,0.7,29
E01442,E01088,supplier,0.93,6
E01452,E01768,parent_company,0.24,33
E01765,E02081,co-investor,0.15,18
E01515,E00401,supplier,0.68,47
E01731,E00795,co-investor,0.27,12
E02434,E01131,shared_director,0.57,7
E02791,E00205,parent_company,0.96,15
E00472,E00218,supplier,0.62,16
E00270,E02180,supplier,0.35,40
E02866,E02933,shared_director,0.45,7
E00901,E02834,co-investor,0.55,11
E00834,E01424,co-investor,0.74,19
E00013,E00387,parent_company,0.55,45
E02549,E01953,co-investor,0.87,45
E00978,E00698,co-investor,0.71,11
E00768,E01361,shared_director,0.23,1
E02729,E01944,shared_director,0.4,12
E01081,E00316,parent_company,0.71,1
E02434,E01443,shared_director,0.62,32
E01014,E01936,supplier,0.14,2
E02324,E02786,co-investor,0.85,34
E02061,E00686,parent_company,0.8,7
E01248,E01375,shared_director,0.54,23
E02236,E01055,shared_director,0.33,30
E00056,E01445,co-investor,0.74,34
E02720,E02441,shared_director,0.2,44
E02128,E02621,supplier,0.23,27
E00903,E02701,parent_company,0.42,2
E01001,E02366,shared_director,0.42,48
E00366,E00794,shared_director,0.67,18
E02568,E02781,shared_director,0.99,34
E00717,E01087,co-investor,0.9,26
E02414,E01710,co-investor,0.38,3
E02374,E02131,co-investor,0.85,8
E01776,E01864,co-investor,0.36,1
E02044,E02808,parent_company,0.52,10
E02143,E01187,parent_company,0.37,19
E00265,E01208,supplier,0.51,14
E01160,E02430,supplier,0.15,20
E00021,E01763,co-investor,0.69,1
E00205,E01030,parent_company,0.42,19
E02057,E02726,parent_company,0.96,46
E01109,E00585,parent_company,0.49,6
E01192,E00897,supplier,0.53,23
E01019,E02780,shared_director,0.48,7
E01071,E01238,co-investor,0.26,28
E02781,E01321,parent_company,0.71,13
E01025,E00556,shared_director,0.6,20
E01250,E00351,co-investor,0.61,41
E01889,E02236,parent_company,0.44,28
E00394,E00568,shared_director,0.72,33
E02807,E02919,co-investor,0.52,28
E01911,E01723,shared_director,0.52,36
E00109,E01725,supplier,0.78,40
E01239,E00994,co-investor,0.21,35
E02317,E01202,supplier,0.78,26
E00516,E01651,supplier,0.52,49
E02122,E01886,supplier,0.18,18
E02662,E00439,co-investor,0.63,19
E02317,E01973,co-investor,0.88,8
E02395,E02763,supplier,0.73,34
E00591,E02303,shared_director,0.22,44
E02621,E00634,co-investor,0.67,47
E00027,E01987,parent_company,0.2,1
E00627,E02474,supplier,0.57,16
E00837,E00425,shared_director,0.12,33
E01818,E01601,supplier,0.93,20
E01658,E01982,parent_company,0.84,35
E01067,E02510,shared_director,0.87,40
E00505,E01771,parent_company,0.67,12
E00581,E02693,parent_company,0.25,48
E02866,E02240,parent_company,0.53,19
E01186,E02735,supplier,0.96,32
E01505,E02735,co-investor,0.45,45
E00440,E01901,shared_director,0.83,10
E00115,E01161,shared_director,0.21,25
E00046,E02378,co-investor,0.13,42
E02692,E02540,shared_director,0.14,23
E00571,E01917,shared_director,0.35,11
E01466,E02051,parent_company,0.41,46
E02151,E01600,supplier,0.26,10
E01442,E02687,co-investor,0.51,9
E01141,E02697,co-investor,0.93,5
E02643,E01982,shared_director,0.97,39
E02700,E00739,co-investor,0.22,21
E02412,E02379,co-investor,0.63,26
E00277,E00185,supplier,0.87,11
E00950,E00396,supplier,0.55,44
E01952,E01326,parent_company,0.98,47
E00970,E00432,parent_company,0.76,25
E01721,E00264,supplier,0.65,8
E00154,E00299,shared_director,0.79,39
E02586,E00121,parent_company,0.39,45
E01842,E01547,parent_company,0.99,37
E02280,E00819,parent_company,0.33,29
E02781,E01172,parent_company,0.28,11
E01778,E02165,parent_company,0.18,2
E02577,E02739,supplier,0.28,9
E00022,E01473,shared_director,0.61,5
E01396,E00760,shared_director,0.27,14
E02337,E01941,co-investor,0.42,36
E00565,E00276,shared_director,0.48,25
E00291,E02332,supplier,0.21,34
E01222,E00414,supplier,0.55,4
E02464,E02215,co-investor,0.12,19
E01030,E01600,co-investor,0.16,11
E01180,E00307,parent_company,0.87,40
E02049,E01279,shared_director,0.66,35
E02858,E00455,shared_director,0.94,17
E02676,E00123,supplier,0.4,17
E00822,E01371,supplier,0.23,36
E01351,E02718,supplier,0.31,5
E02310,E02499,supplier,0.41,5
E01705,E02451,supplier,0.9,31
E00531,E01109,supplier,0.19,32
E02080,E00923,co-investor,0.49,20
E00933,E00088,supplier,0.12,13
E02189,E02491,shared_director,0.71,48
E00075,E02264,shared_director,0.15,50
E01546,E02849,parent_company,0.49,28
E02251,E00565,supplier,0.49,40
E01507,E01441,parent_company,0.41,4
E00976,E00951,supplier,0.63,15
E01692,E02197,supplier,0.99,1
E01024,E00233,supplier,0.15,29
E00740,E01158,supplier,0.38,39
E02684,E01001,co-investor,0.22,26
E01961,E02694,supplier,0.69,5
E01025,E02227,parent_company,0.55,48
E01463,E00903,shared_director,0.74,24
E02259,E01199,parent_company,0.57,18
E01307,E02859,supplier,0.15,27
E02890,E02548,shared_director,0.35,14
E00562,E02134,parent_company,0.37,36
E00864,E00503,co-investor,0.75,10
E00147,E00963,shared_director,0.68,30
E00468,E00088,shared_director,0.85,18
E01139,E02410,shared_director,0.37,6
E00245,E01144,shared_director,0.55,25
E01576,E01819,supplier,0.3,25
E00756,E02704,shared_director,0.58,43
E01250,E00129,co-investor,0.94,39
E01378,E01076,parent_company,0.78,22
E02546,E01778,shared_director,0.8,48
E00234,E00448,shared_director,0.96,44
E01178,E02191,shared_director,0.48,47
E02328,E02126,co-investor,0.25,25
E01915,E00976,parent_company,0.92,18
E02796,E01124,supplier,1.0,50
E02224,E01212,co-investor,0.61,3
E02522,E01124,co-investor,0.34,17
E02675,E02491,supplier,0.21,37
E02707,E01315,co-investor,0.86,29
E01896,E00071,shared_director,0.11,3
E01470,E01967,parent_company,0.47,38
E00326,E01133,co-investor,0.96,29
E00737,E01057,co-investor,0.33,32
E00522,E00932,parent_company,0.23,40
E02687,E00204,parent_company,0.2,3
E00755,E02804,shared_director,0.62,3
E02267,E00934,supplier,0.96,17
E01055,E00067,co-investor,0.59,3
E02460,E00962,co-investor,0.2,33
E01818,E00464,supplier,0.31,21
E02337,E01522,shared_director,0.16,28
E01160,E00587,supplier,0.39,24
E01373,E01672,co-investor,0.52,19
E02548,E00128,parent_company,0.43,19
E00615,E02422,supplier,0.2,14
E01283,E02093,co-investor,0.95,25
E02387,E00134,parent_company,0.44,42
E00322,E00317,parent_company,0.61,37
E02582,E02246,shared_director,0.59,8
E02162,E00211,shared_director,0.69,34
E01807,E01299,co-investor,0.28,37
E01201,E01000,co-investor,0.32,50
E01483,E00946,shared_director,0.38,8
E02839,E00988,shared_director,0.76,27
E01483,E00327,co-investor,0.6,5
E01484,E02677,shared_director,0.64,29
E01716,E00942,parent_company,0.93,16
E01670,E02762,parent_company,0.64,19
E01400,E01286,supplier,0.17,27
E02069,E00608,shared_director,0.67,50
E00812,E00737,shared_director,0.11,8
E01715,E01079,shared_director,0.77,9
E00140,E01768,supplier,0.72,5
E00543,E02110,shared_director,0.91,23
E00523,E01648,parent_company,0.74,8
E01380,E01379,supplier,0.99,3
E00303,E01454,shared_director,0.92,41
E01843,E01785,co-investor,0.78,45
E00552,E00752,supplier,0.24,1
E02432,E02430,co-investor,0.71,30
E01554,E01313,shared_director,0.26,47
E02409,E01145,supplier,0.31,32
E01398,E00198,shared_director,0.36,25
E01305,E00731,parent_company,0.14,48
E00863,E01764,co-investor,0.62,40
E01288,E00408,co-investor,0.36,8
E01180,E01122,shared_director,0.5,11
E01182,E01063,supplier,0.93,43
E01142,E00578,supplier,0.29,33
E00692,E00113,supplier,0.96,35
E02204,E00800,supplier,0.54,2
E01514,E00833,co-investor,0.95,37
E01747,E01823,parent_company,0.85,19
E00449,E02934,supplier,0.5,28
E02021,E01078,supplier,0.88,18
E02740,E00478,co-investor,0.82,48
E00912,E00305,co-investor,0.24,22
E01131,E01858,supplier,0.74,21
E00158,E01776,supplier,0.94,34
E01301,E00780,supplier,0.95,41
E00033,E01008,parent_company,0.63,15
E02759,E00802,co-investor,0.52,32
E00767,E02035,co-investor,0.22,41
E00364,E02115,parent_company,0.1,5
E02010,E02285,parent_company,0.74,3
E01713,E02818,co-investor,0.65,41
E02392,E00962,co-investor,0.54,43
E00738,E01230,parent_company,0.89,43
E01987,E02008,shared_director,0.64,35
E01971,E01211,supplier,0.3,49
E01177,E01719,shared_director,0.39,43
E01741,E00475,parent_company,0.52,21
E02706,E00466,co-investor,0.73,46
E00525,E01982,shared_director,0.64,44
E00962,E00119,co-investor,0.34,14
E01676,E00250,co-investor,0.34,21
E01685,E01604,shared_director,0.48,17
E00224,E01100,shared_director,0.76,22
E02607,E00187,co-investor,0.5,15
E02345,E00683,parent_company,0.8,8
E02513,E02502,co-investor,0.22,35
E00082,E00087,shared_director,0.18,46
E01366,E01445,supplier,0.69,34
E00863,E01484,parent_company,0.99,35
E01621,E00940,co-investor,0.82,24
E01358,E01694,parent_company,0.6,16
E00056,E00148,supplier,0.78,34
E00420,E02055,shared_director,0.81,3
E00643,E01160,co-investor,0.12,41
E02819,E01013,supplier,0.35,8
E01548,E02685,shared_director,0.22,48
E01106,E00348,supplier,0.17,47
E02882,E01702,supplier,0.11,35
E02478,E00622,supplier,0.76,26
E00796,E02481,co-investor,0.81,28
E02099,E00096,co-investor,0.35,13
E00409,E01083,shared_director,0.44,28
E00382,E00911,shared_director,0.6,31
E01165,E02879,parent_company,0.44,32
E01613,E01527,supplier,0.51,37
E00102,E01628,parent_company,0.5,31
E02307,E00447,co-investor,0.4,41
E00343,E00391,parent_company,0.29,32
E02431,E01024,supplier,0.23,40
E01940,E02144,parent_company,0.15,32
E01033,E01687,co-investor,0.77,10
E00150,E01317,shared_director,0.88,18
E02828,E00857,shared_director,0.59,21
E02671,E00966,co-investor,0.52,31
E02108,E02273,supplier,0.93,28
E02865,E00318,shared_director,0.21,1
E00664,E02130,supplier,0.25,29
E00466,E00160,shared_director,0.55,41
E02149,E01996,parent_company,0.77,36
E01713,E01636,supplier,0.37,28
E01206,E02772,co-investor,0.57,40
E01523,E02310,parent_company,0.23,34
E02806,E00838,co-investor,0.57,17
E01934,E01896,parent_company,0.94,48
E00555,E00673,shared_director,0.11,27
E00735,E00616,shared_director,0.16,1
E01278,E02874,parent_company,0.28,7
E02203,E01879,co-investor,0.19,40
E01920,E02435,parent_company,0.16,41
E02291,E00926,co-investor,0.67,13
E01125,E01165,shared_director,0.63,20
E01505,E02558,shared_director,0.94,36
E02217,E02628,parent_company,0.17,10
E00422,E00887,co-investor,0.26,37
E00420,E00519,shared_director,0.4,50
E02426,E02478,co-investor,0.97,48
E02523,E02739,shared_director,0.29,1
E00950,E00887,supplier,0.94,40
E00601,E00588,parent_company,0.53,1
E01325,E00319,supplier,0.22,29
E01743,E02724,shared_director,0.39,33
E00481,E00987,shared_director,0.44,25
E02893,E01944,co-investor,0.38,34
E01299,E02174,supplier,0.89,14
E00681,E02596,co-investor,0.74,28
E02296,E01809,shared_director,0.73,17
E02808,E00493,shared_director,0.69,12
E00104,E01498,shared_director,0.79,23
E01738,E00876,parent_company,0.44,12
E00044,E00803,shared_director,0.42,13
E00023,E02402,co-investor,0.4,24
E01040,E02060,supplier,0.65,3
E02652,E01127,shared_director,0.46,45
E02885,E01037,co-investor,0.66,37
E00125,E01929,shared_director,0.54,31
E02653,E02235,supplier,0.13,2
E02511,E02922,parent_company,0.74,12
E00540,E00340,shared_director,0.85,8
E00230,E01817,supplier,0.38,35
E01137,E00796,supplier,0.4,44
E01297,E02906,parent_company,0.92,38
E01501,E02115,supplier,0.95,26
E01706,E02735,supplier,0.16,49
E02055,E00605,co-investor,0.18,29
E00183,E01129,parent_company,0.72,27
E00709,E02603,supplier,0.38,36
E01437,E00483,co-investor,0.52,45
E00353,E02320,shared_director,0.18,6
E00748,E00354,parent_company,0.39,41
E00083,E00694,supplier,0.3,24
E01886,E00333,parent_company,0.38,44
E02631,E00783,parent_company,0.38,25
E02892,E01176,parent_company,0.35,37
E01293,E01696,parent_company,0.85,18
E00817,E00726,co-investor,0.33,29
E01084,E00379,shared_director,0.42,24
E01429,E02629,shared_director,0.85,44
E00699,E00151,shared_director,0.24,37
E00863,E02877,shared_director,0.41,44
E01183,E00850,co-investor,0.73,33
E02260,E01102,supplier,0.56,14
E01058,E00894,shared_director,0.33,8
E02118,E02697,parent_company,0.53,30
E02404,E01323,co-investor,0.61,43
E02411,E00139,co-investor,0.73,41
E01470,E00033,parent_company,0.48,22
E01380,E02654,supplier,0.27,23
E01255,E00667,shared_director,0.59,49
E00090,E01799,shared_director,0.63,45
E01782,E01636,shared_director,0.85,17
E01529,E02462,co-investor,0.53,26
E01230,E00165,parent_company,0.79,33
E00442,E01725,shared_director,0.8,37
E01642,E02430,supplier,0.25,11
E01232,E02445,parent_company,0.96,37
E00572,E00533,co-investor,0.81,4
E00371,E01267,parent_company,0.82,30
E01622,E00678,shared_director,0.1,10
E00821,E00705,co-investor,0.38,12
E00968,E00833,shared_director,0.18,16
E00632,E02805,co-investor,0.1,11
E01412,E00410,shared_director,0.59,26
E02863,E00871,shared_director,0.7,30
E02893,E00995,supplier,0.45,21
E00547,E01638,co-investor,0.91,44
E01740,E02446,shared_director,0.58,23
E02001,E02744,supplier,0.3,39
E00730,E00964,co-investor,0.43,33
E00007,E02501,shared_director,0.92,42
E00943,E00566,shared_director,0.27,14
E01237,E01784,supplier,0.41,42
E00737,E01744,parent_company,0.36,25
E02766,E01969,supplier,0.33,27
E00736,E00670,shared_director,0.71,7
E01905,E00339,co-investor,0.72,7
E02687,E01657,supplier,0.24,9
E02354,E02077,shared_director,0.72,1
E01992,E02679,shared_director,0.48,4
E01241,E01741,co-investor,0.77,8
E02473,E01845,co-investor,0.8,46
E01373,E02192,co-investor,0.2,12
E01737,E02178,shared_director,0.88,6
E00616,E00029,co-investor,0.95,46
E02418,E01057,parent_company,0.56,40
E01864,E01782,supplier,0.52,3
E00498,E02006,shared_director,0.43,39
E02812,E01513,co-investor,0.48,44
E01214,E00097,co-investor,0.26,23
E01709,E00072,shared_director,0.39,41
E00146,E02441,supplier,0.42,3
E02177,E01623,parent_company,0.26,35
E00388,E00517,parent_company,0.67,28
E01126,E01415,shared_director,0.72,16
E02145,E02331,shared_director,0.14,21
E01527,E00157,parent_company,0.65,47
E02613,E00415,shared_director,0.56,47
E00323,E01384,co-investor,0.48,2
E00754,E01053,supplier,0.85,28
E00477,E00785,co-investor,1.0,40
E02106,E02209,parent_company,0.72,4
E01533,E02349,shared_director,0.29,28
E01126,E02822,parent_company,0.35,43
E00188,E02477,shared_director,0.92,44
E01168,E01117,supplier,0.47,2
E01698,E02692,parent_company,0.35,30
E02454,E02601,co-investor,0.19,15
E00075,E02905,co-investor,0.3,40
E01179,E02917,shared_director,0.63,41
E02439,E01347,shared_director,0.53,36
E00052,E01405,co-investor,0.39,29
E00622,E01893,shared_director,0.29,45
E00697,E02757,shared_director,0.33,3
E02707,E02341,supplier,0.67,36
E01415,E00341,parent_company,0.77,34
E01513,E01246,co-investor,0.78,29
E02763,E01915,supplier,0.24,38
E00683,E02557,co-investor,0.61,27
E00096,E01163,shared_director,0.99,25
E02202,E00540,shared_director,0.65,8
E00398,E01621,parent_company,0.29,8
E02338,E01186,parent_company,0.88,50
E01643,E02254,shared_director,0.42,14
E01713,E02455,co-investor,0.39,24
E02582,E00433,co-investor,0.55,35
E01607,E00923,shared_director,0.55,30
E01173,E01841,parent_company,0.93,12
E01639,E01182,supplier,0.58,22
E01901,E02688,parent_company,0.72,7
E01571,E02377,shared_director,0.98,27
E00774,E02607,supplier,0.66,9
E02498,E02540,supplier,0.64,47
E01675,E00094,co-investor,0.65,11
E02332,E02563,shared_director,0.72,24
E00094,E02464,shared_director,0.6,13
E00662,E01876,co-investor,0.75,16
E00718,E01935,parent_company,0.39,19
E00266,E00127,parent_company,0.62,30
E01004,E02801,shared_director,0.99,12
E01890,E02049,supplier,0.82,22
E00653,E01003,shared_director,0.75,5
E00029,E00133,shared_director,0.88,31
E01579,E00289,shared_director,0.96,46
E02201,E00496,supplier,0.49,47
E00245,E01200,shared_director,0.85,47
E00164,E01489,shared_director,0.74,33
E02578,E02661,shared_director,0.49,8
E00425,E00598,co-investor,0.78,38
E00458,E00693,co-investor,0.47,22
E00582,E00996,shared_director,0.29,7
E01352,E02630,supplier,0.51,46
E02014,E01003,co-investor,0.41,45
E01822,E01355,shared_director,0.73,37
E01128,E02435,supplier,0.79,10
E02138,E01182,supplier,0.3,24
E02309,E01486,co-investor,0.38,46
E00649,E02326,co-investor,0.53,29
E02758,E01208,parent_company,0.77,45
E00527,E00601,co-investor,0.87,17
E02609,E00934,supplier,0.87,38
E01241,E00608,supplier,0.33,47
E02084,E02117,shared_director,0.53,11
E01410,E02638,parent_company,0.63,33
E01288,E02144,co-investor,0.44,32
E02656,E00693,shared_director,0.26,25
E00059,E02740,supplier,0.41,20
E00846,E00919,parent_company,0.35,50
E00490,E02663,parent_company,0.42,30
E02333,E02616,supplier,0.86,34
E00936,E00830,co-investor,0.7,26
E02566,E00405,co-investor,0.56,18
E02267,E02191,supplier,0.97,4
E01830,E02322,parent_company,0.32,48
E00749,E02826,parent_company,0.31,46
E01869,E00727,supplier,0.98,18
E02261,E01137,supplier,0.77,47
E00261,E00543,co-investor,0.15,15
E01000,E02399,shared_director,0.52,35
E00210,E01307,supplier,0.28,8
E01811,E00342,shared_director,0.28,35
E02415,E00881,shared_director,0.37,1
E02383,E01761,supplier,0.75,29
E02633,E00798,shared_director,0.99,17
E01668,E02464,co-investor,0.54,12
E01347,E02078,shared_director,0.56,42
E01228,E01083,parent_company,0.41,44
E02299,E02061,co-investor,0.66,8
E00747,E01998,supplier,0.39,33
E01928,E02031,parent_company,0.26,49
E01770,E02757,co-investor,0.19,29
E01403,E02613,parent_company,0.27,7
E00950,E00874,co-investor,0.55,21
E02173,E01933,supplier,0.72,40
E00862,E02339,parent_company,0.39,13
E01623,E00704,parent_company,0.65,11
E01334,E02116,shared_director,0.69,27
E01104,E00937,co-investor,0.52,20
E01519,E00594,co-investor,0.4,23
E01292,E01843,co-investor,0.48,26
E01709,E00024,shared_director,0.15,27
E01449,E02646,parent_company,0.98,50
E01124,E00080,parent_company,0.29,46
E01049,E01208,co-investor,0.12,28
E01567,E01335,parent_company,0.82,40
E02061,E01803,co-investor,0.2,16
E00658,E01334,shared_director,0.95,38
E01925,E00189,shared_director,0.72,46
E01995,E01024,co-investor,0.99,38
E01537,E00243,supplier,0.15,22
E01131,E02204,co-investor,0.49,19
E00455,E01933,parent_company,0.89,5
E01330,E01695,parent_company,0.89,38
E01225,E02352,parent_company,0.61,29
E01005,E01343,co-investor,0.6,19
E02825,E00090,parent_company,0.79,5
E02865,E02914,co-investor,0.96,24
E01827,E00880,parent_company,0.39,15
E01888,E01484,co-investor,0.28,46
E01061,E01046,supplier,0.23,42
E01683,E01751,shared_director,0.83,4
E02165,E00247,co-investor,0.11,28
E00132,E02066,co-investor,0.81,32
E01158,E02355,co-investor,0.67,48
E00310,E02316,supplier,0.98,50
E00461,E02179,parent_company,0.82,6
E02351,E01919,parent_company,0.78,50
E02802,E01766,co-investor,0.52,48
E00624,E02665,co-investor,0.17,42
E02357,E01392,shared_director,0.57,45
E01772,E00088,shared_director,0.62,1
E02555,E01598,supplier,0.11,21
E01750,E00617,co-investor,0.87,38
E02763,E01338,shared_director,0.69,13
E02353,E01453,parent_company,0.27,10
E00845,E01264,parent_company,0.19,35
E02466,E00162,parent_company,0.59,5
E01342,E01292,parent_company,0.69,13
E01241,E00669,shared_director,0.99,15
E00890,E01456,supplier,0.22,29
E00505,E01537,supplier,0.5,48
E00855,E01559,supplier,0.5,26
E00814,E00843,shared_director,0.63,8
E00381,E00718,supplier,0.25,14
E00493,E02004,co-investor,0.77,21
E01701,E00783,parent_company,0.99,33
E01474,E01958,co-investor,0.56,30
E00067,E00030,shared_director,0.82,26
E00410,E01453,co-investor,0.95,5
E01779,E02671,co-investor,0.31,45
E00346,E02665,shared_director,0.89,2
E01126,E02652,co-investor,0.14,16
E00727,E02313,supplier,0.22,10
E00575,E02848,shared_director,0.79,4
E02443,E00860,co-investor,0.43,27
E00646,E01718,parent_company,0.26,34
E00621,E02739,parent_company,0.43,8
E00666,E00123,shared_director,0.28,26
E02562,E01529,co-investor,0.66,2
E00106,E01359,supplier,0.9,3
E00592,E01670,supplier,0.59,49
E02452,E02152,parent_company,0.24,1
E01429,E00913,supplier,0.48,5
E00461,E01949,shared_director,0.99,35
E01804,E00551,supplier,0.38,31
E01053,E00526,co-investor,0.69,24
E02514,E02738,supplier,0.53,48
E02340,E00804,parent_company,0.3,9
E00585,E00924,supplier,0.77,46
E01655,E01157,supplier,0.32,17
E00757,E02701,co-investor,0.4,30
E02738,E02420,co-investor,0.78,9
E01344,E01729,co-investor,0.7,38
E00141,E01578,supplier,0.81,12
E00059,E00586,supplier,0.85,16
E00664,E01626,co-investor,0.11,31
E01982,E01409,parent_company,0.67,37
E01662,E01852,parent_company,0.51,17
E02236,E01802,supplier,0.77,42
E02108,E01382,co-investor,1.0,12
E01046,E01397,shared_director,0.79,30
E02717,E00396,co-investor,0.79,17
E00259,E01497,shared_director,0.68,35
E00518,E00388,parent_company,0.98,8
E00493,E02255,co-investor,0.21,23
E01258,E01854,shared_director,0.6,6
E02068,E00748,shared_director,0.84,33
E00799,E00581,parent_company,0.8,13
E01450,E02153,parent_company,0.61,34
E02151,E00193,co-investor,0.59,45
E02175,E00684,co-investor,0.24,44
E00679,E02601,parent_company,0.86,49
E02934,E00623,shared_director,0.87,18
E00201,E01642,co-investor,0.45,34
E01726,E01952,shared_director,0.39,47
E01229,E00002,supplier,0.33,36
E02737,E01277,parent_company,0.93,40
E02433,E00274,supplier,0.78,9
E00589,E01970,parent_company,0.79,16
E01603,E00654,shared_director,0.45,13
E01019,E01436,supplier,0.3,18
E00576,E01645,supplier,0.75,38
E02754,E00622,parent_company,0.5,44
E01129,E01342,supplier,0.67,34
E01275,E02148,supplier,0.79,39
E01930,E00952,shared_director,0.37,8
E02217,E02499,shared_director,0.24,49
E01399,E01115,supplier,0.44,17
E00463,E02568,shared_director,0.48,11
E02908,E02833,shared_director,0.78,15
E02142,E00423,supplier,1.0,39
E02454,E01486,parent_company,0.88,43
E02026,E02874,shared_director,0.48,41
E00431,E01148,co-investor,0.91,41
E02081,E01347,shared_director,0.7,17
E01461,E00341,supplier,0.19,32
E00995,E02400,shared_director,0.3,28
E02727,E01089,supplier,1.0,46
E01999,E02297,shared_director,0.65,43
E01568,E00173,supplier,0.63,42
E00404,E02358,supplier,0.21,49
E00978,E01478,shared_director,0.83,46
E00164,E01423,shared_director,0.87,37
E02142,E00153,shared_director,0.83,41
E01769,E02741,supplier,0.29,12
E00099,E02583,co-investor,0.19,27
E00117,E01871,co-investor,0.42,44
E01410,E01444,parent_company,0.35,4
E01330,E01877,co-investor,0.79,11
E00858,E02288,co-investor,0.77,49
E01428,E00705,shared_director,0.87,22
E01441,E02525,parent_company,0.38,20
E00415,E00371,shared_director,0.38,32
E02620,E00763,shared_director,0.28,46
E01989,E01437,co-investor,0.83,24
E00653,E00691,co-investor,0.11,13
E02384,E01272,co-investor,0.78,35
E00729,E01631,supplier,0.28,6
E02915,E02450,shared_director,0.87,10
E02933,E01394,co-investor,0.46,25
E00425,E01204,supplier,0.39,15
E01813,E00168,parent_company,0.59,43
E01122,E00108,shared_director,0.3,45
E00897,E01005,parent_company,0.5,14
E00596,E00051,co-investor,0.32,2
E02508,E01980,shared_director,0.47,36
E02327,E00788,shared_director,0.27,34
E02380,E01637,shared_director,0.77,46
E01491,E01080,shared_director,0.43,16
E01312,E02214,co-investor,0.17,45
E00551,E01318,parent_company,0.82,38
E00528,E00396,shared_director,0.58,7
E02475,E00934,co-investor,0.75,42
E02270,E00918,shared_director,0.34,4
E01886,E02535,shared_director,0.55,28
E00265,E00702,supplier,0.6,36
E02664,E00236,co-investor,0.53,46
E00606,E00262,co-investor,0.16,47
E01131,E02334,co-investor,0.95,47
E00113,E02923,shared_director,0.49,49
E00547,E01624,parent_company,0.7,20
E02206,E02856,co-investor,0.4,37
E02081,E01668,parent_company,0.79,44
E02404,E01289,supplier,0.97,4
E02917,E01468,supplier,0.8,5
E02515,E00261,shared_director,0.76,47
E00798,E01020,parent_company,0.85,2
E02660,E02028,supplier,0.4,7
E01653,E02352,shared_director,0.82,25
E02853,E01944,parent_company,0.86,12
E00393,E01275,co-investor,0.26,28
E01033,E02047,supplier,0.27,26
E00822,E00929,co-investor,0.99,41
E00335,E01392,shared_director,0.78,34
E01056,E00084,supplier,0.98,4
E02797,E01529,supplier,0.25,34
E00052,E00020,co-investor,0.45,2
E02327,E02308,co-investor,0.87,12
E00773,E02608,shared_director,0.26,14
E01415,E00398,parent_company,0.64,37
E00725,E01806,parent_company,0.56,29
E00125,E02549,supplier,0.94,8
E01277,E01194,supplier,0.41,12
E02418,E02124,parent_company,0.91,32
E00792,E02472,parent_company,1.0,22
E01863,E02698,shared_director,0.81,8
E02740,E02272,supplier,0.4,24
E00580,E00981,shared_director,0.27,26
E00171,E01468,supplier,0.92,31
E02702,E02899,supplier,0.86,6
E02718,E02683,co-investor,0.92,37
E02356,E02877,shared_director,0.78,42
E00824,E01158,co-investor,0.22,49
E00812,E01200,shared_director,0.46,25
E00338,E02009,supplier,0.54,21
E02299,E01983,shared_director,0.38,50
E01177,E02802,supplier,0.57,3
E00771,E00366,co-investor,0.9,48
E02340,E02224,parent_company,0.68,48
E00197,E02189,supplier,0.14,20
E01577,E00772,co-investor,0.97,4
E02803,E01777,parent_company,0.56,44
E02864,E00184,parent_company,0.19,12
E00908,E02919,co-investor,0.17,14
E02029,E00847,supplier,0.14,25
E00844,E02824,supplier,0.93,1
E00985,E02702,co-investor,0.99,25
E00936,E01523,shared_director,0.14,10
E02453,E01009,co-investor,0.89,28
E02787,E02337,co-investor,0.28,42
E01117,E01677,supplier,0.47,27
E01545,E01140,parent_company,0.84,32
E01039,E02459,supplier,0.66,26
E00172,E02851,shared_director,0.22,45
E00914,E00289,supplier,0.2,32
E00273,E00752,co-investor,0.25,48
E01051,E02789,shared_director,0.36,19
E01167,E02336,co-investor,0.2,8
E01618,E00828,supplier,0.6,32
E00823,E00521,supplier,0.52,7
E00457,E00937,supplier,0.85,12
E00343,E02842,supplier,0.32,40
E01520,E01795,parent_company,0.5,50
E00169,E02716,parent_company,0.79,47
E01303,E00180,supplier,0.95,22
E01028,E00719,co-investor,0.52,42
E00232,E01603,shared_director,0.24,19
E02071,E00261,parent_company,0.27,13
E01376,E02696,shared_director,0.12,29
E00285,E01007,co-investor,0.6,10
E02242,E01301,supplier,0.2,5
E01680,E02122,supplier,0.66,11
E01318,E01518,supplier,0.23,7
E02803,E00958,supplier,0.44,37
E00240,E01588,supplier,0.87,49
E02574,E00145,supplier,0.12,31
E02341,E02642,shared_director,0.35,40
E01585,E01842,parent_company,0.71,40
E01025,E01414,shared_director,0.53,10
E01861,E02198,co-investor,0.3,19
E02610,E00715,shared_director,1.0,11
E01508,E00086,shared_director,0.82,10
E00175,E01884,shared_director,0.74,35
E00930,E01648,parent_company,0.86,23
E00853,E01663,shared_director,0.9,30
E01853,E01819,shared_director,0.52,22
E01336,E02726,shared_director,0.22,34
E00844,E01008,parent_company,0.74,37
E00798,E02701,co-investor,0.91,36
E01673,E01536,co-investor,0.29,10
E01927,E00446,shared_director,0.37,50
E02555,E01689,supplier,0.28,22
E02260,E00642,shared_director,0.94,28
E00739,E01815,supplier,0.72,25
E02325,E02733,parent_company,0.35,48
E02788,E02308,parent_company,0.68,37
E00811,E00618,shared_director,0.38,16
E00535,E01994,co-investor,0.65,49
E02509,E02174,supplier,0.71,5
E00352,E00088,supplier,0.93,4
E01358,E00369,co-investor,0.94,23
E00832,E00617,parent_company,0.38,5
E01487,E02553,co-investor,0.63,29
E01946,E01387,parent_company,0.36,7
E02302,E00655,parent_company,0.25,8
E02181,E02533,shared_director,0.24,36
E02576,E01924,co-investor,0.72,16
E00465,E02720,parent_company,0.92,7
E00162,E00556,shared_director,0.53,31
E00699,E00082,co-investor,0.94,38
E02343,E00745,shared_director,0.9,32
E02752,E02322,co-investor,0.9,6
E01516,E00283,parent_company,0.22,20
E02775,E01613,parent_company,0.2,43
E00808,E02598,co-investor,0.36,6
E01453,E02470,shared_director,0.11,38
E01712,E00693,co-investor,0.87,13
E02103,E01148,supplier,0.54,11
E00214,E02660,parent_company,0.73,17
E01839,E01774,co-investor,0.14,48
E02690,E01877,supplier,0.4,3
E00536,E02557,supplier,0.76,2
E01240,E01560,parent_company,0.91,25
E01591,E00148,co-investor,0.73,22
E01503,E02100,shared_director,0.47,22
E00543,E01419,co-investor,0.6,32
E01154,E01093,supplier,0.92,43
E00348,E02729,co-investor,0.88,8
E00095,E00527,supplier,0.32,12
E01530,E00267,parent_company,0.61,16
E00358,E00309,supplier,0.75,48
E01398,E02530,supplier,0.24,41
E01888,E02585,co-investor,0.81,7
E02510,E00500,supplier,0.73,13
E00333,E00761,supplier,0.75,6
E00016,E01774,parent_company,0.29,46
E00326,E01585,co-investor,0.66,13
E01950,E00809,shared_director,0.64,12
E01922,E01180,supplier,0.5,33
E00026,E00326,parent_company,0.98,17
E00590,E02221,parent_company,0.73,45
E00311,E00771,parent_company,0.86,49
E00933,E00666,shared_director,0.67,38
E01216,E02464,shared_director,0.56,19
E00894,E01748,co-investor,0.84,48
E00987,E02174,supplier,0.69,44
E01031,E01153,parent_company,0.16,5
E02024,E01410,supplier,0.66,28
E00328,E02761,shared_director,0.11,48
E02763,E00362,co-investor,0.63,24
E02860,E02790,supplier,0.61,47
E01307,E01847,co-investor,0.77,31
E01518,E02047,co-investor,0.79,21
E02237,E00780,parent_company,0.63,3
E02830,E01446,shared_director,0.52,30
E01329,E01652,shared_director,0.88,30
E01853,E00626,parent_company,0.76,25
E01719,E00101,parent_company,0.81,25
E02590,E00612,shared_director,0.43,28
E02711,E00708,parent_company,0.63,12
E00889,E00389,supplier,0.45,10
E01110,E01382,parent_company,0.12,26
E00649,E01244,co-investor,0.3,32
E02486,E02045,shared_director,0.49,11
E01997,E02728,supplier,0.42,7
E00275,E01325,shared_director,0.65,10
E00964,E02125,shared_director,0.82,27
E02010,E00054,co-investor,0.67,22
E02583,E01273,shared_director,0.65,39
E00531,E02170,co-investor,0.41,24
E02821,E00525,co-investor,0.61,31
E00259,E00073,shared_director,0.43,16
E00858,E01337,parent_company,0.92,21
E02597,E01951,co-investor,0.6,37
E01357,E02861,parent_company,0.91,21
E02592,E02345,parent_company,0.74,40
E00971,E01021,shared_director,0.61,2
E01284,E02093,supplier,0.45,10
E02555,E01318,supplier,0.58,30
E02469,E01090,supplier,0.5,50
E00792,E01132,parent_company,0.43,50
E00242,E01941,parent_company,0.3,1
E01341,E01459,shared_director,0.61,18
E01311,E01986,co-investor,0.64,35
E00820,E02646,parent_company,0.96,39
E02479,E00494,co-investor,0.76,48
E00799,E02145,co-investor,0.32,25
E01733,E02870,supplier,0.37,14
E00591,E01213,supplier,0.13,42
E01727,E00323,co-investor,0.52,10
E01830,E02564,shared_director,0.6,39
E01820,E01287,supplier,0.94,30
E01131,E00811,shared_director,0.36,38
E00527,E01323,supplier,0.21,21
E02264,E01955,co-investor,0.23,47
E01537,E02254,supplier,0.67,42
E01327,E01621,parent_company,0.39,49
E00142,E02637,co-investor,0.39,49
E02329,E00162,supplier,0.75,46
E00541,E02035,supplier,0.93,9
E00621,E00419,parent_company,0.95,16
E00377,E01476,co-investor,0.4,27
E01408,E00285,shared_director,0.46,4
E02150,E01706,shared_director,0.73,36
E00367,E00849,shared_director,0.24,49
E01069,E00932,parent_company,0.15,44
E02285,E00100,supplier,0.68,45
E00924,E01961,supplier,0.14,49
E00953,E00626,parent_company,0.55,21
E01588,E02599,shared_director,0.12,49
E01187,E02017,supplier,0.7,45
E01700,E02253,supplier,0.14,38
E00148,E00856,parent_company,0.62,1
E01432,E02875,supplier,0.62,24
E02086,E00673,shared_director,0.29,35
E00031,E02571,co-investor,0.34,24
E02093,E01591,parent_company,0.85,49
E02489,E01050,co-investor,0.28,17
E01609,E00489,co-investor,0.51,29
E02472,E02669,shared_director,0.28,8
E00171,E01588,supplier,0.77,14
E00820,E02336,co-investor,0.85,44
E00878,E02430,co-investor,0.42,4
E02654,E02565,parent_company,0.61,17
E00889,E02094,supplier,0.38,14
E00742,E01368,parent_company,0.55,47
E01592,E01341,shared_director,0.99,39
E00677,E02014,shared_director,0.6,19
E02733,E01018,supplier,0.65,1
E00128,E02537,supplier,0.87,18
E00001,E01243,shared_director,0.44,37
E00654,E00399,supplier,0.43,42
E00782,E01734,co-investor,0.17,27
E02678,E00092,co-investor,0.79,8
E01238,E00581,co-investor,0.51,14
E00493,E02608,supplier,0.89,31
E00716,E00059,supplier,0.18,16
E01865,E02375,co-investor,0.34,45
E02307,E01965,supplier,0.76,10
E00883,E00267,shared_director,0.71,2
E00153,E02038,shared_director,0.85,27
E00717,E00055,supplier,0.69,50
E01151,E02908,co-investor,0.75,13
E01095,E00100,co-investor,0.97,13
E00962,E02825,shared_director,0.83,42
E00181,E02307,shared_director,0.6,45
E02002,E00949,supplier,0.36,6
E02450,E01505,shared_director,0.84,35
E00672,E01529,co-investor,0.75,35
E00597,E01314,co-investor,0.47,38
E01646,E01525,shared_director,0.99,50
E01198,E00605,shared_director,0.71,27
E01476,E01769,supplier,0.64,9
E01364,E01470,shared_director,0.51,35
E02787,E00673,supplier,0.41,41
E00595,E02453,co-investor,0.59,48
E00654,E02350,parent_company,0.98,14
E02840,E01624,supplier,0.84,8
E02054,E02229,supplier,0.57,37
E00017,E01044,parent_company,0.77,44
E02908,E01372,shared_director,0.21,47
E01530,E02247,shared_director,0.57,26
E00898,E02364,co-investor,0.77,45
E00436,E00925,shared_director,0.24,45
E00772,E02934,supplier,0.9,33
E00442,E02029,parent_company,0.92,45
E01256,E00991,shared_director,0.37,14
E02220,E02615,supplier,0.96,13
E00097,E00067,supplier,0.37,14
E00761,E02788,supplier,0.16,29
E00488,E01729,co-investor,0.7,1
E02859,E02448,co-investor,0.41,24
E00854,E01245,shared_director,0.66,31
E02602,E02519,supplier,0.71,3
E02048,E01310,co-investor,0.13,45
E01940,E01572,supplier,0.48,38
E02541,E01438,shared_director,1.0,25
E00159,E01997,supplier,0.53,35
E00378,E00340,parent_company,0.75,46
E02586,E00386,shared_director,0.44,22
E00989,E02473,shared_director,0.13,20
E02264,E02884,shared_director,0.29,27
E00389,E00043,parent_company,0.63,44
E00116,E02074,shared_director,0.16,12
E01898,E01126,shared_director,0.82,35
E02678,E00200,co-investor,0.63,45
E02117,E02012,parent_company,0.91,19
E00667,E00164,co-investor,0.64,28
E00450,E02814,parent_company,0.97,5
E00816,E01975,shared_director,0.32,25
E02679,E00724,shared_director,0.14,12
E00916,E01393,shared_director,0.31,29
E02871,E00476,supplier,0.25,9
E02479,E02306,supplier,0.49,24
E02863,E01762,supplier,0.74,45
E01509,E02601,supplier,0.48,3
E01143,E01788,shared_director,0.16,6
E01077,E02723,co-investor,0.53,33
E00997,E00564,supplier,0.12,6
E02337,E00766,parent_company,0.5,35
E01530,E02283,co-investor,0.53,43
E00760,E02385,shared_director,0.2,3
E00952,E00830,parent_company,0.37,48
E02874,E01601,supplier,0.43,33
E00050,E00462,co-investor,0.63,1
E01243,E00562,co-investor,0.93,31
E00875,E00773,shared_director,0.53,14
E00406,E00707,shared_director,0.6,41
E02218,E00291,parent_company,0.7,33
E00596,E00279,shared_director,0.56,5
E02319,E00675,parent_company,0.66,27
E02563,E01482,parent_company,0.85,27
E00245,E01769,supplier,0.88,50
E01617,E00114,parent_company,0.7,24
E01601,E01843,parent_company,0.77,9
E01964,E02519,shared_director,0.68,49
E02603,E00645,parent_company,0.64,19
E02037,E00308,shared_director,0.64,27
E00272,E02301,supplier,0.73,50
E00597,E02628,supplier,0.43,26
E01151,E01903,co-investor,0.37,35
E02480,E01340,co-investor,0.87,31
E02095,E01998,shared_director,0.78,45
E02415,E02848,parent_company,0.52,6
E02833,E02006,co-investor,0.58,40
E02587,E00258,co-investor,0.67,18
E01184,E02435,parent_company,0.38,21
E00981,E02319,parent_company,0.41,20
E00786,E01373,shared_director,0.35,39
E01737,E02744,parent_company,0.79,9
E02820,E01209,parent_company,0.72,24
E02919,E02224,co-investor,0.28,30
E02383,E02131,parent_company,0.21,47
E01194,E02616,parent_company,0.29,41
E01382,E00750,shared_director,0.44,26
E01984,E01109,shared_director,0.58,10
E01044,E02483,supplier,0.33,25
E02256,E01611,supplier,0.16,17
E02028,E01863,co-investor,0.56,27
E00816,E01089,supplier,0.98,41
E02006,E02439,supplier,0.53,25
E01283,E00490,parent_company,0.26,24
E00224,E00169,supplier,0.35,36
E02193,E01100,parent_company,0.81,48
E02813,E01734,parent_company,0.14,43
E02321,E00246,supplier,0.2,40
E01136,E01165,shared_director,0.32,15
E02533,E02473,co-investor,0.94,23
E00969,E00622,supplier,0.6,21
E00901,E00704,shared_director,0.28,40
E00072,E00657,supplier,0.61,40
E01105,E01992,supplier,0.19,27
E00906,E00992,shared_director,0.65,12
E00903,E01145,supplier,0.1,43
E01264,E01783,shared_director,0.5,15
E00412,E00336,shared_director,0.74,29
E00616,E01575,shared_director,0.12,49
E01113,E00841,shared_director,0.49,34
E01403,E01320,supplier,0.55,40
E01589,E01812,parent_company,0.44,46
E00317,E02462,shared_director,0.25,26
E00849,E00893,co-investor,0.42,18
E01019,E02929,co-investor,0.91,25
E02460,E01924,supplier,0.72,37
E01000,E02644,supplier,0.51,2
E01593,E02342,co-investor,0.42,2
E02011,E01788,shared_director,0.92,6
E01792,E01045,co-investor,0.31,24
E01065,E01961,parent_company,0.25,38
E02642,E02119,parent_company,0.86,25
E01494,E00197,parent_company,0.18,11
E00379,E02521,supplier,0.33,34
E01046,E01856,parent_company,0.36,28
E01141,E00762,parent_company,0.47,11
E02133,E00274,parent_company,0.88,40
E00214,E02346,parent_company,0.36,31
E01734,E00688,parent_company,0.12,13
E02469,E02919,supplier,0.16,7
E01103,E00733,supplier,0.8,36
E01512,E00733,parent_company,0.58,12
E01007,E00036,co-investor,0.87,50
E01116,E02103,supplier,0.55,4
E01614,E00553,parent_company,0.14,10
E00542,E00991,co-investor,0.62,18
E01895,E01007,shared_director,0.26,8
E02923,E01017,parent_company,0.68,49
E00174,E00275,shared_director,0.22,19
E01888,E02167,shared_director,0.71,26
E02255,E02218,shared_director,0.9,30
E02652,E02129,co-investor,0.81,37
E01660,E01030,shared_director,0.25,32
E00518,E00150,parent_company,0.17,24
E01223,E00474,shared_director,0.44,20
E01531,E00098,co-investor,0.54,49
E00066,E00883,shared_director,0.8,49
E00603,E01843,parent_company,0.68,20
E01624,E01002,parent_company,0.11,15
E01799,E01036,shared_director,0.46,46
E01906,E01522,parent_company,0.52,27
E00211,E01006,parent_company,0.91,7
E01211,E01533,supplier,0.42,25
E02677,E01776,supplier,0.64,23
E02100,E02260,shared_director,0.14,31
E00278,E01444,co-investor,0.27,33
E00680,E00046,supplier,0.23,46
E02301,E01105,supplier,0.12,14
E02584,E02135,co-investor,0.12,26
E01369,E02511,shared_director,0.41,21
E01168,E01508,supplier,0.82,38
E00506,E01796,shared_director,0.49,33
E00149,E02730,supplier,1.0,10
E01548,E01353,shared_director,0.76,41
E01095,E00590,parent_company,0.79,13
E00382,E02527,shared_director,0.35,15
E00172,E00181,co-investor,0.11,9
E00797,E01714,parent_company,0.48,10
E01749,E02241,co-investor,0.99,14
E00003,E00272,parent_company,0.87,17
E01977,E00271,parent_company,0.52,11
E02756,E02022,supplier,0.17,30
E01404,E02527,co-investor,0.87,17
E02364,E02288,co-investor,0.67,21
E02158,E00638,co-investor,0.83,50
E01005,E00927,supplier,0.49,18
E01345,E02085,co-investor,0.55,47
E01658,E00211,co-investor,0.82,17
E00437,E00607,parent_company,0.86,15
E01019,E01902,parent_company,0.93,45
E02221,E02072,co-investor,0.47,26
E01718,E02321,co-investor,0.37,16
E00666,E02553,shared_director,0.95,43
E00272,E01286,supplier,0.49,28
E00631,E01697,shared_director,0.98,22
E01518,E00485,co-investor,0.31,32
E01624,E02411,parent_company,0.46,16
E01174,E00997,parent_company,0.4,39
E01340,E02431,shared_director,0.87,7
E00337,E00338,supplier,0.24,28
E02018,E00379,parent_company,0.99,1
E01931,E00728,supplier,0.22,24
E02781,E02809,co-investor,0.7,6
E00166,E00677,co-investor,0.4,3
E02388,E00338,supplier,0.65,13
E00697,E01601,shared_director,0.2,38
E01194,E02521,supplier,0.85,19
E00568,E00267,shared_director,0.65,17
E00645,E02636,supplier,0.55,15
E02823,E01163,supplier,0.45,22
E02724,E00667,shared_director,0.83,23
E02085,E01256,co-investor,0.69,26
E01713,E00964,co-investor,0.7,14
E00986,E01890,parent_company,0.73,3
E00326,E00241,supplier,0.23,29
E00517,E00612,supplier,0.35,22
E02817,E01311,parent_company,0.75,28
E01679,E00503,co-investor,0.94,14
E01939,E02688,supplier,0.43,26
E00785,E01414,supplier,0.14,17
E01596,E00765,shared_director,0.52,26
E02905,E01326,shared_director,0.22,21
E02898,E01730,co-investor,0.96,49
E02321,E02867,parent_company,0.11,11
E01027,E01704,supplier,0.54,22
E00607,E00173,parent_company,0.32,39
E02029,E01139,parent_company,0.75,27
E00158,E00038,co-investor,0.74,40
E01528,E01382,supplier,0.19,50
E02053,E00827,parent_company,0.23,44
E02698,E02069,co-investor,0.58,34
E02419,E02509,parent_company,0.49,47
E00162,E01864,co-investor,0.58,49
E01870,E00183,co-investor,0.4,27
E02414,E02569,supplier,0.53,27
E01899,E02494,parent_company,0.93,38
E00913,E01841,co-investor,0.37,42
E00159,E00940,co-investor,0.46,1
E02174,E00939,supplier,0.3,29
E00979,E01627,supplier,0.49,5
E01121,E02193,shared_director,0.11,47
E02622,E01255,supplier,0.55,38
E00875,E02188,co-investor,0.8,16
E01594,E02297,co-investor,0.26,42
E00821,E00059,shared_director,0.17,42
E01006,E01966,supplier,0.19,48
E01058,E00693,co-investor,0.7,27
E00663,E01747,parent_company,0.76,24
E00400,E01183,co-investor,1.0,45
E02248,E02618,supplier,0.17,10
E00498,E00014,parent_company,0.16,50
E01107,E00734,supplier,0.79,22
E00498,E02050,shared_director,0.56,31
E02737,E02517,co-investor,0.81,23
E00377,E01447,parent_company,0.45,13
E02234,E01026,supplier,0.92,40
E00354,E00260,parent_company,0.23,11
E02139,E02825,parent_company,0.53,49
E02587,E01440,supplier,0.41,25
E01772,E00425,shared_director,0.29,13
E02544,E02612,shared_director,0.8,48
E02857,E00275,parent_company,0.85,50
E02025,E02284,shared_director,0.45,42
E01511,E00816,supplier,0.13,13
E00016,E02339,co-investor,0.12,43
E01526,E02658,co-investor,0.47,1
E01291,E01899,supplier,0.22,7
E02436,E02133,supplier,0.63,31
E02025,E02268,co-investor,0.21,3
E02614,E01299,parent_company,0.38,28
E01202,E00160,supplier,0.15,20
E02724,E00561,co-investor,0.83,10
E01150,E01393,shared_director,0.98,34
E01491,E00308,shared_director,0.38,20
E01667,E00094,supplier,0.98,21
E00757,E02916,supplier,0.88,34
E02470,E02456,supplier,0.43,7
E01083,E01368,co-investor,0.9,12
E02361,E00870,supplier,0.31,18
E01276,E02254,supplier,0.83,36
E02365,E02829,co-investor,0.92,43
E01219,E00412,shared_director,0.78,3
E01278,E01722,supplier,0.69,18
E00214,E00561,supplier,0.18,38
E00017,E00438,shared_director,0.14,24
E01663,E02220,supplier,0.34,38
E02299,E01015,supplier,0.4,12
E02657,E02331,supplier,0.67,2
E01927,E00895,parent_company,0.25,44
E02088,E00978,shared_director,0.1,34
E01120,E02363,parent_company,0.54,16
E00244,E01761,parent_company,0.65,25
E00789,E02162,co-investor,0.41,26
E02420,E01686,co-investor,0.34,40
E00511,E02896,shared_director,0.33,39
E02039,E00006,supplier,0.46,13
E01037,E02832,parent_company,0.62,42
E02377,E00492,parent_company,0.22,3
E00946,E01024,supplier,0.76,44
E01617,E00545,parent_company,0.35,8
E02354,E00012,parent_company,0.75,45
E00057,E01694,supplier,0.41,29
E00592,E00603,supplier,0.88,21
E01684,E01552,co-investor,0.5,13
E02602,E00598,parent_company,0.45,13
E02728,E02713,parent_company,0.54,18
E01792,E00201,co-investor,0.1,30
E00650,E00252,supplier,0.77,34
E01185,E00835,shared_director,0.2,19
E00577,E01161,co-investor,0.26,50
E00057,E01939,supplier,0.63,23
E01242,E02639,parent_company,0.5,45
E01129,E01954,shared_director,0.34,31
E00904,E01795,parent_company,0.12,16
E02643,E01991,shared_director,0.3,36
E02088,E02630,parent_company,0.2,47
E01519,E02139,co-investor,0.72,18
E02697,E02116,co-investor,0.77,2
E00258,E02324,supplier,0.32,19
E01033,E01001,parent_company,0.66,34
E00014,E00611,supplier,0.39,45
E02269,E01720,co-investor,0.1,13
E00768,E00445,co-investor,0.75,28
E01029,E02851,co-investor,0.63,41
E01647,E02744,co-investor,0.19,31
E02559,E00804,parent_company,0.39,22
E01462,E01931,parent_company,0.58,32
E00933,E01765,supplier,0.72,7
E02315,E00562,parent_company,0.47,3
E00840,E01914,shared_director,0.58,48
E00298,E00421,shared_director,0.75,15
E00879,E00895,co-investor,0.19,17
E00048,E02407,shared_director,0.21,18
E02634,E02412,shared_director,0.9,6
E01396,E00970,supplier,0.18,17
E02451,E02200,parent_company,0.14,45
E01135,E02217,parent_company,0.69,45
E00027,E02006,parent_company,0.82,22
E00410,E00364,parent_company,0.93,18
E00001,E01750,co-investor,0.94,49
E01853,E02279,parent_company,0.12,7
E02570,E02342,supplier,0.7,13
E00705,E00643,parent_company,0.76,47
E00735,E00803,parent_company,0.28,19
E01888,E00251,shared_director,0.3,9
E00129,E00483,parent_company,0.43,49
E01228,E02813,shared_director,0.24,5
E00652,E01941,shared_director,0.11,24
E00144,E02184,parent_company,0.72,27
E00445,E00348,parent_company,0.29,10
E01701,E00445,shared_director,0.31,11
E01091,E02924,co-investor,0.9,11
E02435,E02183,parent_company,0.96,28
E00706,E02503,shared_director,0.35,17
E02484,E00878,supplier,0.28,19
E01539,E02194,shared_director,0.93,38
E00473,E02845,parent_company,0.91,15
E02869,E02186,supplier,0.6,26
E02661,E02379,parent_company,0.15,12
E02208,E00950,parent_company,0.32,4
E02083,E02486,supplier,0.32,36
E00343,E01390,supplier,0.33,22
E02249,E00558,parent_company,0.14,32
E00841,E00573,parent_company,0.73,6
E02122,E00606,shared_director,0.16,47
E02597,E02240,supplier,0.76,21
E01888,E00675,co-investor,0.99,22
E00123,E00136,supplier,0.8,50
E02724,E02830,supplier,0.88,47
E00125,E00343,co-investor,0.25,48
E02610,E02400,supplier,0.17,13
E01970,E00403,shared_director,0.81,35
E02653,E01522,supplier,0.81,48
E02478,E00106,parent_company,0.99,21
E01553,E02754,supplier,0.82,33
E02645,E01188,co-investor,0.33,6
E02236,E00606,shared_director,0.36,34
E00314,E00617,parent_company,0.84,19
E02054,E02547,supplier,0.38,31
E00166,E02078,shared_director,0.52,3
E02455,E00201,supplier,0.7,16
E01548,E01415,co-investor,0.18,47
E02114,E01127,parent_company,0.46,37
E00504,E00966,shared_director,0.23,18
E02096,E00934,co-investor,0.43,4
E01500,E01271,parent_company,0.81,25
E00172,E02264,supplier,0.66,4
E01666,E00852,parent_company,0.47,40
E02287,E01885,co-investor,0.81,2
E02558,E02607,parent_company,0.21,4
E01097,E00193,supplier,0.88,17
E02166,E00509,supplier,0.34,47
E01060,E02637,parent_company,0.59,31
E02042,E01020,parent_company,0.44,49
E00769,E02165,supplier,0.46,16
E00635,E02757,supplier,0.23,26
E02536,E02777,co-investor,0.75,34
E02341,E02643,co-investor,0.47,11
E00085,E00995,shared_director,0.78,9
E01509,E02165,shared_director,0.29,20
E01032,E00337,shared_director,0.89,25
E01195,E02588,shared_director,0.24,49
E01531,E01191,supplier,0.27,15
E02768,E01512,co-investor,0.59,12
E01204,E00786,supplier,0.7,31
E01546,E01261,shared_director,0.81,19
E02102,E02359,supplier,0.79,47
E00447,E01509,parent_company,0.6,33
E02125,E00731,co-investor,0.4,9
E01908,E02499,supplier,0.71,22
E00154,E01187,supplier,0.99,19
E00979,E00839,parent_company,0.29,49
E01455,E00796,co-investor,0.63,46
E00501,E01617,parent_company,0.83,7
E00369,E00388,shared_director,0.57,47
E00507,E02230,supplier,0.65,13
E00988,E02431,supplier,0.67,13
E02018,E00888,parent_company,0.46,21
E00925,E00161,shared_director,0.87,47
E00315,E00344,shared_director,0.78,21
E01595,E00391,shared_director,0.96,27
E02264,E02149,supplier,0.11,12
E00855,E00109,supplier,0.63,22
E01700,E00459,parent_company,0.85,34
E00054,E01002,shared_director,0.4,41
E02879,E02038,co-investor,0.76,39
E00491,E01702,supplier,0.89,44
E00876,E01605,co-investor,0.65,23
E00549,E00238,supplier,0.38,5
E00505,E02155,co-investor,0.2,19
E00926,E00948,shared_director,0.58,22
E00109,E02403,parent_company,0.78,27
E00798,E00699,parent_company,0.95,39
E02466,E02072,parent_company,0.17,29
E01127,E01373,co-investor,0.48,6
E01046,E00150,co-investor,0.22,35
E01669,E00176,co-investor,0.67,50
E01383,E00974,shared_director,0.94,28
E01784,E00190,supplier,0.2,9
E01748,E00074,supplier,0.95,4
E02131,E00833,co-investor,0.45,39
E00363,E00112,shared_director,0.24,30
E00298,E01313,parent_company,0.19,12
E00896,E01041,co-investor,0.42,28
E02086,E02254,parent_company,0.49,7
E01989,E02566,shared_director,0.48,36
E02639,E00585,parent_company,0.99,17
E01190,E00166,supplier,0.32,36
E00021,E02162,shared_director,0.8,22
E01223,E00973,shared_director,0.88,36
E02166,E00560,shared_director,0.14,15
E02643,E01534,supplier,0.15,43
E01518,E01850,supplier,0.65,4
E02079,E01509,supplier,0.82,19
E02352,E00745,supplier,0.74,29
E01046,E02388,parent_company,0.46,39
E02893,E02347,shared_director,0.79,37
E01540,E02691,co-investor,0.85,42
E02477,E02459,shared_director,0.18,34
E01211,E00595,co-investor,0.62,41
E02330,E01017,parent_company,0.4,7
E01206,E00088,co-investor,0.61,13
E00718,E00780,supplier,0.27,50
E00914,E01206,parent_company,0.8,28
E01656,E02310,supplier,0.47,45
E00095,E02286,shared_director,0.24,41
E00483,E01873,shared_director,0.98,2
E02630,E01811,parent_company,0.77,20
E02301,E00935,parent_company,0.39,43
E02468,E01482,parent_company,0.91,34
E00568,E02693,supplier,0.85,19
E00013,E01412,shared_director,0.9,8
E00584,E02848,shared_director,0.41,36
E00604,E01664,co-investor,0.59,10
E01779,E02708,co-investor,0.18,36
E01567,E02347,shared_director,0.41,41
E00299,E00888,supplier,0.61,28
E00403,E02753,parent_company,0.79,34
E01285,E02341,co-investor,0.98,49
E00493,E01032,parent_company,0.8,26
E02218,E00611,parent_company,0.63,50
E01273,E02085,co-investor,0.66,3
E00121,E00673,shared_director,0.78,1
E00027,E02735,shared_director,0.64,25
E00257,E00226,supplier,0.85,49
E01586,E02064,parent_company,0.17,43
E00792,E02507,co-investor,0.84,2
E00197,E00272,shared_director,0.58,40
E02656,E01144,supplier,0.36,39
E00300,E01317,supplier,0.51,50
E00726,E02579,parent_company,0.88,29
E02630,E01685,parent_company,0.15,24
E00904,E02612,co-investor,0.34,32
E01805,E01814,co-investor,0.45,4
E02926,E01840,parent_company,0.75,49
E01687,E02751,parent_company,0.64,23
E00080,E02276,supplier,0.77,32
E02562,E01943,shared_director,0.93,11
E02316,E02865,supplier,0.79,17
E00094,E01628,co-investor,0.16,13
E00813,E00831,shared_director,0.31,9
E01287,E01466,parent_company,0.28,26
E00446,E01914,supplier,0.52,14
E00673,E02778,supplier,0.17,11
E00002,E01556,supplier,0.3,28
E00975,E02103,co-investor,0.22,32
E02237,E02349,co-investor,0.44,13
E00894,E01833,supplier,0.9,35
E01216,E01258,co-investor,0.63,47
E00691,E02371,co-investor,0.14,26
E01205,E02091,supplier,0.98,7
E01767,E01129,co-investor,1.0,16
E01851,E00840,co-investor,0.85,26
E01927,E02189,supplier,0.93,30
E02047,E02734,parent_company,0.92,5
E00058,E00662,supplier,0.89,38
E02197,E00748,supplier,0.67,17
E02128,E01720,parent_company,0.62,22
E02013,E02814,shared_director,0.31,28
E00949,E02210,parent_company,0.89,33
E00726,E02227,co-investor,0.47,22
E00938,E02345,shared_director,0.96,2
E02019,E02879,shared_director,0.46,8
E01858,E01960,supplier,0.46,32
E00967,E01660,parent_company,0.87,1
E01496,E00010,shared_director,0.59,6
E02699,E00701,parent_company,0.3,23
E01344,E02761,parent_company,0.18,26
E02781,E02702,co-investor,0.11,22
E02209,E01833,supplier,0.72,26
E02333,E00616,supplier,0.57,50
E00714,E00298,parent_company,0.39,26
E01871,E02434,supplier,0.6,35
E02793,E01100,parent_company,0.49,39
E02220,E01183,supplier,0.96,9
E00155,E01356,supplier,0.96,45
E00942,E02713,shared_director,0.98,39
E02833,E01028,co-investor,0.68,20
E02481,E01384,supplier,0.68,19
E01421,E01851,shared_director,0.97,49
E00147,E02848,shared_director,0.18,12
E00964,E02229,shared_director,0.5,31
E00803,E02209,parent_company,0.12,40
E01852,E01126,shared_director,0.8,40
E00261,E02572,shared_director,0.55,35
E02018,E01575,parent_company,0.87,37
E01788,E02072,shared_director,0.75,10
E00531,E01312,parent_company,0.54,48
E00157,E02635,co-investor,0.71,1
E01633,E02636,parent_company,0.71,16
E01511,E00213,co-investor,0.89,43
E01477,E01599,shared_director,0.75,22
E02809,E01871,supplier,0.13,8
E00688,E01146,parent_company,0.8,22
E01535,E01100,co-investor,0.26,34
E01611,E01887,shared_director,0.28,23
E02505,E01205,parent_company,0.67,41
E00546,E02800,co-investor,0.81,15
E00797,E02238,supplier,0.41,11
E01068,E00327,co-investor,0.27,49
E01384,E01980,parent_company,0.92,22
E01594,E00687,parent_company,0.46,38
E00908,E02846,parent_company,0.41,39
E02812,E01516,supplier,0.3,33
E00436,E02294,shared_director,0.43,2
E02646,E02006,co-investor,0.96,36
E01329,E00065,co-investor,0.78,50
E02786,E01177,co-investor,0.3,13
E01256,E02573,supplier,0.89,33
E02364,E00306,supplier,0.92,39
E01984,E00676,supplier,0.28,46
E01367,E02384,parent_company,0.34,3
E00353,E01492,parent_company,0.46,6
E01333,E01203,shared_director,0.2,21
E00829,E00440,parent_company,0.76,24
E02537,E00879,shared_director,0.53,34
E00399,E00976,shared_director,0.5,21
E00188,E00066,co-investor,0.96,10
E02856,E02636,supplier,0.36,50
E00357,E00145,co-investor,0.26,25
E02522,E02168,supplier,0.73,34
E01937,E02300,supplier,0.64,9
E01958,E00028,co-investor,0.42,16
E02107,E02158,co-investor,0.46,9
E01356,E02284,shared_director,0.47,21
E02391,E02075,shared_director,0.81,29
E02208,E01812,co-investor,0.37,11
E00567,E02019,co-investor,0.56,48
E02742,E01146,co-investor,0.76,28
E01490,E01300,co-investor,0.26,9
E01248,E02517,supplier,0.97,45
E01754,E01362,supplier,0.22,1
E00162,E00176,parent_company,0.82,24
E02619,E00941,parent_company,0.17,16
E00538,E02633,supplier,0.82,21
E00284,E00854,supplier,0.39,31
E00139,E02138,parent_company,0.67,28
E02276,E00747,supplier,0.36,19
E02130,E02150,shared_director,0.45,40
E02010,E00591,shared_director,0.97,45
E00910,E01733,shared_director,0.91,29
E01199,E02635,shared_director,0.23,1
E00532,E01501,parent_company,0.93,19
E00857,E00286,parent_company,0.82,12
E02899,E02226,supplier,0.76,13
E00258,E00518,parent_company,0.65,42
E00030,E02568,co-investor,0.66,4
E01545,E00034,supplier,0.57,27
E01075,E02006,parent_company,0.28,36
E01898,E01414,supplier,0.58,50
E01932,E01655,supplier,0.7,12
E00741,E01434,shared_director,0.52,17
E01488,E02303,co-investor,0.54,25
E00634,E02340,supplier,0.39,40
E00370,E02093,shared_director,0.44,43
E02269,E00988,supplier,0.45,36
E00745,E01801,supplier,0.68,12
E00260,E01873,parent_company,0.28,46
E00890,E02313,parent_company,0.96,2
E01335,E00745,parent_company,0.24,37
E02519,E00877,shared_director,0.89,7
E01750,E01340,supplier,0.68,16
E02266,E02256,parent_company,0.31,11
E01332,E02676,co-investor,0.73,16
E02366,E02213,parent_company,0.39,20
E01093,E01712,supplier,0.54,42
E01897,E02020,parent_company,0.25,26
E01188,E01013,supplier,0.61,17
E01040,E02366,shared_director,0.65,47
E00478,E00740,shared_director,0.64,38
E01798,E00012,parent_company,0.61,29
E00287,E00664,supplier,0.4,43
E02441,E01920,shared_director,0.75,14
E02009,E02900,co-investor,0.22,36
E02126,E00996,parent_company,0.23,44
E00404,E00552,co-investor,0.46,47
E00223,E02245,parent_company,0.26,3
E01087,E02271,shared_director,0.65,44
E01908,E02125,shared_director,0.41,14
E02840,E02888,co-investor,0.7,23
E00757,E00970,shared_director,0.93,49
E00166,E00828,supplier,0.35,20
E00968,E01589,supplier,0.83,37
E01314,E00449,shared_director,0.16,11
E00861,E02337,supplier,0.12,10
E02634,E02365,parent_company,0.8,47
E02404,E01427,supplier,0.18,13
E01958,E01136,parent_company,0.15,13
E00021,E02362,shared_director,0.99,6
E00862,E02814,shared_director,0.18,8
E00595,E01630,supplier,0.67,47
E00622,E00474,parent_company,0.24,44
E02869,E01886,shared_director,0.52,43
E00572,E00220,supplier,0.65,48
E02759,E00366,supplier,0.2,26
E00429,E00531,parent_company,0.14,40
E00131,E01829,parent_company,0.75,43
E02168,E01793,parent_company,0.28,40
E00877,E00152,co-investor,0.61,28
E01558,E01382,parent_company,0.58,43
E00733,E01866,co-investor,0.8,7
E00613,E01156,parent_company,0.19,19
E00094,E02288,shared_director,0.66,9
E01381,E00036,co-investor,0.98,10
E02443,E01175,shared_director,0.22,38
E00794,E02870,co-investor,1.0,23
E01559,E00271,supplier,0.82,14
E02932,E02732,co-investor,0.22,45
E02390,E02034,supplier,0.8,15
E01859,E00486,parent_company,0.35,28
E01471,E02252,co-investor,0.59,25
E01258,E00534,parent_company,0.86,17
E00307,E00640,supplier,0.23,31
E00221,E01731,supplier,0.43,11
E01964,E00946,shared_director,0.35,11
E02454,E02538,supplier,0.5,47
E00350,E01767,shared_director,0.88,2
E01689,E00935,parent_company,0.21,19
E02176,E02663,supplier,0.41,17
E00650,E02804,supplier,0.3,46
E01170,E00133,parent_company,0.15,2
E02524,E01488,shared_director,0.96,37
E02621,E01850,co-investor,0.48,20
E02552,E00266,co-investor,0.5,44
E01426,E01524,co-investor,0.48,12
E01009,E01030,shared_director,0.86,9
E01029,E01892,shared_director,0.1,3
E02274,E00244,supplier,0.82,33
E00503,E00159,parent_company,0.12,48
E01690,E02269,parent_company,0.19,26
E01132,E00369,shared_director,0.25,34
E00175,E02230,supplier,0.57,47
E02746,E01501,shared_director,0.2,38
E00125,E00444,co-investor,0.73,30
E00346,E00801,supplier,0.47,7
E01010,E00221,shared_director,0.74,22
E00327,E00196,co-investor,0.43,34
E01129,E02016,co-investor,0.28,26
E00717,E00468,parent_company,0.12,37
E01783,E00745,co-investor,0.58,34
E02771,E01456,shared_director,0.48,28
E02442,E01040,shared_director,0.13,8
E02299,E00023,co-investor,0.28,43
E00821,E02487,shared_director,0.24,29
E01042,E01792,shared_director,0.49,10
E00324,E01447,supplier,0.57,9
E02866,E01946,supplier,0.13,18
E01651,E01700,shared_director,0.19,22
E02568,E02414,supplier,0.78,8
E00208,E01831,shared_director,0.7,8
E01034,E00153,supplier,0.77,17
E02399,E00967,supplier,0.84,37
E02867,E02898,co-investor,0.62,21
E01022,E02735,supplier,0.38,12
E00174,E01047,supplier,0.83,20
E02649,E02450,shared_director,0.94,26
E02483,E02168,shared_director,0.67,42
E00267,E00814,shared_director,0.63,44
E00493,E01699,shared_director,0.64,48
E01199,E00419,shared_director,0.92,7
E00609,E00886,shared_director,0.36,4
E01987,E01966,co-investor,0.32,12
E01321,E01790,parent_company,0.29,45
E02112,E02744,co-investor,0.62,8
E02501,E01828,supplier,0.16,17
E00677,E01765,parent_company,0.12,30
E00209,E02112,shared_director,0.84,35
E00703,E00433,supplier,0.47,11
E02707,E02726,supplier,0.67,43
E02572,E01063,supplier,0.86,35
E00343,E00964,co-investor,0.72,49
E02520,E02342,shared_director,0.91,8
E00343,E01821,supplier,0.76,35
E02063,E02564,co-investor,0.94,33
E00126,E00290,shared_director,0.9,20
E02192,E00567,parent_company,0.78,29
E01459,E02138,parent_company,0.61,29
E02077,E01532,shared_director,0.94,35
E00707,E00253,supplier,0.33,3
E01716,E01943,co-investor,0.53,6
E00737,E00774,shared_director,0.61,20
E02440,E01652,supplier,0.79,43
E00345,E00647,shared_director,0.71,38
E01108,E00678,shared_director,0.6,33
E00617,E01898,shared_director,0.62,43
E01955,E02723,supplier,0.34,38
E01453,E00940,supplier,0.33,6
E02380,E01735,supplier,0.42,3
E02025,E02261,parent_company,0.26,19
E02762,E02831,parent_company,0.4,25
E01451,E00439,shared_director,0.62,43
E02745,E02627,shared_director,0.26,41
E00186,E02478,shared_director,0.73,19
E02498,E01542,shared_director,0.59,47
E01085,E02506,shared_director,0.12,29
E02096,E01280,parent_company,0.16,1
E00627,E02298,co-investor,0.19,10
E00655,E01457,parent_company,0.84,27
E01128,E02223,parent_company,0.1,37
E00910,E01090,shared_director,0.58,33
E00934,E02516,supplier,0.89,9
E01059,E01619,shared_director,0.24,49
E02160,E01824,supplier,0.48,40
E00260,E00366,co-investor,0.17,8
E02403,E01017,co-investor,0.7,39
E02622,E00669,parent_company,0.74,7
E00953,E00874,shared_director,0.75,1
E01400,E00765,parent_company,0.14,17
E01316,E02279,supplier,0.46,50
E02869,E00090,parent_company,0.42,18
E01238,E02030,parent_company,0.34,40
E00399,E01757,co-investor,0.69,13
E02855,E01185,co-investor,0.13,37
E01706,E01647,supplier,0.52,48
E01984,E00268,parent_company,0.73,39
E02205,E02348,supplier,0.59,47
E00012,E01642,shared_director,0.85,10
E00397,E01113,supplier,0.5,27
E02118,E00429,parent_company,0.86,40
E00757,E01616,shared_director,0.95,35
E01730,E02526,parent_company,0.73,38
E01622,E02853,shared_director,0.38,33
E01562,E02324,co-investor,0.72,6
E01341,E01394,co-investor,0.98,43
E00202,E00454,supplier,0.65,47
E02454,E02784,parent_company,0.15,44
E01957,E01480,parent_company,0.73,25
E02846,E00183,co-investor,0.2,31
E00322,E01731,supplier,0.3,39
E02203,E02275,shared_director,0.29,21
E01019,E01683,parent_company,0.19,38
E01065,E01343,co-investor,0.64,25
E01989,E00032,supplier,0.12,42
E02668,E02345,co-investor,0.83,20
E02173,E02378,co-investor,0.26,19
E01542,E01537,co-investor,0.81,48
E02281,E02513,shared_director,0.49,27
E00205,E01339,shared_director,0.34,1
E01273,E01290,shared_director,0.88,32
E01815,E01393,supplier,0.61,20
E01307,E00905,parent_company,0.8,39
E00119,E01742,parent_company,0.32,24
E01058,E01657,shared_director,0.8,41
E00755,E01716,co-investor,0.73,4
E00445,E01625,co-investor,0.64,23
E00938,E00220,supplier,0.73,44
E01743,E00657,parent_company,0.21,10
E01205,E00742,shared_director,0.49,31
E02843,E02690,shared_director,0.38,9
E01295,E02512,supplier,0.45,7
E00324,E00725,co-investor,0.74,7
E00379,E01526,co-investor,0.58,34
E02620,E01591,supplier,0.11,35
E00062,E00444,shared_director,0.63,26
E01971,E02913,shared_director,0.99,9
E00803,E00325,parent_company,0.62,23
E01819,E00056,co-investor,0.5,46
E01674,E01078,parent_company,0.67,28
E00312,E00604,supplier,0.93,4
E00836,E02166,co-investor,0.31,49
E01961,E01402,parent_company,0.49,45
E02412,E01581,supplier,0.52,23
E02604,E00692,co-investor,0.99,33
E00717,E01269,parent_company,0.21,36
E02846,E00953,co-investor,0.89,24
E01100,E00194,supplier,0.71,28
E01043,E01252,co-investor,0.36,30
E01387,E00597,parent_company,0.86,5
E00457,E00574,parent_company,0.24,46
E01833,E01170,shared_director,0.71,40
E00348,E01847,shared_director,0.91,26
E00845,E00995,co-investor,0.68,44
E00682,E02005,parent_company,0.13,36
E02208,E01555,parent_company,0.84,31
E01449,E02926,supplier,0.69,4
E00276,E02486,shared_director,0.97,3
E01045,E01348,parent_company,0.13,39
E00941,E01332,parent_company,0.34,15
E01356,E00941,co-investor,0.11,45
E02599,E00426,supplier,0.74,26
E01805,E01943,co-investor,0.56,5
E01741,E01415,parent_company,0.35,17
E02745,E01473,co-investor,0.34,4
E02178,E00862,co-investor,0.72,31
E02469,E02538,parent_company,0.51,36
E00439,E00064,co-investor,0.32,39
E00506,E00603,shared_director,0.96,33
E02708,E01047,shared_director,0.82,37
E02373,E01744,parent_company,0.9,49
E02829,E02453,supplier,0.38,21
E01972,E02371,parent_company,0.85,7
E01124,E01841,parent_company,0.33,15
E00150,E00367,shared_director,0.74,12
E01097,E00542,parent_company,0.85,42
E00928,E02427,shared_director,0.25,16
E00976,E02327,supplier,0.24,8
E02647,E02702,shared_director,0.13,11
E02321,E00861,parent_company,0.57,33
E00203,E02916,parent_company,0.25,8
E00184,E00480,supplier,0.27,12
E00009,E00067,supplier,0.72,25
E01890,E01778,shared_director,0.2,2
E02081,E02587,shared_director,0.74,8
E00046,E02244,supplier,0.84,13
E01527,E01572,supplier,0.36,47
E00964,E02266,co-investor,0.94,42
E01000,E02627,supplier,0.63,49
E00195,E01977,co-investor,0.48,49
E02255,E02628,parent_company,0.28,20
E01674,E02412,co-investor,0.85,7
E00143,E00015,parent_company,0.76,2
E01873,E01656,parent_company,0.1,18
E01350,E02410,shared_director,0.49,5
E01358,E00081,supplier,0.49,43
E01598,E01729,co-investor,0.18,1
E02652,E01610,co-investor,0.37,6
E02904,E00370,parent_company,0.99,1
E01831,E02219,co-investor,0.19,40
E02423,E01102,shared_director,0.14,40
E00062,E01505,parent_company,0.49,36
E00829,E01206,parent_company,0.44,47
E02325,E02313,shared_director,0.24,39
E01881,E00064,parent_company,0.59,36
E02276,E02131,supplier,0.53,44
E02706,E02625,shared_director,0.8,5
E01492,E00126,co-investor,0.82,28
E00740,E01487,shared_director,0.86,37
E01862,E01545,supplier,0.72,16
E00519,E00092,supplier,0.22,45
E01469,E01862,parent_company,0.44,20
E00323,E02267,supplier,0.78,37
E01510,E00571,supplier,0.81,24
E01375,E02091,co-investor,0.97,8
E01887,E01994,shared_director,0.36,6
E02749,E00566,shared_director,0.37,39
E00758,E00306,supplier,0.59,42
E02259,E00593,co-investor,0.18,46
E02426,E01650,parent_company,0.49,12
E00667,E00578,shared_director,0.4,38
E00305,E01841,supplier,0.83,17
E01501,E01092,parent_company,0.19,36
E01420,E02790,co-investor,0.44,3
E01307,E01783,parent_company,0.1,37
E00580,E00518,co-investor,0.55,1
E02910,E02354,supplier,0.94,4
E00260,E02590,shared_director,0.3,46
E01402,E01680,co-investor,0.96,30
E00704,E00866,parent_company,0.35,31
E00728,E02061,parent_company,0.93,40
E01344,E01147,supplier,0.15,32
E02131,E02671,parent_company,0.24,17
E01854,E00985,supplier,0.22,27
E00297,E01596,co-investor,0.11,5
E00242,E01440,supplier,0.18,37
E01523,E00005,parent_company,0.86,7
E02691,E00353,co-investor,0.27,6
E00179,E01486,parent_company,0.95,29
E00219,E02333,parent_company,0.28,3
E01894,E00291,shared_director,0.63,44
E00061,E00019,shared_director,0.33,45
E02678,E00355,co-investor,0.61,21
E02864,E01201,parent_company,0.83,10
E02325,E02138,shared_director,0.47,36
E02348,E00874,shared_director,0.41,39
E01054,E01143,shared_director,0.79,27
E00361,E02558,parent_company,0.98,13
E01274,E02206,supplier,0.29,50
E00290,E00146,co-investor,0.4,10
E01441,E02300,shared_director,0.3,12
E00282,E01919,co-investor,0.29,47
E01475,E01794,co-investor,0.57,16
E01382,E00621,shared_director,0.58,26
E01119,E02236,shared_director,0.14,28
E01835,E00794,parent_company,0.99,17
E01228,E02220,parent_company,0.59,12
E01303,E00934,shared_director,0.93,41
E01221,E01663,parent_company,0.59,22
E01369,E00218,shared_director,0.83,18
E02887,E00206,shared_director,0.42,40
E01375,E01444,supplier,0.43,26
E00654,E00844,parent_company,0.76,1
E02434,E00140,co-investor,0.91,21
E00439,E00175,shared_director,0.67,20
E00113,E02729,supplier,0.9,7
E00342,E00411,shared_director,0.8,25
E00389,E02462,supplier,0.23,19
E02885,E01824,shared_director,0.15,45
E00726,E00689,supplier,0.47,40
E01520,E00958,co-investor,0.84,18
E02862,E00341,parent_company,1.0,6
E02732,E00554,parent_company,0.49,21
E02318,E01464,supplier,0.11,27
E02866,E00208,supplier,0.39,22
E00879,E00750,co-investor,0.97,42
E02812,E02410,co-investor,0.5,40
E01392,E00132,shared_director,0.35,32
E00410,E01815,parent_company,0.86,30
E02437,E02256,supplier,0.94,46
E02417,E02761,co-investor,0.68,15
E02730,E00270,supplier,0.11,26
E01180,E02776,parent_company,0.97,50
E00050,E00833,supplier,0.1,23
E00517,E00129,parent_company,0.49,33
E02506,E02862,co-investor,0.16,35
E01229,E02568,supplier,0.96,42
E01380,E02521,parent_company,0.96,23
E01418,E00998,co-investor,0.72,22
E00601,E00188,co-investor,0.45,3
E00243,E01670,shared_director,0.61,37
E00054,E02639,supplier,0.46,28
E02243,E00241,supplier,0.59,46
E01800,E01956,co-investor,0.14,45
E00990,E01962,co-investor,0.72,9
E00893,E02713,parent_company,0.61,19
E01257,E02380,co-investor,0.88,2
E00012,E01609,shared_director,0.51,49
E00644,E01369,co-investor,0.11,11
E02593,E01426,supplier,0.17,14
E01555,E01283,co-investor,0.22,26
E00753,E01171,supplier,0.51,17
E00753,E02385,supplier,0.66,43
E02346,E02878,parent_company,0.3,15
E01261,E01356,supplier,0.16,48
E00131,E02341,supplier,0.68,27
E02773,E00191,co-investor,0.32,41
E02216,E02277,shared_director,0.56,16
E00058,E00621,supplier,0.18,26
E01819,E00901,parent_company,0.65,1
E01154,E02779,co-investor,0.96,30
E01369,E02305,shared_director,0.39,37
E00763,E00360,parent_company,0.63,38
E01735,E01277,parent_company,0.46,15
E00985,E01717,parent_company,0.82,45
E00580,E01875,co-investor,0.42,12
E00319,E01048,shared_director,0.98,2
E02847,E02441,parent_company,0.1,29
E00470,E00373,co-investor,0.86,15
E02924,E02256,supplier,0.26,28
E02869,E00690,supplier,0.68,39
E02705,E00701,supplier,0.42,34
E00510,E02140,shared_director,0.75,44
E01500,E02317,supplier,0.49,50
E00460,E02061,shared_director,0.29,24
E01362,E02254,supplier,0.76,21
E02331,E01900,shared_director,0.25,45
E00386,E01564,supplier,0.74,49
E01392,E00969,shared_director,0.58,45
E02474,E00885,supplier,0.59,25
E02494,E00634,shared_director,0.91,33
E01131,E01359,co-investor,0.88,43
E00394,E02105,parent_company,0.25,49
E01953,E00666,supplier,0.15,36
E00876,E02520,co-investor,0.58,41
E00937,E00555,parent_company,0.15,6
E01137,E01142,shared_director,0.99,42
E00866,E00540,supplier,0.16,24
E02365,E02468,parent_company,0.73,44
E00519,E02570,supplier,0.21,41
E00852,E00208,co-investor,0.94,45
E00612,E00898,parent_company,0.22,29
E02040,E01472,parent_company,0.73,7
E00999,E01528,parent_company,0.14,50
E00536,E02062,supplier,0.48,4
E01668,E01039,shared_director,0.28,44
E00236,E01411,parent_company,0.94,29
E01872,E01883,co-investor,0.46,38
E00394,E02504,parent_company,0.22,5
E02801,E00094,parent_company,0.99,6
E01703,E02797,supplier,0.52,25
E02491,E00168,parent_company,0.62,34
E00894,E00489,supplier,0.34,48
E02217,E01131,supplier,0.66,26
E00665,E00618,supplier,0.82,13
E00486,E01720,shared_director,0.11,4
E01503,E01663,co-investor,0.97,27
E01611,E01887,supplier,0.44,45
E01614,E00627,supplier,0.61,26
E01483,E01482,supplier,0.37,19
E01044,E01231,supplier,0.5,28
E01604,E00805,co-investor,0.64,13
E00921,E02325,shared_director,0.41,20
E02652,E02477,shared_director,0.25,13
E00531,E00692,shared_director,0.22,8
E00363,E01211,parent_company,0.33,27
E02726,E00563,co-investor,0.95,36
E02849,E01314,co-investor,0.71,7
E02782,E02109,supplier,0.58,32
E02434,E02815,supplier,0.77,27
E00605,E02620,parent_company,0.75,46
E00347,E02696,shared_director,0.34,13
E02293,E01388,parent_company,0.9,47
E01154,E01888,parent_company,0.9,43
E00236,E01494,parent_company,0.3,17
E00829,E00143,parent_company,0.17,46
E01499,E02739,shared_director,0.47,24
E01094,E01515,shared_director,0.8,25
E02826,E02309,co-investor,0.55,30
E01645,E02404,co-investor,0.75,41
E01375,E00817,co-investor,0.97,28
E01519,E02312,shared_director,0.99,18
E01610,E01584,shared_director,0.97,5
E01765,E00855,co-investor,0.21,12
E01406,E01170,co-investor,0.12,45
E00033,E02346,co-investor,0.93,40
E01255,E02081,supplier,0.83,12
E01635,E02441,parent_company,0.39,24
E02359,E01562,shared_director,0.37,29
E00745,E00463,parent_company,0.11,18
E00560,E00982,co-investor,0.8,38
E00487,E01089,parent_company,0.45,19
E00216,E02735,co-investor,0.69,38
E00801,E01016,parent_company,0.95,8
E01233,E01298,co-investor,0.29,4
E01855,E02321,shared_director,0.3,50
E01876,E00926,supplier,0.96,44
E00075,E00123,supplier,0.55,34
E01460,E00685,parent_company,0.94,6
E01509,E02249,shared_director,0.18,36
E01151,E01304,parent_company,0.29,43
E01145,E00722,shared_director,0.9,33
E01887,E01064,co-investor,0.86,42
E02781,E02041,supplier,0.2,13
E02633,E00671,supplier,0.72,27
E01399,E00605,parent_company,0.91,30
E01856,E00541,shared_director,0.46,21
E01666,E00772,parent_company,0.52,8
E01142,E00254,supplier,0.93,41
E02869,E01463,parent_company,0.83,35
E00258,E00101,co-investor,0.39,34
E02697,E00187,supplier,0.12,10
E01982,E02796,parent_company,0.76,5
E01267,E00764,co-investor,0.52,13
E00492,E01743,supplier,0.64,15
E02350,E02836,supplier,0.79,14
E01631,E02168,supplier,0.54,11
E00144,E00813,supplier,0.28,40
E01417,E01438,parent_company,0.57,26
E00721,E00110,parent_company,0.62,41
E01986,E01009,co-investor,0.22,24
E02521,E01443,parent_company,0.92,10
E00693,E00618,shared_director,0.3,40
E00779,E02139,parent_company,0.1,24
E01941,E02832,parent_company,0.8,15
E00530,E00929,shared_director,0.48,33
E01434,E00143,shared_director,0.46,4
E02258,E01881,supplier,0.56,25
E02487,E02040,supplier,0.79,11
E00819,E01562,supplier,0.19,32
E00511,E00639,shared_director,0.19,42
E02268,E00911,parent_company,0.74,32
E02729,E02582,shared_director,0.93,49
E01074,E02188,co-investor,0.8,31
E00821,E01329,shared_director,0.78,9
E00595,E00860,parent_company,0.98,10
E00581,E00662,supplier,0.67,49
E02489,E01197,co-investor,1.0,23
E02295,E02746,parent_company,0.75,43
E02808,E02586,parent_company,0.26,23
E01659,E00235,shared_director,0.26,40
E01383,E00865,co-investor,0.69,25
E00993,E02603,shared_director,0.88,16
E00274,E02654,supplier,0.58,18
E01626,E02801,shared_director,0.35,16
E00026,E01989,co-investor,0.31,36
E01249,E00500,co-investor,0.23,43
E00294,E00901,shared_director,0.26,43
E00235,E02084,co-investor,0.7,15
E02339,E01940,co-investor,0.45,21
E01134,E01951,supplier,0.43,17
E02330,E00298,parent_company,0.94,43
E00276,E01509,supplier,0.49,47
E01097,E00295,supplier,0.61,44
E01402,E01352,shared_director,0.34,37
E02747,E00375,shared_director,0.63,14
E02421,E01315,shared_director,0.59,23
E00758,E00247,shared_director,0.82,9
E00075,E01039,parent_company,0.49,11
E02731,E00062,supplier,0.66,42
E02033,E00394,parent_company,0.76,6
E00614,E01260,supplier,0.95,37
E00998,E01762,shared_director,0.52,37
E02652,E01860,shared_director,0.13,34
E01944,E00884,supplier,0.25,32
E01982,E00948,supplier,0.82,50
E00760,E00541,shared_director,0.69,44
E00116,E01886,co-investor,0.73,34
E02191,E02547,shared_director,0.68,27
E01444,E00972,parent_company,0.95,44
E02342,E02861,co-investor,0.28,39
E00376,E02581,shared_director,0.4,13
E00127,E02100,co-investor,0.26,8
E00593,E00188,parent_company,0.21,5
E01442,E00097,co-investor,0.54,25
E01116,E01159,shared_director,0.82,19
E01966,E00029,supplier,0.1,27
E02299,E01902,shared_director,0.38,35
E02726,E01783,shared_director,0.46,37
E01835,E02430,shared_director,0.93,6
E01720,E00825,shared_director,0.9,28
E02829,E00139,co-investor,0.87,3
E00095,E01666,parent_company,0.42,45
E00904,E01927,parent_company,0.13,48
E01582,E01116,shared_director,0.65,30
E01808,E00324,supplier,0.89,37
E02663,E01467,parent_company,0.61,25
E00913,E01316,parent_company,0.14,24
E02432,E01909,supplier,0.26,23
E00452,E00662,parent_company,0.52,44
E00846,E01748,co-investor,0.31,6
E01287,E02516,co-investor,0.92,40
E02293,E02335,co-investor,0.65,23
E01154,E01696,shared_director,0.32,22
E01073,E01197,parent_company,0.38,17
E00299,E01251,supplier,0.46,39
E02413,E01002,parent_company,0.85,17
E01130,E02369,shared_director,0.36,37
E01105,E01680,co-investor,0.12,49
E02769,E02693,parent_company,0.23,4
E02431,E01345,shared_director,0.22,47
E01954,E00896,co-investor,0.19,11
E00425,E00033,shared_director,0.22,45
E00710,E00472,shared_director,0.79,31
E01339,E01235,co-investor,0.27,41
E02908,E01691,co-investor,0.4,38
E00541,E00515,supplier,0.32,3
E01237,E01140,shared_director,0.86,25
E00263,E00608,parent_company,0.61,2
E00580,E01458,supplier,0.22,8
E00836,E01891,co-investor,0.87,23
E02166,E02896,shared_director,0.27,38
E01382,E02573,shared_director,0.97,36
E01763,E00324,parent_company,0.95,17
E02892,E01477,co-investor,0.27,45
E01341,E01625,shared_director,0.3,5
E00913,E02221,co-investor,0.14,14
E01215,E00752,parent_company,0.85,11
E02748,E00556,supplier,0.87,13
E01270,E01874,co-investor,0.26,27
E00852,E02688,supplier,0.12,15
E02717,E01847,shared_director,0.55,45
E02764,E02696,shared_director,0.8,35
E00115,E00134,co-investor,0.74,10
E02331,E01150,shared_director,0.78,4
E00627,E02679,supplier,0.68,32
E01795,E01172,supplier,0.52,13
E00154,E01238,parent_company,0.86,4
E00636,E00936,co-investor,0.95,11
E00664,E02291,co-investor,0.48,22
E00743,E01837,co-investor,0.76,49
E00654,E00815,parent_company,0.22,10
E02555,E00958,supplier,0.22,9
E01353,E01644,supplier,0.29,1
E00941,E00090,parent_company,0.28,27
E01919,E01807,supplier,0.76,8
E02746,E01753,shared_director,0.43,1
E01793,E01749,parent_company,0.8,40
E02499,E01423,co-investor,0.32,48
E00233,E00711,co-investor,0.68,14
E00230,E00321,parent_company,0.92,48
E02383,E02278,co-investor,0.83,11
E00963,E00119,parent_company,0.34,9
E00192,E00521,co-investor,0.51,38
E00068,E00373,shared_director,0.75,11
E02712,E00543,co-investor,0.15,24
E00240,E01800,shared_director,0.92,17
E02706,E02239,shared_director,0.76,7
E01951,E02631,shared_director,0.39,17
E01696,E00434,parent_company,0.93,4
E01583,E01474,parent_company,0.58,29
E00632,E02776,shared_director,0.67,22
E02072,E00263,parent_company,0.24,39
E00165,E02396,co-investor,0.45,49
E02187,E01155,co-investor,0.92,47
E00604,E01014,shared_director,0.32,13
E01849,E02349,supplier,0.81,7
E00533,E00347,supplier,0.98,8
E02175,E01876,supplier,0.31,23
E02820,E02265,shared_director,0.83,48
E02516,E00205,supplier,0.51,4
E01986,E01194,supplier,0.82,15
E02451,E00619,co-investor,0.19,40
E02529,E01032,co-investor,0.26,21
E00449,E02024,supplier,0.26,10
E02017,E01589,co-investor,0.32,36
E01862,E00745,parent_company,0.12,19
E00613,E00592,supplier,0.44,25
E02782,E01313,co-investor,0.63,42
E01567,E00788,parent_company,0.77,1
E02836,E02211,parent_company,0.28,19
E01206,E01238,shared_director,0.89,2
E01249,E02058,shared_director,0.56,38
E01355,E00049,co-investor,0.52,11
E00043,E01533,shared_director,0.79,44
E01431,E00293,co-investor,0.27,44
E01836,E02036,co-investor,0.66,12
E01628,E01750,parent_company,0.24,39
E01297,E01697,parent_company,0.34,29
E02040,E01943,co-investor,0.82,11
E01470,E02324,parent_company,0.12,6
E01636,E01431,supplier,0.23,39
E00549,E00114,co-investor,0.62,11
E00619,E02427,co-investor,0.21,21
E01682,E00895,supplier,0.24,21
E01294,E02724,shared_director,0.31,16
E01898,E02738,parent_company,0.68,12
E02550,E01216,parent_company,0.14,25
E00312,E01374,co-investor,0.66,2
E02648,E02740,co-investor,0.19,14
E00439,E00914,supplier,0.14,37
E02190,E00920,parent_company,0.16,42
E00343,E00725,parent_company,0.18,12
E00313,E01525,co-investor,0.56,8
E02914,E01526,parent_company,0.88,35
E01709,E02195,shared_director,0.99,20
E00035,E00426,supplier,0.58,17
E02279,E02201,supplier,0.45,20
E00548,E02760,supplier,0.14,25
E00728,E02335,shared_director,0.5,34
E01968,E01002,co-investor,0.57,50
E01589,E02613,shared_director,0.35,26
E01274,E00487,shared_director,0.75,14
E01214,E02698,parent_company,0.2,10
E02929,E01787,parent_company,0.26,13
E00750,E00071,co-investor,0.72,3
E01165,E00669,co-investor,0.58,8
E01153,E01990,supplier,0.18,40
E01829,E00629,shared_director,0.63,39
E02511,E01138,supplier,0.69,33
E02861,E00816,supplier,0.76,2
E00234,E00899,shared_director,0.48,2
E02819,E00689,supplier,0.16,23
E00806,E00661,co-investor,0.27,26
E00773,E00395,supplier,0.39,3
E01338,E00736,co-investor,0.32,34
E00963,E02253,supplier,0.94,36
E02823,E00663,shared_director,0.86,40
E00701,E02704,supplier,0.15,26
E02188,E02857,shared_director,0.25,30
E01787,E01000,parent_company,0.26,36
E00848,E02055,shared_director,0.71,14
E00879,E01982,shared_director,0.91,6
E02072,E01378,supplier,0.89,35
E01649,E00726,shared_director,0.51,16
E01778,E02262,co-investor,0.97,7
E00004,E00305,parent_company,0.24,33
E00643,E00824,parent_company,0.75,10
E00407,E02757,parent_company,0.41,12
E01889,E02458,supplier,0.58,21
E02901,E02869,supplier,0.47,31
E02020,E01580,supplier,0.69,28
E02577,E01517,parent_company,0.11,35
E02141,E00412,co-investor,0.32,5
E02545,E00522,shared_director,0.65,27
E00479,E01887,supplier,0.42,38
E01717,E02374,parent_company,0.59,20
E01434,E02707,shared_director,0.26,44
E00069,E02934,parent_company,0.73,25
E01510,E02851,shared_director,0.58,49
E00700,E02506,co-investor,0.62,7
E00567,E01326,shared_director,0.28,40
E02078,E02430,parent_company,0.41,15
E02468,E01118,shared_director,0.67,1
E01821,E01221,parent_company,0.62,39
E00093,E01823,co-investor,0.66,10
E02529,E01688,shared_director,0.63,20
E00258,E01794,shared_director,0.54,36
E00016,E02267,shared_director,0.38,44
E02040,E01045,co-investor,0.72,37
E01165,E01662,co-investor,0.17,33
E00793,E02492,co-investor,0.2,30
E00994,E01184,shared_director,0.57,41
E01407,E00845,shared_director,0.76,35
E02185,E00438,shared_director,0.36,38
E02187,E00115,co-investor,0.36,1
E02478,E00683,shared_director,0.89,21
E00701,E00485,supplier,0.25,9
E01879,E00161,shared_director,0.46,36
E02466,E00251,supplier,0.86,12
E01109,E02190,co-investor,0.42,7
E00908,E00003,parent_company,0.89,3
E01352,E01977,co-investor,0.7,35
E02258,E00971,shared_director,0.34,48
E00435,E02267,co-investor,0.47,16
E00060,E00612,shared_director,0.81,1
E00194,E00003,parent_company,0.14,23
E01599,E02781,shared_director,0.19,50
E02444,E01458,parent_company,0.12,23
E01587,E01200,supplier,0.6,50
E02316,E00785,shared_director,0.98,43
E01206,E01770,shared_director,0.61,33
E01966,E00080,supplier,0.58,11
E01698,E02633,supplier,0.13,41
E00836,E01752,co-investor,0.9,8
E00195,E00946,co-investor,0.93,20
E01033,E00539,supplier,0.45,18
E02725,E01405,shared_director,0.6,26
E01533,E00676,co-investor,0.95,25
E00581,E00517,supplier,0.39,23
E02504,E02447,shared_director,0.89,9
E01292,E01743,parent_company,0.27,12
E00512,E02495,supplier,0.4,14
E02602,E02653,co-investor,0.5,2
E01060,E02044,co-investor,0.53,25
E01244,E02217,co-investor,0.72,21
E01526,E02447,parent_company,0.64,21
E00700,E00395,parent_company,0.58,21
E00026,E02004,supplier,0.97,19
E01365,E01425,parent_company,0.19,45
E02441,E00231,supplier,0.77,26
E00524,E02697,parent_company,0.95,5
E01935,E00971,parent_company,0.67,30
E02027,E00644,shared_director,0.8,35
E02632,E02235,parent_company,0.66,36
E01315,E02918,co-investor,0.6,11
E00742,E02394,co-investor,0.25,23
E00574,E02920,co-investor,0.19,8
E02058,E01343,shared_director,0.43,6
E01838,E00273,supplier,0.4,4
E02168,E02609,supplier,0.43,39
E00380,E01059,shared_director,0.51,18
E01932,E00944,co-investor,0.67,23
E00579,E01219,shared_director,0.89,47
E01212,E00460,shared_director,0.21,38
E01230,E02877,shared_director,0.28,19
E02471,E00833,supplier,0.4,32
E02092,E02189,supplier,0.3,8
E02171,E00892,shared_director,0.17,5
E02820,E00824,parent_company,0.84,34
E02462,E00747,shared_director,0.94,33
E01944,E02073,parent_company,0.83,36
E00280,E01445,parent_company,0.53,31
E00805,E00040,co-investor,0.84,28
E00754,E01295,supplier,0.38,8
E01824,E02833,co-investor,0.47,43
E00872,E01342,parent_company,0.53,33
E00205,E00416,supplier,0.42,44
E01960,E00771,co-investor,0.35,25
E02034,E00359,shared_director,0.5,25
E00666,E02427,shared_director,0.63,5
E01272,E00920,parent_company,0.83,9
E02408,E02477,co-investor,0.9,41
E01762,E01074,co-investor,0.15,38
E02356,E02400,supplier,0.72,8
E00198,E02181,co-investor,0.53,37
E00070,E02177,parent_company,0.85,44
E02904,E01395,parent_company,0.19,6
E02214,E02435,shared_director,0.7,19
E01178,E00698,co-investor,0.45,48
E02108,E02117,co-investor,0.66,43
E02520,E01876,co-investor,0.49,36
E01520,E02009,co-investor,0.67,37
E01428,E02130,parent_company,0.95,48
E00456,E02427,supplier,0.26,5
E01807,E02392,shared_director,0.76,39
E02705,E02714,supplier,0.84,20
E02167,E02214,parent_company,0.68,29
E00336,E01893,supplier,0.93,49
E02379,E02168,co-investor,0.92,17
E01347,E00406,co-investor,0.82,14
E01743,E02034,parent_company,0.57,26
E02144,E00430,supplier,0.26,14
E02615,E00122,parent_company,0.58,22
E01780,E02197,supplier,0.8,37
E01007,E02498,shared_director,0.85,6
E01127,E01379,supplier,0.9,2
E02529,E02690,parent_company,0.85,29
E01917,E02364,supplier,0.43,10
E02295,E01742,shared_director,0.63,15
E01531,E00367,co-investor,0.77,35
E00085,E01904,supplier,0.79,43
E01305,E00800,parent_company,0.71,2
E00498,E00500,parent_company,0.81,6
E00043,E01019,parent_company,0.87,31
E01260,E00551,co-investor,0.41,16
E01748,E00174,supplier,0.72,21
E02192,E00414,supplier,0.14,21
E00250,E00556,co-investor,0.29,30
E00847,E01641,supplier,0.92,45
E02175,E02033,parent_company,0.44,26
E00573,E01802,supplier,0.3,23
E02088,E02456,shared_director,0.61,14
E01447,E00992,supplier,0.73,41
E01368,E02231,co-investor,0.98,49
E01763,E00371,co-investor,0.67,19
E01845,E02727,parent_company,0.18,22
E01581,E01539,parent_company,0.63,37
E00762,E01463,co-investor,0.81,8
E00415,E01556,co-investor,0.32,44
E02513,E00175,parent_company,0.85,16
E01932,E01992,parent_company,0.51,11
E02232,E02436,shared_director,1.0,42
E01550,E01679,supplier,0.41,16
E01209,E00726,supplier,0.44,17
E01051,E00282,shared_director,0.17,7
E02554,E02854,shared_director,0.96,21
E02600,E00839,co-investor,0.58,41
E01228,E01678,co-investor,0.14,24
E00510,E00154,parent_company,0.7,35
E00006,E00555,shared_director,0.98,1
E01082,E00585,shared_director,0.48,28
E00551,E02086,supplier,0.34,17
E02771,E01109,shared_director,0.2,49
E02372,E00942,co-investor,0.81,2
E02357,E01687,supplier,0.48,26
E01066,E02848,supplier,0.61,12
E02072,E02198,co-investor,0.94,33
E01861,E01105,co-investor,0.78,23
E00459,E02896,parent_company,0.85,50
E01347,E02203,shared_director,0.22,32
E00505,E01858,co-investor,0.9,2
E02629,E01741,supplier,0.81,49
E01572,E01110,supplier,0.28,14
E02420,E02064,supplier,0.56,14
E02247,E01925,shared_director,0.69,23
E02098,E00912,parent_company,0.29,19
E01946,E01842,supplier,0.85,7
E00953,E00035,supplier,0.66,8
E01430,E00791,shared_director,0.97,12
E02233,E00524,shared_director,0.22,17
E00684,E00162,co-investor,0.16,11
E00953,E00349,supplier,0.75,23
E01845,E01892,parent_company,0.11,49
E01145,E00272,supplier,0.15,45
E02027,E02825,co-investor,0.19,14
E00654,E01109,co-investor,1.0,16
E02257,E02635,supplier,0.15,31
E02927,E02524,co-investor,0.19,41
E00592,E00591,co-investor,0.59,30
E00116,E02406,shared_director,0.24,25
E01048,E02353,shared_director,0.28,12
E01529,E00321,shared_director,0.86,10
E00760,E01187,supplier,0.34,45
E02645,E02759,parent_company,0.26,7
E00442,E02186,supplier,0.13,20
E01568,E02154,shared_director,0.19,25
E00882,E00206,shared_director,0.11,35
E01636,E01838,parent_company,0.15,10
E00144,E00131,co-investor,0.8,16
E01602,E01697,parent_company,0.16,24
E00806,E01677,supplier,0.11,30
E01949,E02478,co-investor,0.13,7
E02028,E00997,parent_company,0.4,37
E00051,E00107,shared_director,0.29,30
E00367,E00777,supplier,0.69,11
E00657,E00384,supplier,0.28,25
E02320,E00169,shared_director,0.9,42
E01597,E02031,parent_company,0.27,2
E01040,E01296,co-investor,0.77,8
E02032,E00455,parent_company,0.59,5
E01942,E00026,shared_director,0.33,16
E01668,E00221,parent_company,0.84,49
E01236,E01201,parent_company,0.27,10
E00381,E02654,shared_director,0.11,22
E00742,E00880,co-investor,0.78,10
E02722,E00070,co-investor,0.37,29
E01944,E00739,shared_director,0.66,14
E02763,E00749,shared_director,0.68,23
E01294,E00387,parent_company,0.93,31
E01676,E00324,shared_director,0.64,20
E02283,E00099,parent_company,0.34,23
E02835,E01471,co-investor,0.2,3
E00539,E00434,supplier,0.62,8
E01310,E02200,supplier,0.25,28
E02214,E01658,co-investor,0.76,35
E01695,E01046,shared_director,0.6,33
E02763,E01726,parent_company,0.29,25
E00241,E00040,co-investor,0.38,17
E00097,E02094,parent_company,0.49,43
E02284,E00363,supplier,0.61,32
E01195,E02539,parent_company,0.18,20
E00179,E00207,shared_director,0.61,47
E02168,E00826,shared_director,0.65,47
E02562,E00524,parent_company,0.81,15
E01142,E02214,co-investor,0.56,18
E01840,E00161,parent_company,0.21,37
E02162,E01681,co-investor,0.35,12
E00607,E02927,supplier,0.25,11
E00817,E02014,parent_company,0.88,23
E01347,E00007,parent_company,0.79,1
E00250,E00085,supplier,0.59,25
E01019,E01195,shared_director,0.51,38
E00456,E02508,supplier,0.1,34
E02342,E02328,supplier,0.21,8
E01664,E00011,supplier,0.62,6
E01575,E02326,parent_company,0.84,9
E02808,E02026,parent_company,0.94,48
E02384,E02758,shared_director,0.77,40
E00184,E01591,supplier,0.59,47
E01380,E01230,supplier,0.95,36
E01742,E01967,co-investor,0.45,3
E00208,E00095,co-investor,0.72,16
E01780,E00487,supplier,0.75,16
E01826,E00338,supplier,0.57,6
E01304,E00379,co-investor,0.72,22
E02054,E00580,co-investor,0.24,2
E00775,E02605,co-investor,0.82,43
E00050,E00281,co-investor,0.28,49
E00980,E01138,shared_director,0.47,29
E01318,E01537,co-investor,0.36,46
E01120,E01657,shared_director,0.5,46
E00220,E00392,supplier,0.6,18
E02638,E00066,parent_company,0.74,35
E00376,E02821,parent_company,0.93,42
E00912,E02103,shared_director,0.64,50
E01184,E00005,parent_company,0.96,26
E00577,E00138,co-investor,0.55,5
E02036,E01074,co-investor,0.91,30
E00932,E01469,parent_company,0.47,11
E00911,E01411,shared_director,0.12,19
E00358,E00654,supplier,0.99,36
E00572,E02260,co-investor,0.2,8
E02813,E01715,supplier,0.67,41
E01341,E01418,supplier,0.36,26
E00469,E00130,supplier,0.52,12
E00898,E00227,co-investor,0.48,2
E00221,E00350,parent_company,0.61,34
E00588,E01878,supplier,0.13,47
E00720,E00822,parent_company,0.61,41
E01750,E00282,co-investor,0.18,2
E02683,E01084,co-investor,0.11,48
E01759,E01783,co-investor,0.3,50
E01060,E01279,shared_director,0.75,20
E02684,E00728,parent_company,0.98,27
E00897,E02597,co-investor,0.44,2
E00439,E02548,supplier,0.4,1
E01499,E02045,parent_company,0.97,20
E02015,E00610,co-investor,0.31,36
E01728,E00341,shared_director,1.0,35
E00693,E00669,co-investor,0.78,48
E02783,E00517,shared_director,0.7,12
E01615,E01856,supplier,0.56,27
E02882,E01587,co-investor,0.94,26
E00626,E00533,co-investor,0.99,40
E01811,E01675,shared_director,0.56,18
E02555,E01202,shared_director,0.52,6
E02714,E00654,supplier,0.68,24
E00062,E00150,shared_director,0.98,7
E02091,E01243,shared_director,0.99,10
E00515,E00964,co-investor,0.88,14
E01260,E00220,co-investor,0.75,48
E01550,E02244,parent_company,0.95,10
E00356,E01378,shared_director,0.86,39
E01460,E00671,co-investor,0.33,12
E00071,E01638,co-investor,0.82,42
E00361,E00507,supplier,0.7,40
E02020,E00802,supplier,0.58,30
E01021,E00011,shared_director,0.31,15
E01382,E02774,co-investor,0.55,33
E00733,E00266,co-investor,0.63,27
E02199,E00096,shared_director,0.46,50
E00075,E01423,supplier,0.83,3
E00745,E00374,parent_company,0.83,24
E01274,E00804,co-investor,0.17,47
E00764,E01013,supplier,0.21,26
E00209,E01274,shared_director,0.1,16
E02035,E00583,supplier,0.74,42
E02070,E01578,supplier,0.99,13
E00669,E00256,parent_company,0.19,29
E02256,E02426,supplier,0.17,18
E00133,E00055,parent_company,0.37,31
E00479,E00986,supplier,0.78,32
E00406,E02416,shared_director,0.79,36
E01700,E00187,supplier,0.9,49
E01590,E00638,co-investor,0.72,40
E00209,E02079,co-investor,0.19,42
E01167,E02606,shared_director,0.84,22
E01494,E00039,supplier,0.17,29
E01396,E00916,co-investor,0.58,46
E00489,E00093,shared_director,0.93,36
E02165,E02769,shared_director,0.57,1
E01932,E00564,shared_director,0.64,4
E02929,E00929,shared_director,0.2,27
E00434,E01748,supplier,0.6,33
E00455,E02522,shared_director,0.98,10
E00532,E00831,shared_director,0.33,32
E00495,E02194,parent_company,0.54,15
E00166,E01833,shared_director,0.6,7
E00029,E00746,co-investor,0.59,44
E02249,E01501,co-investor,0.52,33
E00129,E00061,parent_company,0.69,43
E01201,E00796,parent_company,0.29,26
E00763,E00665,supplier,0.45,3
E01575,E02468,shared_director,0.6,30
E01064,E01632,shared_director,0.12,29
E02795,E02797,co-investor,0.16,40
E02827,E00485,parent_company,0.62,24
E02855,E00582,supplier,0.39,48
E00473,E01666,co-investor,0.84,25
E00298,E00019,shared_director,0.93,14
E00810,E01491,supplier,0.98,42
E02141,E01057,parent_company,0.35,14
E02879,E02847,supplier,0.66,15
E02368,E00561,co-investor,0.59,19
E02062,E00271,parent_company,0.12,20
E00439,E01742,supplier,0.83,21
E00937,E00192,parent_company,0.19,5
E01545,E01951,co-investor,0.79,46
E02254,E01590,co-investor,0.46,16
E00947,E02736,co-investor,0.31,36
E00372,E00383,supplier,0.39,8
E01132,E02043,shared_director,0.33,10
E02010,E02071,shared_director,0.87,8
E01311,E01936,parent_company,0.6,21
E00456,E00561,supplier,0.92,32
E01350,E00404,parent_company,0.31,24
E02306,E02039,supplier,0.41,17
E00634,E01542,supplier,0.79,39
E01892,E00659,parent_company,0.76,2
E00629,E01211,co-investor,0.49,48
E01515,E01148,shared_director,0.8,30
E00579,E00151,co-investor,0.16,7
E00112,E01887,parent_company,0.16,33
E01900,E00502,co-investor,0.45,17
E02672,E01969,parent_company,0.53,47
E00251,E00887,supplier,0.54,20
E00935,E02172,supplier,0.8,29
E01215,E00299,co-investor,0.55,21
E02891,E01881,parent_company,0.44,11
E02305,E00708,co-investor,0.33,49
E01616,E02807,shared_director,0.98,29
E00762,E02274,co-investor,1.0,29
E01707,E01756,co-investor,0.22,29
E02674,E01546,parent_company,0.23,5
E02894,E00846,co-investor,0.29,36
E01643,E01950,shared_director,0.72,23
E02473,E00514,parent_company,0.9,28
E02065,E01947,supplier,0.47,43
E02843,E00124,co-investor,0.57,34
E01612,E02423,parent_company,0.26,45
E01371,E01518,parent_company,0.33,23
E00105,E02816,parent_company,0.53,37
E01713,E00344,co-investor,0.64,29
E01758,E01055,supplier,0.38,44
E02688,E01318,shared_director,0.51,48
E01941,E02049,shared_director,0.55,22
E01411,E01044,parent_company,0.49,5
E02404,E02886,supplier,0.32,34
E01064,E00603,parent_company,0.53,26
E00534,E01866,parent_company,0.26,46
E00722,E00719,parent_company,0.53,7
E00308,E01904,co-investor,0.69,32
E01745,E02486,supplier,0.97,7
E01733,E00674,supplier,0.8,11
E02527,E02225,co-investor,0.2,18
E02263,E01656,parent_company,0.13,12
E00425,E01741,supplier,0.29,12
E00767,E00122,parent_company,0.77,37
E02252,E00057,supplier,1.0,18
E00756,E02780,shared_director,0.34,5
E00249,E01730,supplier,0.88,29
E01903,E00080,parent_company,0.83,6
E01639,E00795,shared_director,0.9,3
E01403,E02807,supplier,0.95,19
E02390,E00813,parent_company,0.27,30
E00752,E01040,co-investor,0.44,15
E00464,E01805,parent_company,0.61,29
E01775,E00990,supplier,0.59,37
E00134,E01629,co-investor,0.33,11
E01433,E02523,co-investor,0.2,39
E00897,E02477,parent_company,0.21,45
E00648,E02021,parent_company,0.59,6
E00656,E02346,supplier,0.84,15
E01426,E02672,supplier,0.37,50
E02307,E01759,supplier,0.21,28
E01720,E01854,shared_director,0.68,11
E01859,E00681,co-investor,0.42,14
E02409,E02004,co-investor,0.66,41
E02402,E01531,supplier,0.51,1
E02072,E02237,shared_director,0.37,1
E01715,E02029,co-investor,0.78,2
E00695,E00183,supplier,0.7,7
E02315,E00704,supplier,0.25,50
E00319,E01522,co-investor,0.89,16
E02539,E00134,co-investor,0.33,37
E00142,E02396,parent_company,0.26,11
E01428,E00789,parent_company,0.29,1
E00688,E01003,co-investor,0.16,10
E01533,E02671,co-investor,0.41,4
E00465,E02533,parent_company,0.99,19
E01346,E02798,supplier,0.3,26
E02380,E02066,co-investor,0.73,14
E02556,E00794,parent_company,0.27,11
E01207,E01009,shared_director,0.93,38
E01748,E00542,supplier,0.83,2
E01421,E02312,parent_company,0.21,18
E01107,E00371,parent_company,0.89,4
E01820,E01366,shared_director,0.38,40
E02463,E02519,parent_company,0.96,8
E00585,E00995,shared_director,0.46,5
E01971,E01884,co-investor,0.63,18
E00656,E00269,supplier,0.45,39
E01099,E02626,supplier,0.61,29
E01401,E02549,supplier,0.63,12
E01621,E01829,supplier,0.73,7
E01973,E01526,parent_company,0.75,9
E01735,E01123,shared_director,0.39,43
E02084,E02579,shared_director,0.33,7
E00582,E02873,supplier,0.9,28
E00494,E01838,parent_company,0.12,37
E02430,E00649,co-investor,0.38,9
E01108,E00251,parent_company,0.25,7
E00258,E01450,parent_company,0.87,23
E00041,E01302,supplier,0.34,47
E00572,E00412,supplier,0.37,43
E00203,E02120,shared_director,0.54,38
E01889,E02613,parent_company,0.33,39
E00520,E01534,co-investor,0.87,10
E00383,E02056,parent_company,0.74,17
E02574,E02767,co-investor,0.73,35
E00449,E02420,parent_company,0.76,1
E01240,E02224,shared_director,0.54,28
E02019,E02598,shared_director,0.85,13
E00856,E00961,parent_company,0.63,36
E01762,E01452,supplier,0.42,40
E00235,E00680,co-investor,0.52,35
E02726,E01188,shared_director,0.35,34
E01367,E02608,co-investor,0.76,34
E00787,E02218,parent_company,0.98,21
E02866,E01791,shared_director,0.22,12
E00074,E02081,co-investor,0.46,9
E02698,E02395,parent_company,0.43,14
E02612,E01307,co-investor,0.17,38
E01605,E00692,parent_company,0.26,23
E00036,E00436,parent_company,0.42,43
E02604,E01662,parent_company,0.78,20
E01832,E00705,shared_director,0.27,49
E01032,E00739,supplier,0.18,11
E00666,E01007,co-investor,0.18,37
E02349,E00717,supplier,0.81,39
E02877,E02684,shared_director,0.45,45
E01817,E00163,parent_company,0.47,1
E01075,E01404,supplier,0.97,24
E01763,E00796,parent_company,0.16,19
E02651,E00162,supplier,0.75,40
E00307,E00205,supplier,0.62,16
E01519,E00823,parent_company,0.22,20
E01900,E00384,supplier,0.95,15
E01566,E00024,supplier,0.48,2
E02167,E00589,shared_director,0.54,3
E01313,E01639,co-investor,0.46,44
E01713,E00225,shared_director,0.98,9
E01602,E01153,parent_company,0.74,46
E01450,E00043,supplier,0.62,15
E01897,E00711,parent_company,0.34,6
E01822,E01744,parent_company,0.87,44
E00456,E00843,parent_company,0.81,8
E00051,E02634,co-investor,0.35,6
E01783,E01228,parent_company,0.94,46
E00407,E01594,co-investor,0.35,19
E00477,E00806,shared_director,0.26,31
E02698,E01591,co-investor,0.53,27
E00130,E01729,parent_company,0.81,39
E01198,E00738,supplier,0.84,28
E00285,E01939,co-investor,0.87,7
E02096,E02255,shared_director,0.12,6
E02026,E02539,parent_company,0.26,45
E00749,E00169,parent_company,0.36,15
E01824,E01261,co-investor,0.79,5
E02033,E00690,parent_company,0.34,28
E01374,E00805,shared_director,0.62,29
E02336,E00045,parent_company,0.42,19
E02196,E01515,parent_company,0.44,49
E00561,E01713,supplier,0.35,30
E00709,E00811,shared_director,0.76,18
E00259,E02675,supplier,0.98,1
E02440,E01389,parent_company,0.55,22
E02564,E01282,shared_director,0.77,18
E00715,E00375,shared_director,0.75,16
E01316,E02417,supplier,0.85,3
E02383,E00903,shared_director,0.58,17
E02753,E01751,supplier,0.37,42
E02602,E01682,supplier,0.36,30
E02070,E02141,co-investor,0.35,30
E00210,E01623,shared_director,0.17,49
E01849,E02670,co-investor,0.89,17
E01697,E01915,parent_company,0.71,25
E00958,E01656,supplier,0.43,20
E02843,E00357,co-investor,0.83,48
E02495,E02340,supplier,0.94,10
E01855,E01948,parent_company,0.62,8
E00046,E02118,co-investor,0.4,45
E01862,E02662,shared_director,0.12,16
E01489,E01688,shared_director,0.13,3
E00934,E02892,parent_company,0.5,28
E02426,E02086,parent_company,0.29,26
E01979,E02641,shared_director,0.7,2
E01658,E01930,supplier,0.59,9
E00750,E00752,shared_director,0.47,31
E02354,E02632,co-investor,0.8,40
E00067,E02097,shared_director,0.56,33
E01765,E01348,parent_company,0.55,22
E02770,E02449,supplier,0.45,49
E00841,E02346,shared_director,0.28,44
E00693,E02853,shared_director,0.99,2
E01290,E02612,co-investor,0.86,43
E02609,E01240,parent_company,0.23,8
E02845,E01866,supplier,0.34,36
E01731,E02868,supplier,0.59,26
E02797,E01814,supplier,0.47,14
E00766,E00251,supplier,0.46,11
E02367,E02770,supplier,0.53,38
E02382,E00727,supplier,0.71,37
E02198,E00655,shared_director,0.21,10
E01715,E02878,co-investor,0.97,50
E00836,E00956,shared_director,0.18,48
E00025,E02187,shared_director,0.84,20
E02502,E01075,parent_company,0.46,19
E00647,E00124,parent_company,0.75,38
E02194,E02814,parent_company,0.98,6
E02764,E00973,co-investor,0.37,41
E02464,E02836,supplier,0.2,23
E02317,E02501,shared_director,0.5,25
E02453,E00736,supplier,0.66,35
E01799,E00778,supplier,0.43,39
E02173,E00666,co-investor,0.31,33
E01139,E02698,parent_company,0.83,45
E00601,E02842,supplier,0.52,35
E00458,E01697,shared_director,0.55,1
E01583,E02597,shared_director,0.96,18
E02717,E00909,supplier,0.41,42
E02162,E02376,supplier,0.19,42
E01035,E02380,parent_company,0.91,42
E02094,E00382,co-investor,0.1,29
E00190,E00469,shared_director,0.15,39
E00640,E01689,co-investor,0.14,4
E00834,E00128,supplier,0.57,5
E01861,E00653,shared_director,0.24,11
E02461,E01699,parent_company,0.69,50
E01213,E01226,co-investor,0.78,2
E02706,E00079,shared_director,0.23,33
E02703,E02374,co-investor,0.96,12
E02628,E02650,shared_director,0.67,6
E00309,E01717,supplier,0.48,38
E02808,E00461,shared_director,0.87,11
E01935,E01664,shared_director,0.22,36
E00136,E02173,parent_company,0.86,16
E02560,E00492,shared_director,0.15,49
E00718,E01726,parent_company,0.71,17
E01150,E01104,parent_company,0.39,39
E01563,E02582,parent_company,0.68,22
E02138,E02788,shared_director,0.91,6
E00732,E00045,co-investor,0.83,43
E00585,E01222,parent_company,0.69,24
E00881,E01671,supplier,0.63,10
E00913,E01879,co-investor,0.32,12
E02259,E01091,shared_director,0.46,46
E00241,E01024,shared_director,0.68,29
E00004,E00541,co-investor,0.32,21
E00545,E02826,co-investor,0.14,23
E00911,E02861,shared_director,0.33,49
E00325,E02867,shared_director,0.81,50
E01141,E02784,supplier,0.97,26
E02875,E01115,parent_company,0.21,46
E02335,E01851,shared_director,0.32,24
E01133,E02918,shared_director,0.47,13
E00521,E00946,shared_director,0.13,26
E01899,E02476,shared_director,0.36,5
E00530,E01528,co-investor,0.61,32
E02731,E00714,parent_company,0.77,17
E00762,E02478,shared_director,0.27,27
E02309,E02540,parent_company,0.11,27
E01631,E00298,shared_director,0.95,37
E02390,E01672,parent_company,0.27,23
E01545,E02500,parent_company,0.63,48
E02471,E02246,parent_company,0.29,49
E02265,E01956,shared_director,0.6,30
E02909,E02030,shared_director,0.65,24
E01777,E00051,co-investor,0.21,17
E02152,E00708,supplier,0.57,17
E02491,E01012,supplier,0.39,39
E02163,E00777,supplier,0.24,9
E01649,E00041,supplier,0.1,5
E01187,E01219,supplier,0.69,43
E02861,E01911,shared_director,0.23,40
E00276,E01250,parent_company,0.87,19
E02311,E00290,parent_company,0.37,2
E00837,E02116,shared_director,0.39,41
E02227,E01926,parent_company,0.13,40
E02213,E01781,co-investor,0.85,25
E01218,E00655,parent_company,0.37,1
E01350,E02544,parent_company,0.15,12
E00957,E01380,parent_company,0.13,32
E01748,E01754,supplier,0.66,17
E02289,E02542,shared_director,0.21,37
E02234,E00140,co-investor,0.46,9
E00018,E00349,shared_director,0.69,16
E02573,E00012,shared_director,0.65,27
E00412,E02156,shared_director,0.61,31
E00627,E02670,co-investor,0.86,1
E01269,E01016,co-investor,0.54,8
E02912,E00670,co-investor,0.3,5
E02690,E00796,shared_director,0.69,21
E01658,E00398,supplier,0.15,32
E02032,E00805,parent_company,0.17,23
E00255,E00925,shared_director,0.18,37
E02717,E00735,supplier,0.23,22
E02548,E02392,supplier,0.63,34
E01984,E00793,parent_company,0.51,13
E01222,E00754,co-investor,0.87,20
E01127,E01838,co-investor,0.59,1
E01110,E02021,shared_director,0.12,48
E02190,E01704,parent_company,0.8,21
E00270,E00022,shared_director,0.47,5
E02492,E00293,shared_director,0.67,45
E02283,E01464,supplier,0.53,16
E02693,E00682,co-investor,0.17,23
E01571,E00789,co-investor,0.13,5
E02287,E01451,supplier,0.41,35
E00324,E00391,co-investor,0.91,29
E01068,E01112,shared_director,0.7,16
E02467,E02730,supplier,0.93,4
E02649,E02015,shared_director,0.1,19
E00047,E02408,parent_company,0.9,1
E01276,E01307,co-investor,0.21,18
E00076,E01019,parent_company,0.26,35
E00099,E02790,parent_company,0.63,26
E00657,E00164,parent_company,0.56,35
E02272,E01636,co-investor,0.67,45
E00087,E02704,shared_director,0.58,1
E00621,E01605,co-investor,0.24,45
E01385,E00371,shared_director,0.35,28
E02906,E02459,parent_company,0.88,47
E00970,E01404,shared_director,0.22,4
E00778,E02478,shared_director,0.37,2
E02061,E02078,supplier,0.79,28
E01997,E00175,shared_director,0.99,3
E02444,E00689,supplier,0.98,46
E00482,E02456,supplier,0.59,47
E02838,E02578,co-investor,0.88,6
E00377,E00818,parent_company,0.83,25
E00411,E00395,co-investor,0.58,36
E01387,E02298,supplier,0.41,26
E00988,E00764,supplier,0.2,42
E01652,E00133,co-investor,0.99,44
E02754,E00651,parent_company,0.12,15
E02461,E01927,supplier,0.53,18
E01489,E02913,co-investor,0.37,47
E02860,E00233,parent_company,0.93,13
E00328,E01818,supplier,0.36,48
E00301,E02530,co-investor,0.76,37
E01116,E01726,shared_director,0.82,27
E00542,E01669,parent_company,0.32,45
E02361,E01540,supplier,0.43,1
E00565,E01575,supplier,0.77,20
E00068,E00532,co-investor,0.54,36
E01837,E00025,parent_company,0.92,34
E01644,E00199,co-investor,0.94,4
E01612,E00969,supplier,0.46,16
E01778,E00035,co-investor,0.14,47
E02175,E02626,supplier,0.68,28
E01090,E00033,supplier,0.11,14
E02403,E00180,supplier,0.99,4
E00972,E02618,supplier,0.23,9
E00096,E02492,co-investor,0.41,45
E00820,E01885,co-investor,0.61,45
E02448,E01502,parent_company,0.87,37
E02660,E00765,shared_director,0.14,40
E02185,E01763,supplier,0.22,30
E01429,E02020,co-investor,0.7,17
E01120,E02582,parent_company,0.14,19
E02281,E02478,co-investor,0.72,22
E00923,E02105,supplier,0.21,2
E02584,E02299,supplier,0.75,39
E01595,E01425,co-investor,0.58,19
E01160,E01353,shared_director,0.98,11
E00688,E02446,co-investor,0.23,32
E02526,E02028,supplier,0.38,27
E01557,E00050,parent_company,0.97,27
E00421,E01721,parent_company,0.38,28
E00125,E01834,supplier,0.37,41
E00632,E01727,shared_director,0.11,13
E01448,E00258,co-investor,0.55,2
E00291,E01534,parent_company,0.71,5
E01808,E00944,supplier,0.48,7
E01295,E01734,supplier,0.41,29
E02344,E00254,co-investor,0.22,17
E01238,E00308,parent_company,0.32,21
E01260,E01812,co-investor,0.15,25
E01083,E01497,parent_company,0.19,21
E02845,E01916,supplier,0.39,30
E00505,E02346,supplier,0.78,34
E02611,E02358,shared_director,0.49,48
E01231,E01658,parent_company,0.49,25
E00505,E02269,parent_company,0.28,21
E02923,E02488,shared_director,0.34,43
E02292,E01885,shared_director,0.59,1
E01533,E02813,shared_director,0.14,12
E00995,E02843,shared_director,0.86,47
E00364,E02221,co-investor,0.32,1
E02632,E00411,parent_company,0.25,39
E01475,E01772,shared_director,0.32,13
E00589,E02828,shared_director,0.29,44
E00546,E00862,shared_director,0.36,3
E00763,E02297,parent_company,0.39,49
E00672,E01618,shared_director,0.44,38
E02674,E00766,co-investor,0.25,31
E00970,E02548,parent_company,0.3,35
E01386,E02670,parent_company,0.14,16
E02810,E00747,supplier,0.62,17
E02822,E00001,supplier,0.48,13
E00934,E00718,co-investor,0.36,14
E01217,E02027,supplier,0.64,34
E00612,E02491,supplier,0.82,31
E01358,E01316,supplier,0.4,18
E02827,E01402,parent_company,0.91,4
E01813,E01326,shared_director,0.61,39
E02550,E00285,parent_company,0.6,15
E00510,E00121,supplier,0.74,26
E01165,E01008,parent_company,0.71,12
E01772,E02562,parent_company,0.92,32
E01841,E01915,shared_director,0.3,5
E01697,E02074,supplier,0.96,26
E01224,E01959,supplier,0.93,29
E00015,E00850,co-investor,0.15,25
E00142,E01373,co-investor,0.25,33
E01247,E00555,co-investor,0.18,3
E02623,E01938,co-investor,0.76,9
E02032,E01107,supplier,0.71,28
E01939,E01503,parent_company,0.49,27
E00565,E01521,supplier,0.86,28
E00655,E00057,supplier,0.32,26
E00782,E02083,co-investor,0.67,26
E01075,E01687,supplier,0.35,29
E01095,E01291,shared_director,0.68,14
E00428,E02142,parent_company,0.98,45
E02338,E02783,shared_director,0.77,35
E02901,E01138,supplier,0.33,46
E02073,E01751,supplier,0.63,40
E01291,E01285,supplier,0.88,39
E02877,E02711,parent_company,0.23,27
E01788,E01215,parent_company,0.21,48
E00912,E02419,co-investor,0.9,7
E00536,E00414,parent_company,0.75,38
E02884,E02186,supplier,0.69,7
E01350,E02523,co-investor,0.61,22
E00934,E01031,supplier,0.1,5
E00748,E02806,shared_director,0.49,45
E00670,E00564,parent_company,0.83,34
E02881,E01246,shared_director,0.37,41
E00662,E01397,shared_director,0.74,48
E02065,E02852,shared_director,0.16,33
E02053,E02156,parent_company,0.92,9
E00840,E01845,shared_director,0.15,43
E02240,E01189,supplier,0.45,4
E01575,E02858,supplier,0.99,13
E02859,E01047,co-investor,0.46,30
E02356,E02456,co-investor,0.45,49
E02784,E01330,shared_director,0.72,40
E01104,E02324,shared_director,0.27,44
E02219,E00989,supplier,0.87,29
E00632,E00825,shared_director,0.82,4
E02225,E00244,parent_company,0.48,25
E01642,E00543,supplier,0.19,21
E01460,E01306,shared_director,0.72,27
E01138,E01354,shared_director,0.7,34
E01633,E01321,co-investor,0.78,23
E02022,E01443,supplier,0.99,12
E01044,E01927,shared_director,0.35,1
E00215,E01583,shared_director,0.4,27
E02175,E00544,co-investor,0.71,23
E00293,E01699,shared_director,0.42,21
E00437,E00631,parent_company,0.9,20
E01066,E00282,shared_director,0.94,1
E00589,E00827,parent_company,0.58,35
E01745,E00070,parent_company,0.85,31
E00172,E00261,shared_director,0.12,16
E01673,E00795,supplier,0.89,20
E01097,E00631,parent_company,0.56,27
E00249,E00711,supplier,0.82,22
E00199,E02215,parent_company,0.13,39
E01139,E00284,parent_company,0.34,38
E00050,E02392,shared_director,0.67,39
E01949,E02443,shared_director,0.88,37
E01995,E00553,co-investor,0.4,10
E02275,E01101,supplier,0.29,25
E02497,E01108,supplier,0.37,3
E01901,E00839,co-investor,0.78,25
E02832,E02016,co-investor,0.99,1
E02348,E01319,shared_director,0.68,15
E02348,E01029,supplier,0.9,38
E02573,E02247,supplier,0.23,28
E00005,E00691,co-investor,0.34,42
E00182,E00956,supplier,0.42,34
E02460,E00574,co-investor,0.57,40
E00072,E01920,parent_company,0.86,10
E00168,E00932,supplier,0.61,29
E02724,E01884,shared_director,0.36,28
E01886,E01486,co-investor,0.96,8
E02689,E01265,supplier,0.56,28
E01095,E02813,parent_company,0.28,33
E02139,E00529,co-investor,0.81,34
E01624,E02853,co-investor,0.2,27
E00652,E01003,parent_company,0.25,28
E00128,E02634,co-investor,0.75,25
E02551,E01147,parent_company,0.51,31
E01199,E02115,parent_company,0.19,29
E00789,E02867,supplier,0.45,12
E02419,E00876,supplier,0.43,34
E00370,E01920,parent_company,0.37,10
E01563,E01482,co-investor,0.61,27
E02552,E02248,supplier,0.94,10
E00965,E00547,shared_director,0.75,15
E02678,E01941,supplier,0.51,33
E02373,E00111,parent_company,0.9,15
E01932,E02783,supplier,0.13,49
E01755,E01296,co-investor,0.89,46
E02221,E02572,shared_director,0.15,36
E01150,E01909,shared_director,0.62,46
E01063,E00290,shared_director,0.48,21
E01286,E00830,supplier,0.99,35
E02216,E02558,supplier,0.86,48
E00861,E01896,supplier,0.42,5
E01313,E02024,supplier,0.6,20
E01514,E02089,shared_director,0.25,36
E00861,E02071,co-investor,0.6,29
E01684,E00842,supplier,0.88,2
E02807,E01962,shared_director,0.17,16
E02432,E01635,supplier,0.26,41
E02736,E02469,supplier,0.67,22
E00362,E02242,supplier,0.24,37
E02651,E02212,shared_director,0.86,49
E00403,E02093,parent_company,0.83,2
E02658,E02001,supplier,0.92,25
E02930,E02442,supplier,0.89,4
E01863,E02401,parent_company,0.3,50
E00602,E02415,parent_company,0.45,39
E00947,E00918,co-investor,0.91,33
E02715,E01789,co-investor,0.65,30
E00190,E00994,co-investor,0.14,32
E01344,E01886,shared_director,0.88,47
E00923,E00783,co-investor,0.42,29
E00055,E01995,shared_director,0.31,7
E00700,E02696,parent_company,0.19,22
E01394,E02590,supplier,0.71,50
E01304,E01803,supplier,0.42,42
E00384,E02150,shared_director,0.66,44
E00912,E02116,co-investor,0.74,18
E01079,E00184,co-investor,0.43,33
E02202,E00858,supplier,0.97,20
E00262,E01264,shared_director,0.96,42
E02874,E00420,parent_company,0.94,42
E01322,E00202,parent_company,0.46,29
E00467,E01329,shared_director,0.84,50
E02187,E02465,supplier,0.77,38
E02617,E01794,shared_director,0.66,35
E00219,E00583,parent_company,0.67,20
E02571,E01094,co-investor,0.48,19
E01079,E01688,shared_director,0.62,19
E00102,E00950,shared_director,0.75,28
E01222,E00089,supplier,0.49,9
E02512,E01308,shared_director,0.3,32
E02073,E02712,parent_company,0.88,23
E02386,E02041,co-investor,0.51,11
E02464,E02881,parent_company,0.7,15
E00428,E02086,shared_director,0.97,50
E00854,E02911,supplier,0.22,6
E01358,E02291,co-investor,0.93,43
E01247,E02632,parent_company,1.0,15
E00929,E00718,co-investor,0.18,48
E01528,E00283,co-investor,0.66,17
E02202,E01014,shared_director,0.82,2
E01912,E00850,co-investor,0.36,25
E01929,E02905,co-investor,0.45,47
E00502,E01415,co-investor,0.59,42
E00338,E02569,shared_director,0.34,40
E00471,E01740,supplier,0.5,22
E00054,E00662,parent_company,0.17,43
E00386,E01657,supplier,0.68,19
E00406,E00934,co-investor,0.85,43
E01965,E01584,supplier,0.73,17
E02304,E00834,shared_director,0.83,19
E00106,E00527,parent_company,0.58,19
E02722,E02609,parent_company,0.97,50
E00118,E00621,shared_director,0.97,41
E01425,E00122,shared_director,0.74,12
E00478,E02285,parent_company,0.47,29
E01883,E00505,shared_director,0.99,27
E01784,E00320,supplier,0.23,21
E01615,E00986,co-investor,0.26,3
E00551,E00525,parent_company,0.71,15
E01101,E02514,supplier,0.17,14
E01793,E01735,parent_company,0.9,32
E01467,E02529,supplier,0.18,29
E02517,E00296,co-investor,0.23,20
E01131,E01654,supplier,0.35,2
E02527,E00673,parent_company,0.32,23
E00257,E01876,co-investor,0.87,24
E01779,E01259,parent_company,0.88,25
E00216,E00451,shared_director,0.32,49
E00526,E01555,parent_company,0.16,38
E01462,E02634,shared_director,0.9,41
E01372,E01459,parent_company,0.68,32
E02808,E01797,shared_director,0.87,17
E00380,E01224,supplier,0.12,36
E01325,E00011,parent_company,0.77,22
E01407,E00261,parent_company,0.85,18
E01182,E02799,co-investor,0.89,26
E01971,E00577,parent_company,0.58,35
E00937,E02346,supplier,0.37,49
E00988,E00957,supplier,0.33,24
E01131,E01549,supplier,0.44,31
E01198,E02377,parent_company,0.23,6
E00469,E01068,shared_director,0.57,30
E02416,E01298,parent_company,0.16,45
E00034,E01186,supplier,0.62,19
E00999,E01806,shared_director,0.69,28
E00389,E02105,parent_company,0.15,34
E01532,E02057,supplier,0.15,47
E02854,E02196,shared_director,0.97,6
E01279,E00845,supplier,0.39,5
E01025,E00938,shared_director,0.53,27
E00700,E02586,supplier,0.95,1
E01991,E02247,supplier,0.59,7
E00186,E02520,shared_director,0.67,21
E01734,E01234,parent_company,0.4,30
E00217,E01666,supplier,0.23,28
E02369,E02690,parent_company,0.32,47
E00296,E01525,co-investor,0.26,48
E00804,E00051,shared_director,0.13,12
E00800,E00223,parent_company,0.96,28
E01374,E02651,co-investor,0.92,2
E02766,E01338,parent_company,0.25,48
E00392,E00393,co-investor,0.81,2
E01654,E01675,shared_director,0.13,21
E00309,E01049,co-investor,0.76,37
E00581,E00079,supplier,0.98,26
E01739,E01024,parent_company,0.86,34
E00577,E00528,parent_company,0.87,18
E00154,E00130,co-investor,0.31,38
E00535,E00755,parent_company,0.14,25
E00573,E02683,supplier,0.19,43
E02515,E00190,supplier,0.2,14
E01049,E02189,co-investor,0.29,37
E00414,E00789,parent_company,0.68,24
E00744,E02118,shared_director,0.96,8
E00880,E00649,parent_company,0.76,17
E01375,E01687,co-investor,0.4,14
E01247,E00761,shared_director,0.37,20
E02497,E01814,shared_director,0.81,12
E01081,E02391,shared_director,0.49,18
E00713,E00224,co-investor,0.32,49
E01859,E02608,shared_director,0.66,16
E01134,E02712,co-investor,0.26,31
E00951,E01460,shared_director,0.85,6
E01371,E02820,parent_company,1.0,26
E01520,E01362,supplier,0.34,49
E01598,E00646,co-investor,0.81,41
E02093,E00249,shared_director,0.47,7
E01092,E01937,co-investor,0.3,26
E02383,E02859,co-investor,0.24,29
E01110,E01614,shared_director,0.75,43
E00956,E01385,parent_company,0.61,45
E02824,E02867,shared_director,0.21,41
E02362,E02259,co-investor,0.77,10
E01187,E00830,shared_director,0.54,38
E00618,E01220,supplier,0.4,6
E00642,E02626,shared_director,0.88,45
E01714,E00805,parent_company,0.39,14
E02701,E01174,shared_director,0.59,33
E01758,E01010,supplier,0.47,7
E01611,E02206,parent_company,0.37,31
E02418,E02617,parent_company,0.65,49
E02238,E02693,supplier,0.47,23
E00920,E02760,supplier,0.19,33
E02687,E00806,shared_director,0.18,16
E00095,E02037,parent_company,0.53,25
E00242,E01932,parent_company,0.8,50
E00017,E00391,co-investor,0.58,28
E01975,E02269,supplier,0.6,9
E01584,E01127,parent_company,0.21,8
E01170,E01632,parent_company,0.63,20
E01811,E01626,parent_company,0.39,18
E00591,E02369,parent_company,0.45,45
E01215,E01411,shared_director,0.28,13
E02449,E00446,shared_director,0.22,38
E02412,E02583,co-investor,0.11,26
E02346,E01075,supplier,0.99,8
E00744,E02630,shared_director,0.73,25
E01197,E02324,shared_director,0.18,27
E01850,E02754,supplier,0.47,36
E00919,E00895,co-investor,0.3,8
E00135,E00430,shared_director,0.2,23
E02340,E00113,supplier,0.46,46
E01012,E02326,co-investor,0.76,3
E00334,E00798,parent_company,0.31,18
E00883,E01951,shared_director,0.85,43
E00841,E02809,co-investor,0.58,7
E01153,E00187,co-investor,0.18,4
E00292,E01779,shared_director,0.64,3
E00303,E01029,supplier,0.19,1
E01159,E02369,supplier,0.79,4
E01277,E02688,parent_company,0.9,3
E00617,E02170,shared_director,0.87,8
E01656,E02230,supplier,0.77,5
E02543,E02467,supplier,0.32,10
E00500,E00822,co-investor,0.55,48
E01349,E01239,co-investor,0.9,4
E00859,E01308,parent_company,0.17,4
E02849,E01959,supplier,0.54,38
E00409,E00842,shared_director,0.15,21
E01969,E00406,supplier,0.81,8
E00833,E00554,supplier,0.62,20
E00067,E00555,co-investor,0.92,43
E00018,E00662,supplier,0.36,8
E00543,E02186,shared_director,0.87,20
E01299,E00560,shared_director,0.94,5
E02489,E00873,shared_director,0.53,33
E01510,E02011,shared_director,0.37,28
E00769,E02479,supplier,0.31,6
E00154,E02610,shared_director,0.37,8
E02694,E01553,supplier,0.8,19
E00694,E01022,parent_company,0.21,19
E00197,E00312,parent_company,0.17,22
E00893,E01358,supplier,0.47,43
E01775,E02712,parent_company,0.45,27
E02245,E01038,co-investor,0.4,21
E00719,E02687,shared_director,0.77,5
E00009,E00570,co-investor,0.35,47
E00267,E02899,shared_director,0.63,39
E02887,E02514,co-investor,0.57,23
E01745,E01600,co-investor,0.56,39
E00905,E00240,supplier,0.43,38
E02576,E02871,co-investor,0.49,23
E02718,E01647,parent_company,0.43,50
E02068,E01214,parent_company,0.87,12
E01837,E02614,supplier,0.51,25
E01656,E00546,co-investor,0.46,2
E01061,E01568,supplier,0.53,43
E00176,E00340,co-investor,0.87,42
E01125,E00456,parent_company,0.1,25
E02086,E02656,shared_director,0.88,17
E00166,E02869,shared_director,0.8,7
E00022,E00015,shared_director,0.47,39
E00242,E02754,co-investor,0.99,49
E00411,E01991,parent_company,0.58,1
E01933,E01670,parent_company,0.27,47
E00456,E00499,co-investor,0.88,43
E00661,E00574,parent_company,0.23,10
E00742,E00717,parent_company,0.36,35
E01138,E01930,co-investor,0.88,34
E00789,E01467,co-investor,0.13,18
E00378,E00160,co-investor,0.51,8
E00935,E01528,supplier,0.73,16
E01422,E02733,supplier,0.84,50
E01288,E00796,co-investor,0.97,29
E00597,E00675,parent_company,0.93,1
E01789,E01185,supplier,0.68,43
E01473,E02005,supplier,0.64,30
E02148,E00985,supplier,0.21,35
E00071,E00299,supplier,0.91,7
E02548,E01179,co-investor,0.32,5
E02512,E01364,parent_company,0.81,33
E00392,E02687,co-investor,0.36,36
E01680,E01861,co-investor,0.76,41
E00528,E02256,supplier,0.26,42
E02089,E02762,parent_company,0.12,15
E01411,E02039,supplier,0.71,15
E01904,E02287,supplier,0.7,7
E00909,E02707,shared_director,0.33,16
E01649,E02443,supplier,0.39,22
E02264,E01324,co-investor,0.92,24
E02427,E02344,co-investor,0.73,2
E02232,E01140,parent_company,0.62,48
E00003,E01717,shared_director,0.61,4
E02825,E01221,co-investor,0.9,34
E02490,E02226,shared_director,0.11,5
E00199,E01592,co-investor,0.48,16
E00957,E01853,co-investor,0.43,3
E00340,E01635,co-investor,0.23,27
E00382,E00913,shared_director,0.7,5
E01225,E02408,supplier,0.23,15
E02602,E00084,co-investor,0.28,47
E01633,E02523,parent_company,0.68,26
E01212,E01104,co-investor,0.51,32
E00739,E01324,supplier,0.58,44
E00755,E00985,parent_company,0.91,12
E00871,E01235,supplier,0.79,18
E00328,E01862,parent_company,0.38,47
E01356,E01401,parent_company,0.95,26
E02460,E00443,co-investor,0.58,21
E01879,E01155,supplier,0.45,32
E02307,E01552,supplier,0.25,11
E01512,E01853,supplier,0.32,49
E00873,E00908,parent_company,0.66,22
E02768,E02457,co-investor,0.42,15
E00339,E01320,parent_company,0.57,15
E00189,E01145,supplier,0.92,9
E02479,E01783,shared_director,0.27,45
E02529,E02458,supplier,0.5,7
E01989,E01211,parent_company,0.64,9
E00109,E01238,supplier,0.47,35
E00725,E00489,co-investor,0.72,38
E00722,E01664,shared_director,0.64,31
E00021,E01623,parent_company,0.99,23
E00136,E00883,supplier,0.86,38
E00643,E02049,supplier,0.37,50
E01468,E00032,parent_company,0.24,27
E00391,E02751,supplier,0.2,16
E02634,E00998,parent_company,0.44,15
E02005,E02475,shared_director,0.18,4
E00009,E00239,supplier,0.27,38
E02655,E01400,shared_director,0.19,10
E00755,E01395,shared_director,0.74,44
E01151,E02868,shared_director,0.16,48
E01510,E01450,co-investor,0.1,29
E02374,E02547,parent_company,0.3,19
E01410,E00890,parent_company,0.77,6
E01578,E02667,shared_director,0.52,35
E00310,E01167,co-investor,0.44,29
E01180,E01004,shared_director,0.11,48
E00485,E02519,co-investor,0.95,23
E00803,E02776,supplier,0.93,43
E01849,E02044,shared_director,0.97,46
E01754,E01393,supplier,0.41,43
E01929,E02655,shared_director,0.16,2
E02358,E00656,supplier,0.84,42
E01316,E01953,supplier,0.47,5
E02560,E00246,parent_company,0.22,5
E02766,E00467,shared_director,0.53,36
E02785,E01810,supplier,0.45,31
E02592,E01752,parent_company,0.4,9
E00620,E00813,shared_director,0.21,23
E02400,E00637,supplier,0.88,25
E02605,E02117,co-investor,0.68,24
E01697,E00904,shared_director,0.18,19
E00624,E02484,co-investor,0.27,3
E00119,E01003,shared_director,0.85,50
E01007,E02334,parent_company,0.89,45
E02857,E00300,parent_company,0.23,28
E01412,E02456,shared_director,0.44,14
E00520,E01961,co-investor,0.19,43
E02269,E00827,shared_director,0.47,37
E00294,E01397,parent_company,0.93,9
E00169,E00387,supplier,0.8,43
E00125,E01589,co-investor,0.25,28
E01610,E01200,parent_company,0.49,15
E01511,E00261,parent_company,0.54,18
E01295,E01415,parent_company,0.97,16
E02003,E01497,shared_director,0.38,49
E01581,E02514,shared_director,0.98,17
E02167,E01808,co-investor,0.63,11
E00675,E01142,co-investor,0.74,8
E00089,E01257,shared_director,0.66,21
E00024,E01693,parent_company,0.97,27
E01340,E01570,co-investor,0.87,10
E02754,E00223,shared_director,0.79,49
E01833,E01712,shared_director,0.26,15
E01309,E02877,supplier,0.65,38
E00883,E01055,co-investor,0.88,5
E00537,E02358,supplier,0.37,43
E01521,E00018,parent_company,0.23,13
E01199,E02022,shared_director,0.6,45
E02865,E02737,supplier,0.36,23
E02019,E02324,shared_director,0.87,9
E01531,E00477,co-investor,0.73,4
E01880,E00100,parent_company,0.31,40
E02170,E00549,supplier,0.36,36
E02788,E00590,parent_company,0.27,42
E00640,E02841,supplier,0.93,45
E02881,E01105,co-investor,0.16,26
E02000,E01640,shared_director,0.11,13
E01668,E02582,parent_company,0.7,34
E01747,E00822,supplier,0.2,9
E00621,E00111,supplier,0.9,47
E02769,E02122,co-investor,0.55,18
E00519,E01589,co-investor,0.8,35
E00834,E00839,parent_company,0.48,29
E02768,E02361,shared_director,0.12,33
E00682,E02832,shared_director,0.55,48
E02614,E00352,parent_company,0.44,22
E02622,E02774,co-investor,0.65,19
E01782,E02456,parent_company,0.12,24
E01718,E01147,supplier,0.2,13
E00597,E01072,co-investor,0.79,6
E02310,E00882,co-investor,0.14,42
E00004,E00318,supplier,0.91,19
E01604,E00450,shared_director,0.41,34
E02931,E02831,supplier,0.59,4
E00888,E02146,supplier,0.36,41
E00280,E00251,co-investor,0.16,16
E00262,E01428,shared_director,0.45,33
E01393,E00311,parent_company,0.85,13
E02140,E02599,supplier,0.35,42
E00890,E01956,co-investor,0.51,23
E02072,E00205,parent_company,0.14,41
E00050,E00423,shared_director,0.56,21
E01563,E01155,shared_director,0.2,29
E02249,E01075,supplier,0.18,39
E00153,E00634,shared_director,0.81,43
E00421,E01659,parent_company,0.54,7
E01786,E00383,supplier,0.43,25
E01738,E02120,shared_director,0.2,37
E02340,E01926,shared_director,0.49,38
E02920,E02136,parent_company,0.7,11
E01696,E00269,shared_director,0.88,47
E01315,E00116,co-investor,0.97,35
E00850,E01536,parent_company,0.33,42
E02209,E00275,co-investor,0.48,29
E02891,E00615,co-investor,0.32,16
E01014,E02370,parent_company,0.35,25
E01640,E02702,parent_company,0.18,50
E02869,E01975,co-investor,0.6,5
E02791,E01353,co-investor,0.94,28
E02245,E01987,parent_company,0.1,50
E00830,E00027,parent_company,0.81,22
E00838,E00646,shared_director,0.26,49
E01574,E01762,parent_company,0.33,5
E02614,E01520,supplier,0.25,9
E02122,E01519,co-investor,0.48,16
E00019,E02230,shared_director,0.84,1
E02193,E02312,shared_director,0.21,47
E00033,E02617,shared_director,0.79,15
E02276,E02929,parent_company,0.96,31
E01922,E01868,supplier,0.21,49
E02054,E01199,parent_company,0.39,45
E01970,E02673,shared_director,0.28,50
E02469,E00252,supplier,0.5,6
E00600,E00300,supplier,0.84,46
E01142,E00577,parent_company,0.37,19
E02003,E00888,supplier,0.41,43
E01981,E02834,shared_director,0.99,7
E02536,E02916,shared_director,0.94,44
E02375,E02387,shared_director,0.2,24
E02908,E02499,shared_director,0.41,26
E01650,E01865,shared_director,0.37,39
E02497,E02791,shared_director,0.57,16
E00798,E01178,co-investor,0.11,40
E02923,E01502,parent_company,0.25,19
E00567,E02763,shared_director,0.71,24
E00804,E01880,parent_company,0.96,12
E00521,E00362,supplier,0.78,16
E02555,E02882,supplier,0.51,24
E02840,E01166,shared_director,0.7,27
E00206,E00468,co-investor,0.54,41
E02404,E00469,supplier,0.92,22
E00153,E02876,supplier,0.14,26
E02904,E00621,shared_director,0.11,33
E00134,E00552,shared_director,0.41,37
E00856,E02742,co-investor,0.86,22
E02449,E01867,parent_company,0.3,19
E02080,E02050,parent_company,0.42,6
E02459,E00766,supplier,0.36,26
E01934,E02336,supplier,0.84,25
E00994,E02912,shared_director,0.99,25
E01162,E02781,parent_company,0.83,2
E00851,E00376,shared_director,0.72,43
E01670,E01734,co-investor,0.23,34
E00582,E01272,shared_director,0.58,17
E02426,E00682,shared_director,0.7,19
E00011,E00162,supplier,0.72,48
E02767,E02695,parent_company,0.12,26
E02721,E00204,supplier,0.37,48
E01545,E00072,co-investor,0.18,2
E02292,E01385,co-investor,0.29,10
E02030,E00470,shared_director,0.96,13
E00234,E02642,parent_company,0.99,21
E01724,E02685,parent_company,0.44,46
E00823,E00053,supplier,0.92,4
E00155,E02414,supplier,0.57,39
E02412,E00962,supplier,0.6,34
E00467,E00015,co-investor,0.87,35
E00184,E00711,parent_company,0.4,18
E00265,E01373,parent_company,0.66,4
E02547,E00943,supplier,0.93,46
E00904,E02595,shared_director,0.48,6
E00994,E01711,shared_director,0.25,42
E00102,E02097,supplier,0.23,9
E02763,E02602,shared_director,0.57,23
E02344,E01242,shared_director,0.9,17
E01876,E00016,co-investor,0.92,15
E00302,E00362,supplier,0.98,44
E02247,E00869,parent_company,0.11,40
E01773,E02037,parent_company,0.64,40
E02064,E01189,parent_company,0.19,38
E00512,E01264,parent_company,0.7,39
E00954,E01944,shared_director,0.76,23
E02653,E00118,supplier,0.46,32
E01750,E01962,supplier,0.56,31
E01631,E00514,parent_company,0.47,16
E01772,E02232,co-investor,0.12,47
E02682,E01625,parent_company,0.51,26
E00705,E02426,parent_company,0.27,28
E01782,E01819,supplier,0.61,45
E00798,E01834,shared_director,0.18,26
E01331,E00693,parent_company,0.6,42
E02467,E02769,supplier,0.52,38
E02391,E00991,co-investor,0.61,7
E00556,E01325,co-investor,0.66,31
E01905,E00624,shared_director,0.39,39
E02032,E01558,co-investor,0.12,13
E02282,E01513,supplier,0.39,5
E02911,E01192,supplier,0.8,7
E01588,E01351,shared_director,0.6,13
E02342,E00287,parent_company,0.63,23
E01624,E01438,supplier,0.58,29
E00329,E02656,supplier,0.86,20
E02153,E01756,supplier,0.15,42
E01479,E00179,supplier,0.75,12
E01073,E01105,parent_company,0.57,29
E02299,E02013,co-investor,0.68,4
E02566,E00955,supplier,0.8,38
E00804,E00074,supplier,0.19,10
E01393,E02596,supplier,0.16,33
E01604,E02563,supplier,0.54,11
E02342,E00095,shared_director,0.7,39
E01412,E00612,parent_company,0.25,13
E01672,E02477,parent_company,0.84,41
E02298,E00065,shared_director,0.25,3
E00056,E02042,parent_company,0.12,9
E01072,E00708,shared_director,0.69,28
E00569,E01064,shared_director,0.43,31
E02602,E01181,supplier,0.73,21
E02027,E02828,supplier,0.83,49
E01135,E01250,shared_director,0.95,39
E01506,E01672,shared_director,0.33,47
E01559,E02224,shared_director,0.81,24
E02646,E01245,co-investor,0.95,15
E01042,E01353,supplier,0.35,42
E01758,E02249,shared_director,0.42,33
E00814,E02729,co-investor,0.56,19
E02301,E00937,co-investor,0.69,28
E02581,E00656,shared_director,0.85,14
E01779,E01605,co-investor,0.57,16
E00632,E00121,shared_director,0.53,34
E01930,E00019,co-investor,0.32,50
E02665,E01674,parent_company,0.69,42
E01032,E01232,parent_company,0.88,47
E01764,E02446,co-investor,0.88,3
E01459,E00098,co-investor,0.39,4
E01480,E00131,parent_company,0.58,26
E01899,E00677,supplier,0.15,13
E01149,E00706,parent_company,0.61,45
E01915,E01831,parent_company,0.92,32
E00582,E02418,co-investor,0.34,23
E02732,E02576,supplier,0.32,2
E00260,E01728,parent_company,0.4,23
E00451,E01452,supplier,0.71,45
E02856,E02606,supplier,0.37,22
E00095,E02695,parent_company,0.96,7
E01277,E00860,co-investor,0.3,5
E00571,E01901,co-investor,0.79,44
E02754,E02804,parent_company,0.84,49
E02014,E02542,co-investor,0.27,47
E00412,E00458,parent_company,0.32,23
E02360,E00120,co-investor,0.99,11
E01643,E01467,parent_company,0.9,17
E00611,E02259,shared_director,0.86,25
E00751,E02736,co-investor,0.2,4
E02145,E01489,shared_director,0.3,13
E02270,E02929,co-investor,0.41,22
E00329,E01064,shared_director,0.98,39
E02564,E00332,parent_company,0.39,6
E01953,E02727,co-investor,0.41,23
E01281,E02803,parent_company,0.72,45
E00129,E01712,parent_company,0.53,35
E00441,E01703,shared_director,0.28,29
E01025,E01579,supplier,1.0,9
E00356,E02736,co-investor,0.85,24
E01734,E00684,shared_director,0.33,7
E00712,E01738,supplier,0.56,34
E00486,E02094,shared_director,0.45,1
E02414,E02546,supplier,0.48,15
E00344,E02472,shared_director,0.32,16
E02534,E02449,co-investor,0.95,28
E02024,E00243,co-investor,0.4,46
E01352,E02522,parent_company,0.93,9
E02774,E02884,shared_director,0.5,44
E00410,E00710,parent_company,0.35,15
E02176,E02278,supplier,0.38,23
E00371,E02694,co-investor,0.69,4
E00595,E01513,parent_company,0.46,24
E00190,E02784,parent_company,0.6,47
E00973,E00439,parent_company,0.33,31
E01482,E01520,shared_director,0.44,12
E02484,E02498,supplier,0.2,22
E01200,E02419,supplier,0.77,41
E01060,E00795,supplier,0.57,46
E00832,E02650,co-investor,0.32,40
E01526,E00922,supplier,0.9,44
E02676,E00643,shared_director,0.54,44
E02632,E00440,co-investor,0.11,10
E02799,E02395,supplier,0.95,30
E02478,E00519,shared_director,0.91,22
E00264,E01852,parent_company,0.87,33
E00457,E01751,parent_company,0.72,6
E00220,E02063,shared_director,0.31,40
E00638,E00642,supplier,0.63,16
E01627,E02324,supplier,0.81,29
E00893,E02783,shared_director,0.49,31
E00467,E00111,co-investor,0.22,33
E02796,E01849,shared_director,0.1,42
E01197,E01419,supplier,0.44,13
E00232,E01042,co-investor,0.39,1
E00728,E00025,parent_company,0.8,25
E02133,E01000,shared_director,0.6,3
E00873,E01269,co-investor,0.89,11
E02435,E01296,shared_director,0.51,26
E00194,E00974,supplier,0.34,39
E00843,E01119,shared_director,0.72,30
E02783,E01426,co-investor,0.66,35
E02913,E00599,parent_company,0.81,35
E02069,E00395,supplier,0.17,16
E02251,E02724,parent_company,0.5,5
E00199,E01285,supplier,0.32,18
E01538,E00247,supplier,0.59,11
E00610,E00012,supplier,0.31,43
E02241,E00693,co-investor,0.82,12
E00130,E02254,parent_company,0.72,5
E02753,E01585,supplier,0.75,41
E01684,E00911,shared_director,0.86,16
E02202,E02316,supplier,0.68,45
E01962,E01006,shared_director,0.64,30
E02091,E02427,co-investor,0.68,28
E01975,E00755,supplier,0.14,23
E00531,E00331,co-investor,0.73,7
E00207,E01942,supplier,0.51,28
E00989,E01102,co-investor,0.88,2
E02680,E02750,co-investor,0.19,14
E01880,E00027,co-investor,0.17,8
E02393,E00330,co-investor,0.82,20
E01482,E01064,co-investor,0.48,31
E00581,E02527,shared_director,0.41,25
E00471,E02458,parent_company,0.51,32
E00321,E00968,shared_director,0.5,44
E00477,E02819,shared_director,0.78,28
E00986,E02395,co-investor,0.46,9
E01646,E01564,shared_director,0.59,2
E01525,E01489,shared_director,0.29,7
E00802,E02231,shared_director,0.77,3
E00680,E00573,parent_company,0.72,46
E01183,E02733,shared_director,0.97,20
E01218,E01602,shared_director,0.26,28
E00839,E00895,supplier,0.37,44
E00453,E00294,shared_director,0.47,7
E02803,E01222,parent_company,0.66,7
E01535,E00761,co-investor,0.56,8
E02462,E01626,shared_director,0.29,27
E01073,E01963,supplier,0.86,25
E01283,E01545,shared_director,0.63,31
E00090,E00887,shared_director,0.6,50
E00948,E00013,supplier,0.35,15
E01993,E02798,parent_company,0.46,15
E02827,E00323,co-investor,0.62,12
E00594,E02896,supplier,0.7,11
E01977,E00237,shared_director,0.4,15
E01148,E00264,supplier,0.92,4
E01545,E02809,parent_company,0.62,6
E02226,E01851,parent_company,0.22,11
E01151,E01966,supplier,0.57,2
E00359,E02198,supplier,0.5,38
E01641,E02671,supplier,0.86,31
E01371,E02774,shared_director,0.57,47
E02133,E02688,co-investor,0.85,31
E01167,E02383,shared_director,0.66,4
E01294,E00661,parent_company,0.2,8
E00453,E01144,shared_director,0.81,27
E01458,E02117,supplier,0.6,35
E02716,E00418,supplier,0.49,32
E00866,E02589,co-investor,0.47,16
E00388,E01671,parent_company,0.85,11
E02443,E01889,co-investor,0.85,29
E00730,E01698,supplier,0.48,20
E02494,E01682,parent_company,0.54,36
E02078,E00291,supplier,0.62,14
E02153,E02826,supplier,0.45,11
E02858,E00194,supplier,0.79,42
E00054,E02047,supplier,0.48,32
E01426,E00773,parent_company,0.2,15
E02831,E00797,shared_director,0.93,16
E00315,E01926,co-investor,0.34,3
E00186,E01272,supplier,0.32,44
E00670,E02464,co-investor,0.77,24
E02114,E01364,parent_company,0.41,27
E00961,E02786,supplier,0.24,18
E00893,E02473,parent_company,0.23,21
E01401,E00434,shared_director,0.83,5
E02459,E02870,parent_company,0.39,5
E02578,E01041,shared_director,0.88,12
E00436,E02881,parent_company,0.74,26
E00153,E00498,shared_director,0.31,39
E01070,E01467,co-investor,0.19,14
E02273,E01031,co-investor,0.31,21
E01596,E00892,supplier,0.64,1
E01927,E02449,shared_director,0.57,48
E01384,E02547,supplier,0.69,28
E02850,E02710,co-investor,0.43,38
E02206,E01904,parent_company,0.67,47
E00132,E02304,parent_company,0.73,30
E01981,E02606,parent_company,0.4,49
E00381,E01715,shared_director,0.56,5
E00845,E00884,shared_director,0.27,28
E01855,E00118,shared_director,0.72,8
E01962,E02691,parent_company,0.74,1
E02894,E00739,co-investor,0.22,11
E02648,E00700,co-investor,0.18,40
E02152,E00941,supplier,0.47,16
E00758,E00962,shared_director,0.38,1
E00386,E02230,supplier,0.68,20
E01189,E01100,parent_company,0.37,36
E01109,E00637,supplier,0.24,18
E01003,E01507,supplier,0.73,20
E01800,E01685,co-investor,0.73,6
E00484,E02738,shared_director,0.69,22
E01707,E01123,supplier,0.65,37
E01168,E00423,co-investor,0.55,13
E02544,E02209,supplier,0.91,30
E00160,E01311,co-investor,0.85,9
E01230,E01331,supplier,0.72,40
E00229,E02084,parent_company,0.45,5
E02734,E00290,supplier,0.68,21
E01571,E01309,co-investor,0.26,37
E02432,E00719,supplier,0.67,12
E00991,E01968,shared_director,0.74,28
E02389,E02720,shared_director,0.64,50
E00688,E02335,co-investor,0.31,35
E01572,E00383,co-investor,0.18,5
E02561,E02220,parent_company,0.65,2
E02545,E00945,co-investor,0.21,42
E02585,E00610,co-investor,0.1,28
E02759,E00728,parent_company,0.34,13
E00826,E01229,parent_company,0.96,17
E00855,E01936,co-investor,0.19,48
E02158,E01562,shared_director,0.91,17
E00153,E02080,shared_director,0.8,24
E01180,E00720,co-investor,0.32,36
E00724,E01572,parent_company,0.6,22
E00086,E01843,co-investor,0.28,2
E02366,E01423,parent_company,0.98,36
E02596,E02143,co-investor,0.65,31
E02587,E00034,parent_company,0.61,39
E01729,E01161,co-investor,0.29,39
E00394,E01927,shared_director,0.4,17
E01876,E00511,parent_company,0.1,49
E02425,E02412,co-investor,0.35,36
E02084,E01866,parent_company,0.94,19
E02501,E02643,shared_director,0.7,34
E01777,E01761,shared_director,0.63,40
E02374,E01058,shared_director,0.11,45
E00437,E01875,supplier,0.88,28
E02394,E00211,supplier,0.86,40
E01804,E00337,supplier,0.12,49
E00881,E02145,co-investor,0.82,46
E01836,E00421,co-investor,0.45,23
E01716,E01771,co-investor,0.1,22
E00314,E02224,shared_director,0.95,44
E00393,E01575,shared_director,0.7,17
E02306,E02798,parent_company,0.28,45
E00850,E01508,shared_director,0.62,21
E00077,E01140,co-investor,0.78,2
E02645,E01373,shared_director,0.47,46
E02362,E00940,shared_director,0.41,3
E00556,E02917,co-investor,0.91,36
E01781,E00296,shared_director,0.85,35
E02408,E00688,co-investor,0.82,8
E01232,E00137,parent_company,0.4,44
E00986,E02208,co-investor,0.88,32
E01753,E00707,shared_director,0.89,20
E02107,E00293,shared_director,0.78,16
E02119,E02650,co-investor,0.62,49
E01668,E02291,supplier,0.7,13
E01324,E02098,co-investor,0.3,47
E00347,E00090,supplier,0.87,10
E01800,E02250,shared_director,0.64,6
E02501,E02657,parent_company,0.1,19
E02633,E02064,co-investor,0.23,46
E02006,E01883,co-investor,0.57,49
E01945,E00200,parent_company,0.45,27
E00601,E00212,parent_company,0.77,14
E01040,E01246,co-investor,0.29,39
E01058,E01651,shared_director,0.77,46
E01002,E00953,supplier,0.58,44
E00617,E00804,parent_company,0.43,44
E01728,E00364,shared_director,0.74,48
E00196,E01838,parent_company,0.85,29
E01235,E01147,co-investor,0.51,28
E00709,E02766,shared_director,0.9,25
E01004,E01608,shared_director,0.58,45
E00169,E02087,shared_director,0.83,17
E02031,E01534,co-investor,0.72,42
E00981,E01169,co-investor,0.22,23
E00780,E01828,shared_director,0.81,2
E00984,E01951,shared_director,0.52,36
E01947,E01153,supplier,0.34,10
E00093,E01967,shared_director,0.52,6
E01263,E02445,shared_director,0.42,20
E00362,E00312,co-investor,0.78,50
E00851,E02670,parent_company,0.15,38
E00239,E00133,supplier,0.61,18
E00138,E01676,co-investor,0.46,47
E02074,E00615,parent_company,0.77,47
E01079,E01407,parent_company,0.57,22
E02682,E02692,shared_director,0.43,22
E00739,E00821,parent_company,0.95,28
E00131,E02586,supplier,0.88,3
E01066,E01911,supplier,0.87,37
E00323,E00288,supplier,0.76,20
E02396,E02727,co-investor,0.84,5
E00323,E02458,shared_director,0.85,6
E00356,E02244,supplier,0.71,21
E02058,E00881,shared_director,0.81,18
E01646,E01747,supplier,0.38,20
E01927,E01838,shared_director,0.93,33
E02634,E02654,shared_director,0.56,43
E00001,E01150,shared_director,0.76,27
E01638,E02750,shared_director,0.59,10
E02901,E02516,supplier,0.77,46
E00546,E01511,shared_director,0.41,39
E02401,E01536,supplier,0.57,40
E00278,E01132,parent_company,0.73,45
E00949,E00015,parent_company,0.62,12
E02034,E01732,co-investor,0.87,21
E01140,E01971,parent_company,0.66,28
E00716,E00638,supplier,0.33,23
E00276,E00886,supplier,0.58,25
E00133,E01263,shared_director,0.38,16
E00874,E02261,supplier,0.33,47
E02050,E01391,parent_company,0.34,20
E01239,E00526,supplier,0.27,39
E01076,E01156,supplier,0.12,48
E02754,E00682,parent_company,0.8,31
E02643,E00925,co-investor,0.99,35
E02794,E02866,shared_director,0.47,32
E01963,E01239,supplier,0.28,14
E01502,E00313,parent_company,0.11,23
E02106,E01532,parent_company,0.34,27
E01304,E02190,supplier,0.41,40
E02160,E02204,co-investor,0.67,45
E00488,E02003,co-investor,0.41,40
E02540,E00238,co-investor,0.74,44
E00312,E00700,shared_director,0.4,34
E00454,E01544,shared_director,0.41,40
E00729,E00882,parent_company,0.95,7
E02407,E00903,co-investor,0.58,37
E00376,E02244,supplier,0.76,13
E02183,E00267,co-investor,0.88,13
E01062,E00521,parent_company,0.38,11
E00422,E02823,co-investor,0.62,48
E00992,E00214,supplier,0.26,33
E01288,E00634,shared_director,0.91,19
E00372,E00357,co-investor,0.75,6
E00806,E01022,supplier,0.4,42
E01460,E01485,parent_company,0.86,5
E01314,E00916,supplier,0.27,20
E01216,E00043,shared_director,0.5,6
E02752,E02918,supplier,0.9,40
E01669,E01477,co-investor,0.7,21
E01310,E01871,shared_director,0.77,46
E01771,E00973,co-investor,0.39,20
E00491,E02288,parent_company,0.64,7
E00580,E01666,co-investor,0.41,4
E01708,E01257,supplier,0.94,47
E00422,E00094,shared_director,0.97,45
E01567,E02625,shared_director,0.72,6
E00071,E00242,parent_company,0.24,17
E00549,E00506,shared_director,0.58,27
E02063,E00516,parent_company,0.72,41
E02045,E01458,shared_director,0.25,25
E02533,E02329,shared_director,0.96,2
E02168,E00793,co-investor,0.55,46
E00354,E00016,supplier,0.41,15
E00570,E02712,co-investor,0.54,49
E00544,E02258,shared_director,0.14,13
E00647,E00598,supplier,0.14,42
E02708,E01898,co-investor,0.6,40
E02021,E00528,co-investor,0.82,36
E01897,E00501,parent_company,0.65,6
E01210,E01371,parent_company,0.91,3
E01357,E02773,supplier,0.74,10
E02588,E02114,shared_director,0.11,25
E00180,E01180,supplier,0.26,12
E01074,E00053,shared_director,0.8,20
E01955,E01080,shared_director,0.96,26
E02837,E02487,co-investor,0.14,38
E00096,E01054,supplier,0.67,47
E02394,E02069,co-investor,0.49,45
E01064,E00837,supplier,0.18,25
E01349,E02569,co-investor,0.49,9
E00904,E02109,shared_director,0.58,33
E01814,E01561,co-investor,0.48,40
E02554,E00974,supplier,0.29,43
E00215,E01707,parent_company,0.9,9
E02424,E00095,supplier,0.99,47
E00793,E02278,shared_director,0.11,18
E01975,E02414,co-investor,0.7,29
E00327,E02366,supplier,0.29,2
E00850,E01349,supplier,0.78,47
E01051,E02135,co-investor,0.76,36
E00691,E02333,co-investor,0.38,38
E02914,E00500,co-investor,0.51,37
E00196,E01482,parent_company,0.38,9
E02298,E00981,co-investor,0.89,48
E01675,E01943,parent_company,0.68,37
E01358,E00906,parent_company,0.69,26
E02022,E00033,co-investor,0.88,49
E02118,E01655,shared_director,0.85,22
E01557,E02822,parent_company,0.63,11
E01506,E02718,parent_company,0.89,11
E02153,E00675,supplier,0.78,8
E02159,E00895,parent_company,0.32,14
E00171,E01790,co-investor,0.48,47
E01221,E02792,shared_director,0.54,27
E02618,E02029,supplier,0.65,26
E01141,E01327,parent_company,0.53,18
E01150,E02354,co-investor,0.85,31
E01372,E00601,supplier,0.31,41
E00822,E00333,shared_director,0.39,23
E02801,E02905,co-investor,0.64,11
E02061,E02868,shared_director,0.35,46
E01874,E01133,supplier,0.97,5
E02891,E02606,co-investor,0.97,25
E02802,E00641,shared_director,0.5,49
E00493,E02671,supplier,0.81,40
E02020,E01739,co-investor,0.4,18
E02512,E01665,co-investor,0.81,5
E01468,E02627,shared_director,0.38,8
E02505,E01652,shared_director,0.58,28
E00974,E00033,supplier,0.61,14
E01438,E02066,parent_company,0.15,8
E01623,E00786,supplier,0.18,48
E01341,E02358,shared_director,0.69,10
E00707,E01151,parent_company,0.21,18
E02218,E00881,co-investor,0.8,39
E00686,E01965,shared_director,0.47,4
E02326,E02575,co-investor,0.49,45
E00202,E00340,supplier,0.35,14
E00806,E01229,supplier,0.16,22
E00898,E01797,parent_company,0.44,34
E01635,E01640,shared_director,0.19,23
E01337,E01070,co-investor,0.48,2
E01414,E01004,parent_company,0.9,3
E02520,E01792,shared_director,0.87,48
E01651,E02593,parent_company,0.55,4
E02577,E01363,parent_company,0.46,45
E01225,E02557,supplier,0.2,45
E00628,E02911,co-investor,0.47,48
E02567,E02797,parent_company,0.82,24
E00175,E00700,supplier,0.89,23
E01315,E02659,parent_company,0.6,2
E02759,E02037,shared_director,0.41,21
E02249,E00569,supplier,0.92,25
E00748,E01708,co-investor,0.3,39
E01519,E01629,shared_director,0.68,18
E01182,E01620,supplier,0.5,40
E00092,E01969,co-investor,0.17,37
E02855,E02333,supplier,0.65,5
E01869,E01980,co-investor,0.43,10
E02346,E02776,co-investor,0.37,20
E02475,E00677,co-investor,0.29,7
E01760,E01129,parent_company,0.57,44
E01002,E02120,co-investor,0.7,31
E01115,E01803,shared_director,0.49,25
E01308,E02386,supplier,0.53,24
E01336,E01242,co-investor,0.68,46
E00862,E02616,co-investor,0.3,50
E01770,E02200,shared_director,0.69,7
E01378,E01682,parent_company,0.96,47
E00011,E02385,co-investor,0.79,4
E01995,E01659,parent_company,0.37,8
E01417,E00863,co-investor,0.63,30
E00512,E00209,supplier,0.2,22
E02636,E01034,shared_director,0.51,15
E01179,E02518,co-investor,0.32,5
E02701,E01075,shared_director,0.22,23
E01497,E01919,co-investor,0.46,7
E00915,E01404,co-investor,0.68,47
E02597,E01999,co-investor,0.19,35
E01347,E02658,co-investor,0.52,40
E02725,E01287,parent_company,0.31,10
E02198,E01503,co-investor,0.41,2
E02762,E02385,co-investor,0.54,39
E01235,E01999,co-investor,0.94,7
E02678,E01675,shared_director,0.14,34
E01076,E02573,supplier,0.8,27
E00687,E00977,parent_company,0.77,42
E02614,E01237,shared_director,0.1,2
E01905,E00417,co-investor,0.46,38
E01822,E02596,supplier,0.33,32
E02743,E02417,shared_director,0.75,45
E01006,E01192,supplier,0.6,46
E01309,E02343,co-investor,1.0,34
E02920,E00888,shared_director,0.94,24
E02925,E01649,supplier,0.21,2
E00783,E02493,shared_director,0.19,5
E01885,E01426,supplier,0.69,3
E00430,E01796,supplier,0.95,30
E02347,E02647,co-investor,0.62,32
E02225,E01772,parent_company,0.95,21
E01286,E02785,supplier,0.46,46
E00640,E00450,co-investor,0.62,50
E00969,E02723,shared_director,0.5,44
E01024,E01446,parent_company,0.81,32
E00984,E01508,co-investor,0.73,39
E01670,E00187,shared_director,0.15,9
E00545,E02188,parent_company,0.34,6
E00876,E00945,co-investor,0.84,49
E00795,E02508,supplier,0.17,13
E00194,E02473,shared_director,0.92,20
E00676,E02018,co-investor,0.98,15
E01771,E01660,parent_company,0.38,46
E02326,E01696,shared_director,0.79,5
E02845,E01098,supplier,0.28,50
E02735,E00046,supplier,0.92,44
E00936,E01492,shared_director,0.86,36
E00629,E01597,supplier,0.56,22
E00744,E02742,shared_director,0.31,47
E01929,E02422,co-investor,0.74,5
E00580,E02075,shared_director,0.49,38
E00425,E00363,parent_company,0.7,13
E00681,E00310,co-investor,0.66,11
E01321,E00652,shared_director,0.17,7
E02399,E02004,parent_company,0.86,40
E01254,E01616,co-investor,0.51,17
E02578,E02577,co-investor,0.44,24
E02868,E00880,parent_company,0.44,21
E01148,E01174,supplier,0.2,7
E02817,E02181,co-investor,0.18,25
E01844,E00769,supplier,0.72,10
E00238,E00845,supplier,0.72,14
E01821,E01757,co-investor,0.8,35
E01145,E02035,supplier,0.33,43
E00552,E00680,supplier,0.95,17
E02712,E02140,parent_company,0.28,21
E01094,E00245,supplier,0.2,29
E00693,E02219,parent_company,0.92,1
E00802,E00007,shared_director,0.89,26
E01193,E01920,shared_director,0.14,37
E00044,E01728,shared_director,0.49,35
E00972,E01905,shared_director,0.23,39
E01529,E00011,shared_director,0.48,31
E02823,E00270,shared_director,0.27,7
E02044,E00604,supplier,0.35,34
E02115,E01617,supplier,0.69,7
E02053,E01598,parent_company,0.14,43
E00663,E01586,co-investor,0.69,26
E01052,E02519,shared_director,0.52,7
E02412,E02511,supplier,0.46,21
E02805,E00945,supplier,0.45,17
E02332,E00136,shared_director,0.68,15
E01223,E00536,co-investor,0.83,8
E02889,E02442,shared_director,0.71,8
E02263,E00284,co-investor,0.6,7
E00770,E01627,parent_company,0.62,30
E00045,E01894,co-investor,0.26,22
E01011,E00275,parent_company,0.67,26
E00568,E01397,parent_company,0.46,1
E00576,E00714,supplier,0.48,48
E00103,E02255,shared_director,0.43,18
E02107,E00043,parent_company,0.88,39
E00950,E00816,co-investor,0.59,49
E02063,E01221,parent_company,0.71,40
E02617,E00339,supplier,0.47,29
E00981,E01337,supplier,0.53,22
E01040,E01546,parent_company,0.79,46
E01414,E00501,supplier,0.89,48
E00334,E01247,supplier,0.92,49
E00363,E00617,parent_company,0.27,37
E01354,E01506,shared_director,0.61,1
E00904,E01389,shared_director,0.19,32
E00334,E01991,supplier,0.27,23
E01683,E02050,shared_director,0.92,37
E01243,E00302,parent_company,0.33,45
E01565,E00020,co-investor,0.18,26
E01038,E02216,parent_company,0.78,41
E02275,E02420,co-investor,0.29,29
E01578,E02289,co-investor,0.2,36
E01858,E01654,shared_director,0.52,43
E01785,E00249,supplier,0.45,15
E01271,E01330,shared_director,0.71,43
E00956,E00328,shared_director,0.78,3
E00933,E00925,parent_company,0.34,27
E01849,E01366,shared_director,0.91,17
E01394,E00477,supplier,0.37,18
E02185,E00177,co-investor,0.73,29
E00890,E00480,supplier,0.99,25
E00081,E01397,co-investor,0.25,4
E01864,E02435,co-investor,0.84,46
E01225,E01956,shared_director,0.85,7
E00441,E00210,shared_director,0.96,37
E01937,E01607,co-investor,0.89,24
E01188,E02760,co-investor,0.48,30
E00614,E02097,shared_director,0.24,25
E02799,E02362,parent_company,0.37,22
E01100,E02787,supplier,0.78,38
E00043,E02494,co-investor,0.96,25
E02165,E01429,shared_director,0.11,28
E01553,E02418,parent_company,0.93,42
E01671,E00278,parent_company,0.57,27
E02245,E01952,supplier,0.66,29
E01806,E01869,shared_director,0.64,30
E00168,E02680,parent_company,0.61,27
E00592,E01542,parent_company,0.55,38
E00753,E01819,supplier,0.7,6
E00226,E01794,parent_company,0.99,8
E00533,E02269,shared_director,0.26,43
E00134,E01667,parent_company,0.36,11
E00950,E00789,parent_company,0.15,10
E00884,E02527,parent_company,0.33,25
E00093,E01644,supplier,0.85,25
E02319,E01060,parent_company,0.71,1
E01634,E02507,co-investor,0.69,13
E01397,E01793,shared_director,0.39,9
E02453,E01252,supplier,0.22,22
E00994,E01976,supplier,0.13,25
E01086,E01040,co-investor,0.36,31
E01396,E01006,supplier,0.2,38
E02588,E02132,supplier,0.33,24
E01434,E01274,parent_company,0.58,1
E01328,E01015,shared_director,0.47,20
E00541,E01496,co-investor,0.82,31
E02283,E01738,shared_director,0.59,2
E02781,E00740,supplier,0.31,38
E00533,E00692,supplier,0.32,5
E01969,E00141,supplier,0.66,46
E01336,E02295,shared_director,0.97,14
E02425,E02363,parent_company,0.59,31
E02318,E02149,shared_director,0.24,34
E02036,E00832,supplier,0.33,11
E01269,E02325,co-investor,0.82,12
E02361,E00464,shared_director,0.92,37
E01607,E01269,co-investor,0.2,1
E00961,E00798,parent_company,0.59,33
E00028,E01930,supplier,0.12,6
E02874,E00170,parent_company,0.57,20
E01387,E02805,supplier,0.24,2
E00603,E02790,parent_company,0.76,42
E00015,E00337,shared_director,0.42,24
E01113,E00274,shared_director,0.35,32
E02538,E00564,supplier,0.15,18
E01663,E01701,parent_company,0.89,21
E02664,E00074,supplier,0.42,26
E02790,E02788,shared_director,0.33,11
E00209,E00942,shared_director,0.15,35
E01400,E01198,parent_company,0.28,37
E01526,E02080,shared_director,0.23,16
E02822,E02275,parent_company,0.46,46
E02639,E00043,shared_director,0.14,6
E01064,E01375,shared_director,0.98,10
E00939,E00552,shared_director,0.54,18
E02719,E02178,co-investor,0.55,7
E02544,E02598,shared_director,0.11,24
E00182,E00438,shared_director,0.55,31
E02742,E00542,supplier,0.66,23
E00302,E02341,parent_company,0.14,36
E00634,E02252,co-investor,0.21,15
E02888,E00612,shared_director,0.86,18
E02357,E02652,parent_company,0.78,38
E01395,E02071,parent_company,0.63,7
E01408,E02194,co-investor,0.92,8
E00317,E01759,parent_company,0.82,42
E01818,E00342,co-investor,0.64,2
E01912,E01370,shared_director,0.37,8
E01269,E00752,co-investor,0.61,30
E00976,E02388,shared_director,0.24,9
E01417,E02463,supplier,0.57,35
E00974,E02839,supplier,0.26,42
E02356,E01925,shared_director,0.31,42
E01779,E02902,shared_director,0.53,49
E01057,E01217,parent_company,0.67,13
E02580,E01404,co-investor,0.66,30
E02126,E02030,parent_company,0.64,25
E01483,E01952,supplier,0.4,26
E02913,E01260,parent_company,0.9,44
E02653,E00177,parent_company,0.65,37
E00193,E00928,co-investor,0.94,42
E00077,E02625,co-investor,0.21,31
E02381,E01716,supplier,0.66,47
E00205,E02325,co-investor,0.11,5
E01717,E02864,co-investor,0.53,31
E01701,E00523,co-investor,0.89,26
E01565,E02845,parent_company,0.21,17
E02433,E00630,supplier,0.3,39
E00946,E00218,supplier,0.75,18
E02579,E00241,supplier,0.71,10
E01912,E00991,supplier,0.95,8
E01885,E00756,parent_company,0.46,5
E01060,E02013,co-investor,0.48,1
E00048,E02598,supplier,0.57,9
E02501,E00913,parent_company,0.98,40
E02161,E01118,shared_director,0.82,11
E00647,E02357,parent_company,0.85,49
E02652,E01324,shared_director,0.72,45
E01972,E01953,supplier,0.98,16
E02438,E00082,parent_company,0.25,50
E00670,E01234,shared_director,0.76,16
E01650,E01329,supplier,0.14,13
E00587,E02479,supplier,0.62,46
E02606,E00228,shared_director,0.37,30
E01666,E00277,co-investor,0.37,29
E02062,E02003,parent_company,0.86,46
E01331,E01303,co-investor,0.69,4
E02927,E01164,parent_company,0.68,8
E01641,E02537,shared_director,0.64,47
E02890,E00251,shared_director,0.5,24
E01097,E02339,parent_company,0.66,20
E00947,E02802,shared_director,0.63,18
E01309,E00869,parent_company,0.81,45
E01421,E00715,shared_director,0.6,15
E01370,E01871,parent_company,0.32,33
E00404,E00907,parent_company,0.12,31
E00953,E01136,co-investor,0.32,44
E00853,E00207,parent_company,0.99,28
E01271,E00416,parent_company,0.24,49
E01949,E01039,supplier,0.67,35
E01534,E00782,shared_director,0.24,16
E00943,E01421,supplier,0.39,5
E01638,E00198,parent_company,0.32,9
E01338,E00393,supplier,0.54,6
E01498,E01461,co-investor,0.58,32
E00222,E02408,co-investor,0.67,45
E00215,E01120,parent_company,0.24,42
E02815,E02766,co-investor,0.95,26
E01252,E00292,supplier,0.63,11
E01521,E01525,supplier,0.22,15
E02092,E00146,shared_director,0.79,5
E02402,E00374,parent_company,0.84,47
E01415,E00088,co-investor,0.74,15
E02821,E01271,co-investor,0.94,5
E02526,E02921,shared_director,0.2,45
E02037,E01287,co-investor,0.55,8
E01607,E01771,parent_company,0.26,33
E02588,E02661,parent_company,0.98,27
E01008,E00072,shared_director,0.21,27
E00550,E00305,co-investor,0.9,46
E01772,E00973,co-investor,0.22,50
E00004,E01877,shared_director,0.95,21
E00171,E01185,parent_company,0.15,39
E02304,E02702,shared_director,0.55,23
E02735,E02672,shared_director,0.64,30
E00317,E01254,parent_company,0.72,45
E01731,E00099,supplier,0.77,38
E00156,E00448,supplier,0.17,19
E01711,E00394,supplier,0.76,39
E00610,E01989,supplier,0.58,14
E00157,E01152,shared_director,0.69,25
E00996,E02273,supplier,0.47,33
E01938,E02899,co-investor,0.18,44
E01447,E01723,supplier,0.99,41
E00145,E02707,shared_director,0.4,26
E02281,E02197,parent_company,0.44,12
E02147,E00141,supplier,0.53,10
E02927,E02000,parent_company,0.84,47
E02615,E02270,supplier,0.71,19
E01833,E00633,parent_company,0.51,23
E01721,E01159,supplier,0.52,15
E02917,E00118,parent_company,0.14,26
E02473,E01817,co-investor,0.19,17
E01420,E01164,parent_company,0.47,6
E01066,E01588,shared_director,0.34,3
E01781,E01553,shared_director,0.5,5
E02299,E01383,shared_director,0.9,6
E01741,E01247,co-investor,0.49,23
E02740,E02489,co-investor,0.84,14
E01244,E01020,supplier,0.55,41
E02687,E01798,parent_company,0.63,10
E00067,E00133,parent_company,0.41,23
E01756,E01357,parent_company,0.32,31
E02882,E01954,shared_director,0.82,2
E02774,E00820,supplier,0.44,45
E02283,E01971,supplier,0.63,11
E01703,E00442,co-investor,0.35,31
E02758,E00630,supplier,0.87,10
E01076,E02723,supplier,0.22,24
E01189,E01381,co-investor,0.12,4
E01402,E01212,supplier,0.56,48
E00150,E02728,parent_company,0.61,32
E01645,E02585,shared_director,0.31,33
E01960,E00554,co-investor,0.44,26
E00879,E00055,parent_company,0.82,50
E01156,E01019,parent_company,0.8,4
E00113,E00123,supplier,0.36,21
E00645,E02520,co-investor,0.66,15
E00073,E02015,co-investor,0.2,37
E02320,E02638,shared_director,0.38,18
E01693,E01588,parent_company,0.56,32
E02840,E00798,co-investor,0.19,39
E01547,E00643,parent_company,0.4,29
E01341,E02589,shared_director,0.15,11
E00522,E01024,supplier,0.22,19
E00160,E01525,shared_director,0.77,29
E00419,E00756,co-investor,0.17,24
E02125,E02310,supplier,0.84,7
E02116,E02577,parent_company,0.79,33
E00050,E01380,supplier,0.47,28
E00178,E02907,supplier,0.86,14
E02373,E00521,shared_director,0.57,19
E01129,E01991,supplier,0.63,25
E00794,E01706,supplier,0.39,31
E01602,E02505,co-investor,0.85,19
E01241,E00637,supplier,0.23,17
E02843,E02275,parent_company,0.33,35
E01610,E00784,supplier,0.32,30
E00962,E01893,supplier,0.37,3
E00928,E00302,supplier,0.92,3
E02849,E00625,shared_director,0.71,41
E02406,E00499,co-investor,0.81,39
E01019,E02743,shared_director,0.11,6
E00101,E01081,shared_director,0.94,6
E02054,E02326,supplier,0.85,38
E02522,E00513,co-investor,0.86,25
E02695,E02772,parent_company,0.9,47
E01992,E01677,parent_company,0.36,3
E00903,E01073,supplier,0.35,13
E00286,E02113,supplier,0.2,36
E02595,E00425,co-investor,0.11,22
E00352,E02857,parent_company,0.24,41
E00475,E01823,supplier,0.38,29
E00158,E02058,co-investor,0.47,37
E01126,E00196,shared_director,0.51,19
E02706,E02062,shared_director,0.57,5
E00090,E00811,supplier,0.34,23
E01597,E01114,co-investor,0.53,49
E00625,E01875,co-investor,0.7,31
E02457,E01101,supplier,0.51,18
E00112,E00912,parent_company,0.87,29
E01088,E01058,shared_director,0.1,15
E01012,E02493,supplier,0.74,26
E02519,E01184,supplier,0.27,41
E01657,E01231,supplier,0.1,25
E00070,E00919,parent_company,0.48,29
E01437,E00958,supplier,0.73,36
E00187,E01425,shared_director,0.93,26
E00989,E00359,supplier,0.17,35
E02469,E01664,co-investor,0.37,7
E00679,E01320,parent_company,0.46,25
E01183,E00088,supplier,0.35,19
E02135,E01639,shared_director,0.64,36
E01551,E02604,co-investor,0.56,34
E00285,E01915,supplier,0.91,16
E01661,E00437,supplier,0.99,30
E01920,E00017,supplier,0.5,49
E00909,E02679,shared_director,0.38,20
E02440,E00809,parent_company,0.83,3
E01820,E02162,supplier,0.2,5
E01812,E00437,shared_director,0.85,3
E01139,E02524,supplier,0.25,6
E01098,E01174,co-investor,0.18,23
E01369,E02425,shared_director,0.5,15
E00952,E00956,co-investor,0.7,47
E01668,E02873,co-investor,0.44,11
E00938,E02325,supplier,0.53,44
E00109,E00865,parent_company,0.42,1
E00227,E01275,parent_company,0.45,26
E01426,E00879,shared_director,0.75,48
E02513,E01957,shared_director,0.31,30
E00887,E02327,co-investor,0.79,45
E00634,E01119,shared_director,0.75,10
E00804,E02295,co-investor,0.86,25
E01350,E02709,parent_company,0.85,10
E01963,E02699,shared_director,0.6,43
E00379,E01069,supplier,0.99,16
E01121,E02362,parent_company,0.81,49
E01973,E02495,shared_director,0.5,3
E01764,E00025,co-investor,0.43,42
E00415,E01957,parent_company,0.84,30
E02489,E00514,supplier,0.89,8
E01592,E00559,co-investor,0.12,45
E02407,E02283,parent_company,0.94,24
E01078,E01611,co-investor,0.46,38
E02192,E02843,shared_director,0.11,19
E02715,E02574,co-investor,0.42,1
E00946,E02455,parent_company,0.33,9
E01948,E02850,supplier,0.75,26
E01629,E02389,parent_company,0.43,9
E02476,E02657,supplier,0.4,40
E00712,E01596,supplier,0.11,43
E00329,E00456,supplier,0.17,21
E01738,E00303,shared_director,0.16,38
E01883,E00789,co-investor,0.81,50
E02554,E02568,supplier,0.23,6
E00947,E00005,supplier,0.71,36
E02098,E00574,parent_company,0.58,20
E02728,E01538,supplier,0.79,44
E02904,E02297,shared_director,0.53,13
E02761,E00894,supplier,0.16,43
E01075,E02168,supplier,0.54,30
E02573,E01004,shared_director,0.87,24
E01299,E01717,supplier,0.65,9
E00295,E02173,parent_company,0.89,2
E01683,E00874,supplier,0.57,26
E01178,E00498,shared_director,0.45,41
E02580,E02570,parent_company,0.85,10
E00777,E01694,co-investor,0.79,45
E02572,E01788,parent_company,0.48,13
E01298,E02563,supplier,0.47,30
E01780,E01122,supplier,0.85,10
E00923,E02366,supplier,0.74,47
E00935,E02698,parent_company,0.98,9
E02186,E00612,shared_director,0.82,7
E00717,E01559,parent_company,0.51,17
E02479,E02559,co-investor,0.86,11
E00764,E01283,parent_company,0.92,27
E01054,E01058,co-investor,0.72,18
E01018,E02580,shared_director,0.79,47
E02221,E01782,supplier,0.88,8
E00305,E01267,parent_company,0.3,28
E01055,E00100,supplier,0.39,32
E01962,E00349,co-investor,0.39,23
E02433,E02765,supplier,0.79,25
E02862,E00684,shared_director,0.58,40
E00214,E00704,co-investor,0.62,45
E00623,E00065,co-investor,0.96,16
E01917,E00690,supplier,0.47,47
E01626,E01620,supplier,0.29,13
E01328,E02084,co-investor,0.17,1
E00718,E02550,co-investor,0.41,40
E02415,E02326,shared_director,0.52,15
E01866,E02340,parent_company,0.64,23
E02003,E02372,co-investor,0.79,5
E02312,E02636,parent_company,0.33,29
E01104,E02795,supplier,0.17,31
E02767,E00888,shared_director,0.97,30
E00049,E00895,shared_director,0.23,23
E01610,E02675,shared_director,0.88,7
E00424,E00657,co-investor,0.95,19
E00657,E00841,parent_company,0.13,1
E02225,E00176,co-investor,0.46,16
E00132,E02082,parent_company,0.62,11
E02574,E01036,parent_company,0.56,15
E00702,E00454,supplier,0.9,44
E02934,E02137,parent_company,0.17,41
E01808,E00941,shared_director,0.98,49
E01191,E02232,co-investor,0.23,1
E01934,E00548,supplier,0.16,29
E00093,E02255,co-investor,0.22,31
E01038,E02759,supplier,0.49,46
E00657,E02008,shared_director,0.79,14
E02578,E01621,co-investor,0.16,40
E01341,E01448,co-investor,0.18,46
E00080,E00076,co-investor,0.9,3
E02103,E00471,co-investor,0.72,50
E01049,E02909,parent_company,0.22,12
E00852,E02827,supplier,0.11,27
E00044,E01851,parent_company,0.22,21
E00157,E00629,parent_company,0.1,13
E02743,E01113,parent_company,0.89,41
E01125,E00809,shared_director,0.4,14
E02353,E00470,shared_director,0.79,10
E02295,E00124,supplier,0.88,46
E01624,E00906,supplier,0.48,28
E02508,E01580,shared_director,0.75,20
E00038,E01019,parent_company,0.87,17
E01532,E01141,co-investor,0.16,2
E01596,E00408,shared_director,0.45,38
E01902,E00018,supplier,0.72,19
E01189,E01357,supplier,0.19,47
E02687,E00390,shared_director,0.47,10
E02377,E01692,parent_company,0.56,38
E00531,E01212,supplier,0.21,1
E01302,E00075,shared_director,0.65,46
E01703,E00405,parent_company,0.21,11
E02902,E01358,co-investor,0.24,16
E02853,E00667,parent_company,0.69,36
E00197,E01329,parent_company,0.99,42
E01823,E02605,co-investor,0.31,18
E00235,E02865,co-investor,0.55,26
E00715,E01393,parent_company,0.64,3
E00437,E00357,supplier,0.92,50
E00652,E01330,co-investor,0.56,28
E00744,E01897,shared_director,0.73,36
E02205,E00726,shared_director,0.14,6
E01824,E01132,supplier,0.97,2
E01044,E01470,supplier,0.74,38
E01929,E00483,shared_director,0.16,20
E00538,E00730,parent_company,0.43,45
E01346,E02835,co-investor,0.69,24
E02443,E00742,supplier,0.39,23
E02309,E01667,shared_director,0.39,32
E02456,E02488,supplier,0.2,13
E01840,E02427,parent_company,0.12,20
E01358,E01916,shared_director,0.97,29
E01025,E01332,supplier,0.18,25
E00003,E02251,co-investor,0.97,37
E01904,E00160,supplier,0.89,43
E00688,E00744,supplier,0.8,13
E01553,E02906,shared_director,0.15,33
E00802,E01116,shared_director,0.49,48
E00289,E00533,parent_company,0.11,32
E01151,E01600,supplier,0.77,48
E01010,E02344,shared_director,0.62,39
E00519,E01911,supplier,0.67,22
E02851,E01614,supplier,0.92,15
E00866,E02134,shared_director,0.77,34
E02772,E01445,parent_company,0.56,47
E02633,E02298,shared_director,0.56,7
E02237,E01058,parent_company,0.97,30
E01622,E02854,parent_company,0.15,37
E00036,E02643,supplier,0.52,32
E02406,E01166,co-investor,0.8,21
E01895,E02802,co-investor,0.88,20
E01136,E00452,supplier,0.51,38
E00698,E01746,parent_company,0.45,50
E01407,E01167,parent_company,0.37,29
E01453,E02327,supplier,0.72,2
E01062,E01022,co-investor,0.62,33
E00858,E02504,co-investor,0.96,41
E02911,E02326,supplier,0.52,39
E02884,E02345,shared_director,0.43,21
E01846,E02079,parent_company,0.93,32
E01352,E01707,supplier,0.44,34
E01268,E00894,co-investor,0.71,32
E02841,E00863,supplier,1.0,42
E02745,E00401,shared_director,0.52,25
E00385,E02811,parent_company,0.38,2
E02630,E02566,supplier,0.54,35
E00893,E01589,parent_company,0.23,13
E02931,E02915,co-investor,0.35,16
E00775,E01675,co-investor,0.22,36
E01365,E02794,supplier,0.76,15
E00357,E00567,shared_director,0.38,11
E01879,E00975,co-investor,0.72,46
E01356,E00487,co-investor,0.66,10
E01076,E02434,supplier,0.27,9
E01007,E01098,shared_director,0.54,19
E01737,E02509,co-investor,0.9,38
E00996,E02910,co-investor,0.38,23
E02847,E01850,supplier,0.92,10
E00151,E00168,shared_director,0.2,17
E00302,E00797,shared_director,0.98,17
E01477,E02309,co-investor,0.82,26
E00456,E00656,supplier,0.6,16
E02715,E02446,supplier,0.96,10
E01957,E02773,supplier,0.86,21
E00122,E01793,shared_director,0.19,10
E00692,E00613,parent_company,0.69,41
E00109,E01494,shared_director,0.37,27
E02284,E02847,co-investor,0.32,1
E01052,E01520,co-investor,0.39,22
E02379,E01364,supplier,0.21,27
E00870,E02891,co-investor,0.49,32
E02042,E01996,co-investor,0.93,14
E00951,E02647,parent_company,0.54,13
E02362,E02461,supplier,0.34,27
E00145,E00120,parent_company,0.72,16
E01640,E02317,shared_director,0.75,10
E01738,E02306,supplier,0.27,44
E00753,E00614,supplier,0.61,24
E01382,E02772,supplier,0.46,30
E02481,E00153,shared_director,0.68,30
E00098,E00275,co-investor,0.71,12
E00159,E00229,parent_company,0.63,14
E01036,E01268,supplier,0.51,39
E01949,E00671,supplier,0.44,47
E00303,E02258,parent_company,0.72,49
E02811,E00948,supplier,0.77,11
E02368,E01548,parent_company,0.2,22
E00919,E00102,shared_director,0.18,12
E01712,E00173,supplier,0.91,9
E00596,E02093,parent_company,0.69,29
E01146,E00745,shared_director,0.8,21
E01172,E02542,co-investor,0.54,35
E02194,E01823,parent_company,0.9,10
E00255,E01640,parent_company,0.24,45
E02705,E02124,supplier,0.96,11
E01727,E02364,supplier,0.91,17
E01704,E02883,shared_director,0.43,38
E01328,E00563,co-investor,0.54,1
E02326,E01708,supplier,0.68,17
E01803,E00638,co-investor,0.93,22
E00725,E01482,shared_director,0.3,36
E01908,E02847,co-investor,0.52,36
E02197,E01069,supplier,0.5,45
E02864,E02483,co-investor,0.47,31
E01918,E01877,supplier,0.99,6
E00583,E02519,shared_director,0.96,10
E02236,E01255,parent_company,0.46,4
E02453,E00559,parent_company,0.9,44
E00292,E02898,shared_director,0.33,29
E00110,E00006,co-investor,0.28,32
E00306,E02644,shared_director,0.13,25
E01630,E02224,supplier,0.82,5
E02827,E02627,shared_director,0.44,31
E02365,E01507,supplier,0.23,38
E02146,E00782,supplier,0.89,49
E01076,E00547,co-investor,0.31,24
E02754,E02809,co-investor,0.17,26
E00074,E00348,supplier,0.98,36
E02790,E01072,supplier,0.57,1
E02878,E00486,shared_director,0.1,33
E02807,E01640,shared_director,0.89,7
E01504,E00699,supplier,0.53,42
E00424,E00225,shared_director,0.84,4
E01168,E00927,parent_company,0.48,36
E02372,E01528,shared_director,0.64,29
E02865,E00622,co-investor,0.47,43
E00220,E01342,supplier,0.18,37
E00003,E00210,shared_director,0.15,7
E02034,E02275,co-investor,0.13,12
E00049,E01525,supplier,0.23,43
E01184,E02316,shared_director,0.25,49
E02568,E00941,parent_company,0.13,1
E02764,E00706,shared_director,0.43,40
E02471,E01939,co-investor,0.68,44
E02838,E02679,co-investor,0.68,39
E01730,E01317,shared_director,0.77,17
E00685,E01420,parent_company,0.45,44
E02788,E02522,co-investor,0.7,11
E00231,E01153,supplier,0.46,8
E01431,E00866,shared_director,0.36,44
E01501,E00381,parent_company,0.31,50
E02510,E00942,shared_director,0.81,49
E01620,E02349,shared_director,0.44,8
E02770,E01544,supplier,0.85,21
E01407,E02034,supplier,0.83,30
E01234,E02453,supplier,0.82,34
E01222,E02521,shared_director,0.56,6
E01127,E01118,supplier,0.56,14
E01383,E02062,shared_director,0.25,48
E00185,E02761,co-investor,0.5,17
E01355,E00110,shared_director,0.29,17
E01532,E00998,co-investor,0.23,29
E02422,E00448,supplier,0.91,6
E02833,E00233,co-investor,0.82,5
E02189,E01026,shared_director,0.71,33
E02498,E02269,co-investor,0.64,11
E00313,E00995,co-investor,0.84,27
E00483,E02049,parent_company,0.15,43
E01860,E02845,parent_company,0.69,45
E02179,E00035,supplier,0.9,10
E02690,E01715,co-investor,0.24,40
E02029,E02715,parent_company,0.11,22
E01215,E02240,parent_company,0.84,34
E01984,E02245,supplier,0.75,10
E00264,E01155,shared_director,0.97,17
E02494,E02212,co-investor,0.5,25
E00021,E01208,parent_company,0.63,30
E00425,E01974,co-investor,0.71,12
E00331,E01075,shared_director,0.17,12
E02045,E01377,supplier,0.83,23
E00591,E02546,parent_company,0.48,28
E02539,E02063,shared_director,0.63,35
E02150,E01889,shared_director,0.4,18
E01350,E02101,co-investor,0.9,49
E01208,E00284,parent_company,0.35,8
E02501,E00558,parent_company,0.47,1
E02832,E01345,shared_director,0.26,30
E01364,E02718,supplier,0.99,38
E00856,E01029,shared_director,0.91,34
E02470,E00112,supplier,0.24,18
E02163,E01173,co-investor,0.53,16
E01729,E02741,co-investor,0.47,5
E01476,E01678,shared_director,0.22,9
E02873,E00984,supplier,0.97,30
E00116,E02693,shared_director,0.4,17
E02124,E00124,co-investor,0.97,7
E01552,E00144,parent_company,0.74,29
E02604,E01227,parent_company,0.32,14
E01803,E02766,parent_company,0.83,42
E02931,E02016,supplier,0.58,41
E02658,E00664,co-investor,0.37,23
E01714,E00771,supplier,0.82,7
E00533,E02563,supplier,0.29,45
E00059,E02014,parent_company,0.6,32
E02211,E00195,shared_director,0.47,21
E02855,E01224,co-investor,0.66,33
E01358,E02104,shared_director,0.44,23
E01774,E01336,co-investor,0.17,2
E00677,E02575,parent_company,0.4,5
E00702,E02715,shared_director,0.49,3
E01295,E02513,co-investor,0.45,46
E02482,E02155,co-investor,0.26,33
E00641,E02838,co-investor,0.5,3
E01345,E00632,supplier,0.32,43
E00903,E02763,parent_company,0.83,35
E02276,E01886,supplier,0.81,49
E00687,E00859,parent_company,0.93,14
E01772,E01564,shared_director,0.98,9
E01813,E01969,shared_director,0.22,35
E02878,E02718,co-investor,0.27,10
E02168,E01896,shared_director,0.98,47
E00997,E00613,supplier,0.56,31
E01839,E02299,parent_company,0.85,29
E00328,E00030,shared_director,0.26,35
E00933,E00909,co-investor,0.67,23
E02608,E02885,co-investor,0.53,22
E01742,E00711,parent_company,0.96,9
E01856,E02047,supplier,0.15,22
E00873,E01392,co-investor,0.74,31
E00895,E00250,parent_company,0.8,15
E02606,E02742,parent_company,0.25,23
E01836,E00093,co-investor,0.74,17
E00172,E00625,co-investor,0.41,19
E01682,E02135,parent_company,0.98,29
E01877,E02660,supplier,0.36,7
E01703,E01953,supplier,0.42,38
E01726,E02612,co-investor,0.46,42
E01886,E00954,shared_director,0.86,22
E01557,E02494,supplier,0.37,18
E02110,E02750,co-investor,0.77,28
E02046,E00935,parent_company,0.27,12
E02555,E00289,parent_company,0.36,39
E01353,E01443,shared_director,0.93,29
E00119,E00044,shared_director,0.9,16
E02775,E02519,co-investor,0.95,38
E02429,E02775,co-investor,0.96,27
E01125,E00131,shared_director,0.47,41
E02274,E02436,co-investor,0.29,6
E00528,E00194,parent_company,0.87,16
E02359,E02096,supplier,0.72,16
E02067,E02044,supplier,0.88,25
E00589,E02230,parent_company,0.32,28
E02252,E02559,supplier,0.39,36
E00311,E00157,supplier,0.95,24
E00895,E00847,shared_director,0.35,13
E01336,E01654,shared_director,0.12,41
E02687,E01843,shared_director,0.25,50
E01888,E00291,co-investor,0.93,24
E02491,E01768,co-investor,0.52,38
E02736,E01212,co-investor,0.96,22
E02328,E01406,co-investor,0.98,2
E01404,E01328,parent_company,0.72,25
E00549,E02307,supplier,0.5,20
E02106,E01494,co-investor,0.91,36
E00919,E02557,co-investor,0.95,45
E01282,E00537,co-investor,0.23,4
E01857,E02740,parent_company,0.8,5
E01616,E02663,co-investor,0.19,5
E02500,E02578,parent_company,0.18,24
E02013,E01210,co-investor,0.39,4
E00838,E00166,parent_company,0.53,25
E02552,E01074,shared_director,0.28,33
E02241,E00580,co-investor,0.96,13
E01485,E02799,parent_company,0.26,6
E00691,E01166,co-investor,0.11,45
E00709,E02387,parent_company,1.0,28
E00957,E01187,supplier,0.62,6
E00722,E00363,supplier,0.43,43
E00675,E01449,shared_director,0.61,38
E02328,E00251,supplier,0.35,31
E02490,E01036,supplier,0.22,42
E00970,E00631,co-investor,0.37,1
E00354,E02268,supplier,0.96,8
E00836,E01240,parent_company,0.34,33
E02909,E01503,shared_director,0.16,14
E02461,E02809,shared_director,0.72,30
E01752,E02240,shared_director,0.18,32
E00980,E01190,parent_company,0.2,8
E00618,E00107,parent_company,0.66,45
E02899,E00835,supplier,0.99,3
E00378,E01188,co-investor,0.6,11
E02532,E02154,supplier,0.6,42
E02164,E02914,supplier,0.62,44
E01689,E01238,co-investor,0.24,8
E02345,E00442,supplier,0.56,5
E02748,E00889,parent_company,0.39,36
E02852,E00848,supplier,0.5,10
E00957,E01766,shared_director,0.54,20
E02915,E02850,supplier,0.92,6
E00047,E02684,parent_company,0.72,37
E00378,E02533,supplier,0.9,49
E01963,E01191,supplier,0.39,2
E00459,E00980,parent_company,0.8,2
E01020,E01116,co-investor,0.63,28
E00114,E02020,supplier,0.33,34
E01945,E01601,co-investor,0.15,46
E02032,E01859,co-investor,0.78,10
E01467,E02898,shared_director,0.24,5
E01546,E00856,supplier,0.45,13
E02713,E02038,supplier,0.18,43
E00225,E01293,shared_director,0.98,2
E00770,E02349,shared_director,0.87,14
E00248,E01739,shared_director,0.88,2
E00056,E01415,co-investor,0.46,39
E01626,E01627,parent_company,0.88,9
E01016,E00894,shared_director,0.15,32
E00443,E02791,co-investor,0.57,1
E00109,E02376,shared_director,0.88,5
E01124,E02687,supplier,0.6,13
E01023,E00748,parent_company,0.37,2
E01664,E01383,shared_director,0.36,45
E02219,E02841,parent_company,0.66,42
E00701,E00997,shared_director,0.4,47
E00022,E02367,shared_director,0.27,34
E01332,E02219,parent_company,0.72,36
E01384,E01124,co-investor,0.38,8
E00867,E02541,supplier,0.9,27
E00099,E00880,co-investor,0.57,11
E00964,E01755,shared_director,0.59,14
E02244,E02910,shared_director,0.28,37
E02601,E00789,parent_company,0.96,35
E00070,E00134,co-investor,0.73,27
E01046,E01799,co-investor,0.57,27
E01725,E01121,shared_director,0.76,46
E01089,E00403,shared_director,0.31,50
E00362,E00534,supplier,0.46,7
E01874,E01364,co-investor,0.9,37
E01812,E01970,shared_director,0.13,17
E01468,E02103,co-investor,0.1,7
E00455,E01104,co-investor,0.82,24
E01800,E00731,supplier,0.74,46
E00878,E02880,shared_director,0.9,5
E01697,E02208,shared_director,0.21,20
E01584,E00128,parent_company,0.89,5
E00366,E02116,parent_company,0.46,48
E00091,E01364,co-investor,0.41,41
E01105,E01553,co-investor,0.92,12
E01632,E02052,parent_company,0.44,49
E01047,E00949,shared_director,0.51,18
E00112,E00813,co-investor,0.89,44
E01117,E02589,co-investor,0.35,22
E02321,E01451,shared_director,0.81,2
E00037,E00946,supplier,0.87,6
E02462,E01695,parent_company,0.24,50
E00614,E00904,shared_director,0.82,31
E01094,E02814,parent_company,0.72,42
E01823,E00851,shared_director,0.82,15
E02192,E01506,supplier,0.95,21
E02782,E02585,shared_director,0.12,38
E00794,E01060,supplier,0.8,39
E02350,E00349,shared_director,0.71,24
E00136,E02227,supplier,0.16,27
E02840,E01064,supplier,0.32,34
E02574,E01032,co-investor,0.27,48
E01941,E01899,supplier,0.11,27
E00708,E01995,co-investor,0.74,37
E01374,E02908,supplier,0.37,12
E02433,E01456,co-investor,0.36,48
E01586,E01753,co-investor,0.36,6
E02854,E01950,co-investor,0.86,9
E01945,E01405,parent_company,0.55,1
E00460,E01700,supplier,0.68,29
E00839,E01110,co-investor,0.51,43
E01166,E02856,co-investor,0.63,15
E01283,E02762,supplier,0.83,46
E00872,E02257,parent_company,0.84,28
E01141,E02107,shared_director,0.75,44
E02800,E00190,supplier,0.18,1
E01906,E02279,supplier,0.21,46
E02552,E01163,co-investor,0.5,5
E00981,E00168,co-investor,0.89,50
E02320,E01236,co-investor,0.18,19
E00712,E02563,parent_company,0.38,23
E00614,E02220,parent_company,0.68,31
E00693,E02763,shared_director,0.74,26
E02697,E02015,supplier,0.69,4
E00568,E01699,co-investor,0.44,41
E01870,E02913,shared_director,0.19,6
E01400,E02121,parent_company,0.9,47
E00266,E02150,shared_director,0.96,44
E02138,E02436,co-investor,0.17,47
E00009,E01998,supplier,0.2,27
E00489,E00312,co-investor,0.94,17
E01043,E01564,supplier,0.97,38
E02068,E00988,supplier,0.78,30
E01488,E01243,parent_company,0.76,20
E02005,E00872,co-investor,0.97,12
E00988,E02036,shared_director,0.97,36
E02764,E02030,shared_director,0.1,31
E02296,E00496,parent_company,0.41,12
E01370,E00389,parent_company,0.18,42
E02273,E00127,parent_company,0.78,26
E01979,E02342,supplier,0.65,43
E01663,E01688,supplier,0.23,28
E01477,E00833,parent_company,0.85,42
E01479,E01882,supplier,0.47,26
E02739,E02170,parent_company,0.98,50
E00005,E00057,parent_company,0.71,48
E01935,E00040,supplier,0.5,16
E01997,E02131,supplier,0.57,33
E01708,E02923,shared_director,0.78,38
E00921,E00673,supplier,0.55,49
E02894,E00144,parent_company,0.35,18
E02433,E00634,shared_director,0.54,20
E02216,E01804,shared_director,0.94,12
E02522,E01679,co-investor,0.15,31
E01174,E02758,co-investor,0.83,26
E01298,E01809,parent_company,0.48,26
E01477,E02773,co-investor,0.18,39
E02089,E00657,supplier,0.5,38
E01112,E02042,shared_director,0.62,1
E00166,E00794,co-investor,0.4,9
E00611,E00250,parent_company,0.49,12
E01627,E02505,parent_company,0.15,9
E01594,E02717,co-investor,0.41,24
E01816,E00913,parent_company,0.11,46
E00136,E01891,co-investor,0.8,3
E01561,E00931,co-investor,0.18,33
E01405,E00601,parent_company,0.34,26
E01961,E01508,supplier,0.21,46
E02286,E00820,shared_director,0.78,37
E02432,E00102,supplier,0.75,23
E00860,E01637,shared_director,0.64,14
E00796,E00558,shared_director,0.49,14
E01057,E00531,parent_company,0.58,23
E02856,E01640,parent_company,0.8,50
E02129,E00946,shared_director,0.23,15
E02037,E02762,parent_company,0.27,49
E02375,E00852,supplier,0.13,15
E01932,E02863,supplier,0.11,45
E02393,E01279,parent_company,0.69,17
E00140,E00838,shared_director,0.11,13
E00783,E00956,parent_company,0.71,41
E02568,E02202,parent_company,0.58,24
E01633,E02600,supplier,0.22,42
E01995,E02243,supplier,0.34,15
E01802,E00414,co-investor,0.78,44
E02776,E00466,shared_director,0.95,37
E02699,E01580,supplier,0.9,42
E02572,E01582,co-investor,0.43,46
E01461,E01259,co-investor,0.76,45
E00591,E00393,co-investor,0.54,45
E02210,E00912,shared_director,0.66,11
E01783,E01186,supplier,0.39,46
E00596,E02578,shared_director,0.28,39
E01756,E02140,co-investor,0.66,17
E00544,E02156,parent_company,0.67,37
E00156,E00906,shared_director,0.65,39
E01920,E02773,parent_company,0.71,6
E02841,E01525,supplier,0.31,7
E02433,E02089,co-investor,0.78,44
E01723,E01415,co-investor,0.8,44
E02806,E00123,parent_company,0.4,26
E01786,E01780,shared_director,0.67,50
E00151,E01652,shared_director,0.3,20
E02025,E01711,shared_director,0.18,20
E02328,E02364,shared_director,0.32,36
E02391,E01468,supplier,0.9,1
E00947,E02162,co-investor,0.27,10
E01924,E01562,parent_company,0.24,21
E01444,E02319,shared_director,0.32,44
E01810,E01209,parent_company,0.62,27
E00934,E02444,co-investor,0.65,39
E01184,E00030,parent_company,0.6,23
E01313,E01172,shared_director,0.43,50
E02714,E02675,co-investor,0.28,31
E00239,E02104,shared_director,0.3,4
E00613,E00373,supplier,0.7,48
E01916,E00836,shared_director,0.7,15
E02798,E00688,co-investor,0.76,43
E01890,E00840,parent_company,0.25,47
E00838,E01168,shared_director,0.34,14
E02452,E00268,shared_director,0.7,1
E00394,E02377,supplier,0.13,1
E01239,E02248,shared_director,0.46,47
E00094,E01812,parent_company,0.98,48
E00632,E01694,co-investor,0.37,49
E01833,E02285,parent_company,0.7,33
E01464,E02516,co-investor,0.67,18
E00375,E01984,shared_director,0.82,40
E02748,E00096,parent_company,0.55,27
E01199,E02897,co-investor,0.67,36
E00441,E00060,co-investor,0.42,32
E01012,E02932,co-investor,0.48,37
E01230,E01045,shared_director,0.81,45
E00958,E02211,shared_director,0.79,4
E02915,E01334,parent_company,0.55,37
E00123,E02701,co-investor,0.45,23
E00360,E02266,parent_company,0.5,20
E01841,E01813,supplier,0.63,49
E02211,E02059,parent_company,0.98,18
E01006,E01082,co-investor,0.14,26
E02082,E01307,parent_company,0.55,26
E00647,E01325,supplier,0.23,3
E02096,E02338,shared_director,0.35,39
E02621,E00678,co-investor,0.94,20
E00952,E01468,co-investor,0.58,39
E01352,E00725,supplier,0.27,7
E02810,E01457,shared_director,0.13,16
E02067,E01851,supplier,0.1,35
E00185,E00859,co-investor,0.88,27
E02548,E01191,shared_director,0.48,20
E02407,E00241,parent_company,0.53,17
E01808,E01132,shared_director,0.49,38
E00502,E02692,supplier,0.48,12
E00727,E00475,co-investor,0.14,49
E00974,E02354,shared_director,0.73,23
E02258,E01675,supplier,0.67,41
E00182,E00174,co-investor,0.21,34
E02467,E00908,parent_company,0.3,9
E02228,E01704,shared_director,0.1,15
E02112,E01286,co-investor,0.77,50
E00107,E00686,co-investor,0.81,31
E00791,E02125,supplier,0.2,2
E00281,E00756,co-investor,0.83,30
E00388,E02220,supplier,0.92,36
E00225,E01577,supplier,0.64,39
E02328,E02370,supplier,0.27,26
E02562,E01531,supplier,0.89,22
E00495,E02358,supplier,0.7,48
E02430,E00912,shared_director,0.58,6
E02055,E01774,shared_director,0.17,1
E02197,E00047,co-investor,0.65,10
E02448,E00836,parent_company,0.78,36
E02931,E01498,supplier,0.54,45
E00416,E02459,shared_director,0.18,38
E00902,E00851,parent_company,0.17,13
E01145,E02362,co-investor,0.25,9
E00173,E02305,co-investor,0.14,4
E00874,E01958,supplier,0.94,31
E02032,E01488,co-investor,0.45,46
E01839,E01045,supplier,0.45,7
E00280,E02829,parent_company,0.91,48
E00538,E00135,parent_company,0.93,25
E02425,E01518,supplier,0.49,32
E02760,E00383,parent_company,0.2,36
E01768,E00197,supplier,0.59,8
E02733,E00540,parent_company,0.89,40
E02494,E00908,parent_company,0.15,21
E01463,E02391,shared_director,0.62,9
E00244,E01758,parent_company,0.3,19
E02715,E01397,shared_director,0.6,45
E02069,E02872,supplier,0.86,38
E02884,E01585,supplier,0.61,26
E02243,E00199,co-investor,0.42,23
E00669,E00365,supplier,0.23,4
E00890,E01730,supplier,0.57,26
E01123,E00423,supplier,0.33,48
E01668,E00175,supplier,0.72,32
E00419,E01052,supplier,0.82,36
E00968,E01119,shared_director,0.61,17
E01149,E02319,co-investor,0.13,26
E00048,E02420,co-investor,0.85,33
E00143,E01696,parent_company,0.72,30
E01075,E01395,shared_director,0.49,36
E00903,E02803,co-investor,0.61,3
E01996,E01057,parent_company,0.65,18
E00321,E01250,parent_company,0.7,43
E00066,E01190,co-investor,0.51,42
E01815,E01766,parent_company,0.38,13
E02763,E02569,co-investor,0.51,49
E01600,E02478,supplier,0.89,23
E00800,E00184,supplier,0.45,19
E02030,E00570,shared_director,0.21,19
E02754,E02918,shared_director,0.9,21
E02386,E00059,parent_company,0.97,44
E01587,E00531,shared_director,0.96,6
E00496,E01599,shared_director,0.22,47
E02213,E01635,shared_director,0.11,13
E01264,E02445,parent_company,0.34,26
E02247,E02436,shared_director,0.53,3
E00512,E01622,co-investor,0.44,32
E02012,E02801,co-investor,0.14,5
E01491,E02037,parent_company,0.29,46
E00605,E01321,parent_company,0.35,13
E01394,E00621,co-investor,0.85,25
E00139,E00003,co-investor,0.77,34
E02537,E01266,shared_director,0.89,29
E00737,E00443,co-investor,0.96,4
E01391,E00616,supplier,0.66,47
E00933,E01354,parent_company,0.79,13
E00488,E02110,co-investor,0.43,27
E00069,E01350,parent_company,0.36,10
E00993,E00613,parent_company,0.75,46
E00507,E00028,supplier,0.89,38
E01110,E01058,parent_company,0.75,18
E02861,E02625,supplier,0.35,2
E02205,E01989,parent_company,0.34,13
E02790,E02602,shared_director,0.89,31
E02424,E02229,parent_company,0.72,20
E00185,E00609,supplier,0.94,28
E02175,E00604,parent_company,0.18,32
E02551,E02318,supplier,0.55,42
E00064,E00175,shared_director,0.24,20
E00667,E01673,co-investor,0.99,34
E02526,E01783,parent_company,0.71,24
E02065,E01940,shared_director,0.98,50
E01421,E00523,shared_director,0.29,45
E01231,E02058,parent_company,0.28,49
E02024,E02567,parent_company,0.38,19
E00761,E00526,co-investor,0.28,8
E00277,E01909,parent_company,0.6,22
E00189,E01023,co-investor,0.4,15
E02270,E02160,parent_company,0.56,31
E00651,E00030,co-investor,0.5,31
E01783,E01556,shared_director,0.74,35
E00527,E02214,shared_director,0.37,46
E02853,E02051,shared_director,0.17,43
E00530,E00228,shared_director,0.38,5
E02802,E00882,shared_director,0.6,39
E00777,E00421,co-investor,0.8,46
E00559,E01623,parent_company,0.19,42
E00142,E01970,co-investor,0.74,6
E01053,E01079,parent_company,0.1,8
E00063,E01588,supplier,0.35,19
E01457,E00584,shared_director,0.94,23
E02900,E01890,co-investor,0.34,14
E00875,E00284,shared_director,0.19,8
E02800,E01485,parent_company,0.3,16
E01134,E02379,shared_director,0.25,28
E02521,E01915,supplier,0.18,49
E00188,E00844,co-investor,0.3,20
E02457,E02033,co-investor,0.77,35
E02872,E01458,shared_director,0.66,47
E02174,E02145,supplier,0.85,31
E02097,E01653,supplier,0.95,9
E00474,E01501,parent_company,0.55,17
E00891,E01870,shared_director,0.98,15
E02110,E00523,shared_director,0.91,38
E00185,E00863,parent_company,0.21,11
E00763,E00939,co-investor,0.34,3
E01799,E00057,co-investor,0.51,44
E00482,E01279,parent_company,0.82,36
E01898,E01269,shared_director,0.52,32
E01048,E00027,shared_director,0.12,26
E01577,E01684,co-investor,0.46,1
E02754,E01841,shared_director,0.97,9
E00664,E02252,parent_company,0.21,12
E02816,E02642,parent_company,0.21,14
E02063,E01702,parent_company,0.53,17
E01804,E00548,shared_director,0.34,14
E02453,E00844,parent_company,0.87,20
E01476,E02638,shared_director,0.61,43
E00151,E01648,shared_director,0.69,26
E00133,E01119,co-investor,0.99,7
E00745,E00829,co-investor,0.69,17
E00843,E01393,co-investor,0.62,36
E00376,E00461,co-investor,0.98,28
E01440,E00402,parent_company,0.97,12
E00485,E00120,shared_director,0.77,30
E02283,E02795,supplier,0.53,46
E00078,E01258,parent_company,0.81,17
E02564,E02167,supplier,0.17,27
E01385,E02374,co-investor,0.93,48
E02263,E02562,co-investor,0.62,17
E00684,E00301,parent_company,0.55,49
E00809,E00428,parent_company,0.79,27
E00793,E02824,shared_director,0.4,32
E00727,E02003,shared_director,0.52,34
E02017,E01951,shared_director,0.43,14
E01479,E02290,shared_director,0.16,50
E01265,E00366,shared_director,0.33,39
E00299,E02396,co-investor,0.3,36
E00097,E02244,co-investor,0.26,32
E00534,E00787,parent_company,0.65,1
E02784,E02008,shared_director,0.2,2
E00136,E00385,supplier,0.17,40
E00436,E01370,co-investor,0.57,1
E01261,E01160,parent_company,0.77,27
E01029,E02046,parent_company,0.78,17
E02397,E02473,supplier,0.18,47
E02149,E01613,supplier,0.82,25
E01025,E01886,supplier,0.38,41
E02698,E02470,supplier,0.41,31
E00919,E02173,supplier,0.44,40
E02345,E01561,shared_director,0.7,25
E01852,E00744,supplier,0.63,26
E00485,E00185,parent_company,0.79,30
E00743,E01771,co-investor,0.3,12
E00235,E01491,shared_director,0.61,29
E00649,E01094,co-investor,0.66,31
E00425,E02723,co-investor,0.43,44
E01819,E02532,parent_company,0.24,32
E01913,E00030,supplier,0.2,22
E01263,E02777,supplier,0.85,30
E02769,E02045,parent_company,0.66,12
E01695,E00019,shared_director,0.56,27
E02083,E02261,shared_director,0.78,3
E02146,E01406,shared_director,0.28,23
E02052,E01551,shared_director,0.88,38
E01202,E00871,parent_company,0.99,27
E01122,E01113,shared_director,0.15,25
E00823,E00616,shared_director,0.46,32
E02695,E01738,co-investor,0.64,17
E01372,E02123,shared_director,0.69,25
E01578,E02536,co-investor,0.84,41
E01086,E01813,supplier,0.41,41
E00978,E01127,shared_director,0.92,21
E02654,E00148,parent_company,0.33,50
E01494,E00989,shared_director,0.55,39
E02652,E00023,co-investor,0.71,48
E02148,E02504,shared_director,0.38,15
E02629,E02555,co-investor,0.4,2
E00971,E01807,co-investor,0.35,3
E01975,E02151,supplier,0.44,35
E00885,E00814,co-investor,0.93,38
E00773,E00765,supplier,0.32,39
E01556,E01241,supplier,0.73,18
E00120,E01945,parent_company,0.51,4
E01126,E00358,co-investor,0.1,25
E00895,E00724,co-investor,0.85,21
E00424,E00188,parent_company,0.47,34
E00944,E02184,shared_director,0.67,28
E00844,E00828,co-investor,0.93,30
E01152,E02654,shared_director,0.34,26
E01769,E00153,parent_company,0.3,9
E01990,E00806,shared_director,0.34,22
E02436,E00601,supplier,0.74,49
E02358,E01162,supplier,0.15,6
E00087,E00734,shared_director,0.49,31
E02185,E00452,co-investor,0.2,20
E02121,E01075,shared_director,0.53,41
E01923,E00829,parent_company,1.0,2
E01750,E00358,co-investor,0.33,21
E01832,E02685,co-investor,0.34,31
E02164,E02417,parent_company,0.87,2
E01409,E02739,parent_company,0.47,12
E01915,E00119,shared_director,0.87,31
E01369,E01773,shared_director,0.15,6
E02608,E02866,supplier,0.95,39
E00747,E00980,shared_director,0.93,14
E02335,E00450,parent_company,0.27,30
E01039,E01491,co-investor,0.96,7
E02867,E00849,parent_company,0.55,33
E01827,E00037,co-investor,0.92,33
E00048,E02005,supplier,0.78,41
E01657,E02627,co-investor,0.21,2
E01751,E01095,supplier,0.55,30
E02162,E00840,co-investor,0.5,47
E01102,E02099,parent_company,0.82,15
E01042,E02120,co-investor,0.52,28
E01346,E02704,co-investor,0.72,1
E01193,E01075,parent_company,0.53,33
E00237,E02517,supplier,0.27,29
E02270,E02073,parent_company,0.81,25
E01050,E01007,supplier,0.49,48
E02127,E01334,co-investor,0.95,18
E00171,E02257,co-investor,1.0,38
E00884,E00099,parent_company,1.0,41
E00138,E01889,co-investor,0.49,46
E01402,E00633,shared_director,0.66,50
E00222,E00509,co-investor,0.24,42
E00155,E00534,shared_director,0.44,15
E00088,E02460,parent_company,0.92,23
E01637,E01445,co-investor,0.97,16
E00121,E01803,supplier,0.82,18
E00247,E00738,shared_director,0.29,11
E00106,E00482,parent_company,0.88,41
E02496,E01464,parent_company,0.18,21
E00018,E00091,co-investor,0.22,6
E02721,E02178,parent_company,0.73,49
E02838,E01575,parent_company,0.83,4
E01233,E02165,supplier,0.8,3
E02321,E00973,supplier,0.92,23
E01218,E02174,co-investor,0.74,14
E02115,E01471,shared_director,0.78,32
E02458,E01832,parent_company,0.63,34
E00616,E01110,co-investor,0.67,21
E00970,E02156,supplier,0.44,6
E02195,E00643,shared_director,0.23,44
E00770,E02111,parent_company,0.49,18
E00539,E02404,co-investor,0.88,7
E02067,E01407,parent_company,0.88,24
E02649,E01913,shared_director,0.8,34
E02710,E00325,co-investor,0.91,38
E00169,E00999,supplier,0.94,8
E02356,E01734,co-investor,0.86,17
E02056,E01858,shared_director,0.19,22
E00062,E02903,co-investor,0.56,19
E02397,E00472,co-investor,0.76,33
E02344,E00558,co-investor,0.36,46
E01190,E00169,parent_company,0.93,2
E01818,E01692,co-investor,0.41,23
E02464,E02859,parent_company,0.43,22
E02083,E02093,supplier,0.87,33
E02916,E00550,parent_company,0.5,50
E01351,E01229,shared_director,0.79,29
E02571,E02035,shared_director,0.34,37
E00737,E01516,co-investor,0.89,8
E00517,E00889,shared_director,0.23,19
E02404,E01018,shared_director,0.64,40
E00158,E00070,shared_director,0.16,19
E01356,E01492,co-investor,0.59,20
E02332,E02819,shared_director,0.52,17
E00433,E01788,shared_director,0.22,44
E02309,E01397,shared_director,0.69,32
E00481,E00631,co-investor,0.43,15
E01408,E00123,parent_company,0.8,28
E01830,E01080,supplier,0.44,8
E00635,E00627,shared_director,0.23,31
E01628,E01477,parent_company,0.82,19
E01507,E00464,parent_company,0.35,32
E02610,E00203,supplier,0.41,24
E01378,E02277,parent_company,0.81,23
E01457,E02550,co-investor,0.9,24
E01783,E00768,supplier,0.48,36
E02718,E00880,parent_company,0.44,43
E01982,E02865,shared_director,0.47,4
E02296,E02510,co-investor,0.78,20
E02378,E00376,supplier,0.55,49
E00209,E01204,parent_company,0.17,6
E01518,E01351,shared_director,0.6,50
E00650,E00383,shared_director,0.62,15
E01602,E02278,shared_director,0.9,50
E02524,E02793,parent_company,0.88,43
E02786,E01722,supplier,0.57,34
E02074,E02238,co-investor,0.68,2
E00361,E00137,co-investor,0.43,49
E02261,E00807,supplier,0.18,24
E00839,E00710,supplier,0.25,19
E00199,E00136,parent_company,0.72,47
E00973,E02899,parent_company,0.95,28
E00996,E02048,supplier,0.27,1
E02727,E02741,parent_company,0.59,41
E01834,E02125,parent_company,0.95,5
E02293,E02181,parent_company,0.58,19
E01843,E02129,supplier,0.78,27
E01855,E01771,shared_director,0.32,18
E00554,E00033,parent_company,0.37,45
E00380,E00761,co-investor,0.27,50
E01658,E01782,co-investor,0.53,10
E01692,E01258,co-investor,0.86,17
E01897,E02656,parent_company,0.79,49
E00682,E02028,shared_director,0.47,29
E02433,E02668,co-investor,0.57,44
E02839,E02252,shared_director,0.5,20
E01117,E02497,parent_company,0.38,34
E01827,E02719,supplier,0.38,17
E01573,E02498,parent_company,0.98,37
E02526,E02881,co-investor,0.32,21
E01353,E01791,shared_director,0.38,10
E00803,E02520,co-investor,0.11,10
E02567,E01552,supplier,0.86,37
E01537,E01099,shared_director,0.45,43
E02128,E00262,supplier,0.7,35
E00746,E00570,parent_company,0.32,50
E02663,E02582,parent_company,0.34,36
E02010,E00563,parent_company,0.91,15
E01916,E00852,parent_company,0.54,36
E01106,E00219,shared_director,0.71,5
E00835,E02109,shared_director,0.54,20
E02896,E02134,co-investor,0.55,16
E00211,E01088,co-investor,0.4,25
E02812,E01334,shared_director,0.7,42
E02729,E01524,shared_director,0.55,36
E02773,E00009,supplier,0.9,22
E00275,E00540,shared_director,0.67,31
E02670,E01739,co-investor,0.68,39
E01082,E00880,shared_director,0.92,11
E01913,E00150,co-investor,0.47,17
E01780,E01455,parent_company,0.89,17
E00728,E00174,supplier,0.36,6
E02806,E02090,shared_director,0.5,30
E02931,E00409,co-investor,0.22,16
E01335,E00340,supplier,0.61,34
E01424,E02748,supplier,0.82,27
E01533,E02570,supplier,0.31,21
E02242,E01309,supplier,0.59,41
E01078,E00769,parent_company,0.85,46
E02305,E02051,shared_director,0.91,27
E02910,E00839,parent_company,0.87,43
E02421,E02834,supplier,0.8,9
E00849,E00838,supplier,0.1,3
E02071,E02522,supplier,0.76,32
E00178,E00157,co-investor,0.24,39
E00334,E02166,co-investor,0.41,42
E01211,E02378,shared_director,0.43,39
E00086,E01368,parent_company,0.53,46
E00739,E01440,shared_director,0.19,8
E01188,E00883,co-investor,0.91,33
E00794,E00184,co-investor,0.95,1
E02571,E01983,shared_director,0.76,48
E01501,E00506,parent_company,0.14,5
E00045,E02439,parent_company,0.91,9
E00446,E01645,shared_director,0.36,13
E01884,E00452,co-investor,1.0,16
E00635,E00180,co-investor,0.32,40
E00518,E01817,co-investor,0.32,6
E00736,E01695,shared_director,0.47,26
E00178,E00719,parent_company,0.28,6
E01696,E01458,co-investor,0.56,27
E00597,E01027,shared_director,0.39,22
E00614,E01725,shared_director,0.95,4
E02763,E00992,shared_director,0.67,31
E00236,E00590,shared_director,0.75,8
E00032,E01460,shared_director,0.59,3
E01746,E02372,supplier,0.39,5
E00291,E00729,supplier,0.73,6
E01570,E01859,parent_company,0.83,16
E01495,E00769,parent_company,0.78,15
E00069,E02580,co-investor,0.35,19
E02387,E02871,co-investor,0.97,27
E01356,E01938,supplier,0.91,38
E01216,E00772,parent_company,0.87,46
E02163,E00931,supplier,0.23,12
E01622,E02800,co-investor,0.47,34
E01370,E02573,co-investor,0.77,37
E00101,E00585,supplier,0.37,50
E02673,E00266,co-investor,0.74,35
E02067,E00135,co-investor,0.19,39
E00907,E00780,co-investor,0.45,24
E01016,E00919,shared_director,0.28,16
E00027,E01294,shared_director,0.74,24
E02867,E01240,parent_company,0.52,4
E00012,E02367,co-investor,0.21,50
E01080,E00956,shared_director,0.94,3
E02621,E02650,parent_company,0.19,30
E00044,E01105,shared_director,0.16,12
E01397,E02883,parent_company,0.6,44
E00918,E00870,shared_director,0.18,42
E02209,E01533,shared_director,0.58,30
E01551,E02479,shared_director,0.44,23
E02476,E00387,shared_director,0.96,16
E02824,E02306,parent_company,0.13,45
E00284,E00235,co-investor,0.75,38
E00344,E01551,parent_company,0.32,42
E00302,E02000,parent_company,1.0,25
E01178,E02637,shared_director,0.13,39
E02923,E01056,co-investor,0.14,23
E02885,E02579,co-investor,0.94,23
E00612,E01369,parent_company,0.94,24
E01914,E00088,shared_director,0.87,25
E01511,E00028,co-investor,0.45,1
E01921,E02204,co-investor,0.48,42
E00747,E01844,supplier,0.62,11
E01683,E00107,parent_company,0.98,41
E02694,E01569,supplier,0.21,28
E02100,E00082,supplier,0.12,39
E00903,E01786,supplier,0.63,5
E02415,E01141,supplier,0.83,5
E02678,E01915,supplier,0.14,13
E00557,E02047,shared_director,0.7,34
E00099,E01412,shared_director,0.52,32
E02031,E00204,supplier,0.35,38
E01902,E00550,shared_director,0.56,7
E00431,E02307,co-investor,0.48,42
E02458,E01644,co-investor,0.49,32
E01842,E00829,co-investor,0.97,24
E01599,E02849,supplier,0.99,11
E00612,E00152,co-investor,0.88,8
E00839,E01509,shared_director,0.32,47
E02331,E02716,shared_director,0.82,47
E02174,E02746,parent_company,0.42,4
E02032,E01462,supplier,0.48,48
E01089,E02151,shared_director,0.68,13
E01488,E02218,supplier,0.6,47
E00463,E02008,shared_director,0.34,29
E01156,E02045,shared_director,0.65,24
E02516,E02552,co-investor,0.69,20
E00886,E02200,parent_company,0.44,39
E02371,E02418,shared_director,0.78,12
E01437,E00593,supplier,0.86,40
E00820,E00253,shared_director,0.9,28
E02624,E02368,supplier,0.23,32
E00459,E02365,supplier,0.61,38
E02357,E00775,parent_company,0.43,44
E00154,E00872,supplier,0.32,36
E01960,E02281,parent_company,0.14,42
E01612,E02173,parent_company,0.56,48
E01956,E01532,parent_company,0.31,22
E00729,E01735,parent_company,0.15,39
E02767,E01134,shared_director,0.33,33
E00508,E00466,parent_company,0.6,26
E02421,E02722,parent_company,0.36,24
E00501,E01852,parent_company,0.61,11
E00523,E00563,parent_company,0.17,42
E01885,E02092,shared_director,0.4,1
E01001,E02326,co-investor,0.72,29
E01530,E02639,supplier,0.38,31
E02838,E02705,shared_director,0.75,50
E02305,E00324,shared_director,0.37,5
E00515,E02742,co-investor,0.29,42
E01308,E00846,co-investor,0.32,45
E00314,E00282,co-investor,0.55,3
E02407,E00577,shared_director,0.24,40
E01113,E02112,supplier,0.76,13
E01559,E02423,co-investor,0.51,23
E01711,E00764,co-investor,0.28,37
E00412,E01667,shared_director,0.9,30
E00020,E02134,co-investor,0.39,26
E02346,E01116,parent_company,0.8,38
E02635,E01117,co-investor,0.82,4
E00277,E00065,co-investor,0.23,32
E02429,E01942,co-investor,0.66,23
E01141,E02395,parent_company,0.2,1
E00438,E02149,supplier,0.55,41
E02519,E01703,supplier,0.29,10
E02571,E02402,parent_company,0.43,21
E00861,E02166,co-investor,0.82,41
E00318,E00413,supplier,0.39,32
E00154,E00773,co-investor,0.51,26
E00218,E02634,supplier,0.88,27
E01173,E02815,parent_company,0.45,20
E01370,E01325,co-investor,0.47,11
E00014,E00729,supplier,0.85,22
E02905,E01027,shared_director,0.66,45
E00695,E00591,parent_company,0.61,1
E02008,E00342,shared_director,0.32,19
E00939,E01132,shared_director,0.44,4
E02557,E01395,co-investor,0.53,4
E02712,E00208,shared_director,0.15,16
E02338,E02153,supplier,0.15,37
E01465,E00444,shared_director,0.27,9
E00306,E01064,supplier,0.77,1
E00699,E00678,co-investor,0.67,32
E01385,E01636,supplier,0.44,3
E02488,E01383,shared_director,0.33,6
E02166,E01376,co-investor,0.21,14
E02762,E00808,shared_director,0.45,47
E00051,E00576,co-investor,0.98,39
E00276,E01347,shared_director,0.73,21
E02261,E00478,shared_director,0.68,7
E02732,E01529,shared_director,0.59,37
E00244,E02884,co-investor,0.26,20
E02428,E00731,parent_company,0.18,38
E00476,E02635,supplier,0.69,11
E02337,E02388,co-investor,0.55,19
E00452,E01165,supplier,0.78,14
E02103,E01483,shared_director,0.91,38
E00777,E02378,supplier,0.36,11
E01689,E01317,parent_company,0.11,8
E00665,E02911,supplier,0.2,20
E00176,E00624,supplier,0.66,33
E02649,E01240,co-investor,0.49,33
E02104,E02133,shared_director,0.46,40
E01218,E02228,supplier,0.72,10
E01898,E00765,supplier,0.32,25
E01873,E02737,co-investor,0.95,7
E01706,E01279,co-investor,0.72,37
E00507,E01284,parent_company,0.82,47
E00466,E02293,supplier,0.9,7
E00782,E00253,co-investor,0.89,14
E00420,E01472,shared_director,0.85,35
E00700,E00966,co-investor,0.26,17
E02930,E00051,parent_company,0.23,47
E01032,E01617,parent_company,0.95,31
E00335,E02580,parent_company,1.0,11
E00042,E00572,co-investor,0.32,49
E01037,E00651,parent_company,0.58,29
E00162,E01836,shared_director,0.45,20
E00552,E02536,parent_company,0.69,41
E02708,E02707,shared_director,0.68,28
E02902,E01619,shared_director,0.37,35
E02871,E02045,shared_director,0.88,5
E00163,E01839,co-investor,0.26,19
E02819,E00213,supplier,0.32,14
E02863,E00147,co-investor,0.87,2
E02818,E02758,shared_director,0.97,10
E01162,E01893,parent_company,0.41,12
E01771,E01419,co-investor,0.9,28
E02730,E02179,parent_company,0.63,32
E01780,E02907,parent_company,0.62,21
E02865,E00759,parent_company,0.6,7
E02259,E00694,parent_company,0.92,42
E00786,E02747,parent_company,0.8,30
E02250,E02667,shared_director,0.56,31
E00163,E01124,parent_company,0.69,15
E01443,E01871,parent_company,0.17,40
E02467,E01505,parent_company,0.16,6
E01747,E02793,parent_company,0.71,42
E00784,E01306,parent_company,0.38,30
E00234,E01418,supplier,0.83,42
E00014,E02031,shared_director,0.44,47
E02288,E02260,co-investor,0.61,43
E02367,E02497,shared_director,0.28,23
E01869,E01548,shared_director,0.73,27
E00514,E00290,parent_company,0.59,1
E01333,E02371,co-investor,0.17,50
E01054,E02263,co-investor,0.77,18
E00702,E00668,co-investor,0.62,22
E00413,E00804,parent_company,0.74,48
E01342,E02509,supplier,0.42,7
E02384,E01694,parent_company,0.69,23
E00450,E02884,supplier,0.12,27
E02040,E01265,co-investor,0.2,15
E01757,E00940,shared_director,0.78,47
E02480,E00041,co-investor,0.76,17
E00266,E02013,parent_company,0.55,10
E00577,E00972,co-investor,0.22,45
E01995,E02058,shared_director,0.88,3
E02906,E00814,parent_company,0.29,35
E00459,E00574,supplier,0.5,34
E02549,E02679,parent_company,0.42,20
E02764,E01816,co-investor,0.89,8
E00290,E00661,shared_director,0.77,38
E01734,E01001,shared_director,0.9,14
E00289,E00360,co-investor,0.65,14
E00978,E00431,supplier,1.0,33
E01650,E00664,parent_company,0.15,28
E01370,E02382,co-investor,0.71,2
E00110,E00963,supplier,0.56,2
E00998,E02888,shared_director,0.37,24
E02930,E00380,supplier,0.93,9
E00278,E02052,parent_company,0.37,46
E01036,E00098,supplier,0.5,9
E02121,E01073,shared_director,0.16,41
E02254,E01928,shared_director,0.68,41
E00785,E00753,supplier,0.35,39
E02351,E01959,supplier,0.29,9
E00085,E01148,parent_company,0.68,43
E02030,E01048,parent_company,0.75,20
E01252,E00532,supplier,0.14,24
E00272,E00185,supplier,0.36,26
E00008,E00269,supplier,0.67,8
E00817,E00500,parent_company,0.4,22
E01865,E02340,co-investor,0.22,47
E01935,E00602,parent_company,0.71,39
E01464,E01734,shared_director,0.22,6
E02004,E01548,supplier,0.74,49
E02458,E02291,shared_director,0.74,30
E02012,E01735,shared_director,0.76,24
E00261,E00892,shared_director,0.52,5
E00528,E00873,supplier,0.58,37
E00915,E02518,shared_director,0.68,11
E00171,E01138,shared_director,0.3,18
E01480,E00479,co-investor,0.39,48
E02054,E01679,supplier,0.68,30
E00915,E01150,supplier,0.58,44
E00126,E02043,shared_director,0.8,47
E02775,E00165,parent_company,0.66,7
E01425,E01985,co-investor,0.56,40
E00790,E02330,supplier,0.79,35
E02612,E01333,parent_company,0.7,47
E00575,E00136,co-investor,0.91,20
E02462,E00784,parent_company,0.63,29
E00333,E02762,co-investor,0.33,27
E00934,E02116,co-investor,0.86,30
E00035,E00575,supplier,0.76,41
E00306,E01455,parent_company,0.51,43
E01144,E00762,supplier,0.72,23
E01471,E02796,co-investor,0.75,49
E00898,E02760,co-investor,0.34,49
E00148,E01844,shared_director,0.51,45
E02062,E02153,parent_company,0.68,47
E00555,E00434,supplier,0.77,30
E00573,E02782,supplier,0.93,2
E02534,E01272,shared_director,0.78,5
E00512,E00712,co-investor,0.46,45
E01817,E01504,shared_director,0.58,1
E01145,E00389,supplier,0.96,20
E02261,E01752,shared_director,0.54,34
E01714,E01054,co-investor,0.23,28
E00517,E01198,co-investor,0.84,32
E00243,E02850,co-investor,0.61,27
E01926,E00337,supplier,0.82,8
E02057,E01898,shared_director,0.8,15
E00993,E00644,co-investor,0.52,4
E02839,E01169,co-investor,0.3,49
E00120,E01899,parent_company,0.22,25
E02701,E01734,shared_director,0.69,17
E02461,E02783,supplier,0.78,41
E00234,E01069,parent_company,0.56,7
E01901,E01812,parent_company,0.34,37
E00659,E01162,shared_director,0.12,34
E00497,E00432,parent_company,0.15,33
E01745,E01182,parent_company,0.22,6
E01083,E01464,shared_director,0.83,7
E02090,E00511,parent_company,0.52,39
E00331,E01945,supplier,0.12,18
E00992,E01886,co-investor,0.28,10
E01451,E01562,shared_director,0.37,45
E01355,E00861,shared_director,0.22,6
E02660,E02752,parent_company,0.28,5
E01379,E01057,supplier,0.67,8
E02425,E00111,parent_company,0.12,1
E02003,E00420,parent_company,0.76,42
E02389,E00836,supplier,0.81,24
E00527,E00724,supplier,0.98,20
E01085,E00672,shared_director,0.81,29
E02679,E01001,co-investor,0.83,36
E01088,E02744,parent_company,0.38,28
E00492,E00507,shared_director,0.2,44
E01281,E02737,co-investor,0.34,10
E01693,E02875,supplier,0.58,22
E01289,E00859,shared_director,0.79,21
E02193,E00632,shared_director,0.58,47
E02627,E02560,co-investor,0.15,7
E01105,E02507,co-investor,0.97,12
E00785,E00548,parent_company,0.41,24
E02430,E00943,co-investor,0.56,45
E00845,E02743,co-investor,0.89,11
E02081,E02122,supplier,0.4,32
E01295,E00187,shared_director,0.74,33
E00361,E02400,shared_director,0.83,24
E01062,E01208,parent_company,0.42,18
E02883,E02873,shared_director,0.54,31
E01037,E01169,co-investor,0.61,17
E02406,E01005,supplier,0.38,19
E00217,E00200,shared_director,0.11,37
E02180,E02094,parent_company,0.45,35
E01780,E00516,shared_director,0.43,24
E00852,E02036,shared_director,0.63,36
E01441,E02669,co-investor,0.69,25
E00085,E02388,supplier,0.23,2
E01042,E00100,shared_director,0.24,24
E01038,E01451,parent_company,0.64,3
E00380,E01779,supplier,0.62,40
E00912,E00579,co-investor,0.52,29
E02309,E00588,shared_director,0.96,24
E02738,E00427,shared_director,0.37,8
E02809,E01615,supplier,0.3,24
E00241,E02659,parent_company,0.77,45
E02395,E01218,parent_company,0.71,39
E02083,E02176,co-investor,0.95,10
E01884,E02281,co-investor,0.24,16
E01751,E00372,shared_director,0.63,17
E02335,E01697,co-investor,0.4,20
E02477,E02862,co-investor,0.74,23
E01870,E02077,supplier,0.26,47
E00791,E00448,shared_director,0.74,19
E02790,E02699,parent_company,0.5,7
E02168,E00937,parent_company,0.87,44
E01147,E00097,parent_company,0.29,14
E01615,E02727,parent_company,0.53,7
E01891,E01674,co-investor,0.74,50
E02730,E01134,supplier,0.35,25
E01378,E02719,co-investor,0.19,11
E02263,E01548,parent_company,0.55,8
E00066,E01435,supplier,0.94,46
E00538,E02179,parent_company,0.13,50
E02662,E01196,co-investor,0.63,11
E02155,E00553,shared_director,0.8,27
E02009,E01973,co-investor,0.26,40
E00861,E01304,co-investor,0.3,49
E00939,E02617,shared_director,0.27,9
E02931,E01805,parent_company,0.65,50
E02370,E00767,supplier,0.84,23
E00491,E00169,supplier,0.22,1
E02006,E01807,parent_company,0.16,13
E02573,E02567,co-investor,0.96,45
E02138,E01579,shared_director,0.97,22
E00888,E02035,supplier,0.43,23
E01952,E01019,supplier,0.97,23
E00744,E00018,parent_company,0.16,30
E00910,E00125,co-investor,0.15,40
E00859,E00955,shared_director,0.5,15
E00432,E00534,shared_director,0.99,18
E00351,E01276,co-investor,0.15,50
E00655,E02804,shared_director,0.7,24
E02485,E02617,supplier,0.57,27
E02229,E02934,supplier,0.1,4
E01934,E00618,parent_company,0.12,42
E02574,E01957,supplier,0.88,49
E00497,E02140,co-investor,0.41,16
E02443,E02635,co-investor,0.61,50
E00155,E00539,parent_company,0.29,21
E02543,E02556,shared_director,0.95,8
E01886,E01478,shared_director,0.81,2
E00810,E00686,parent_company,0.11,36
E02154,E02206,supplier,0.81,1
E02479,E01160,supplier,0.52,1
E00694,E01146,supplier,0.95,2
E00193,E01818,shared_director,0.54,23
E02113,E02870,shared_director,0.39,44
E02217,E01385,supplier,0.63,37
E00398,E01244,co-investor,0.14,40
E01793,E00721,parent_company,0.45,40
E01194,E02774,shared_director,0.22,12
E02055,E01759,co-investor,0.19,8
E01180,E02826,parent_company,0.14,15
E02668,E02267,co-investor,0.79,21
E00189,E02794,co-investor,0.92,10
E00435,E01995,shared_director,0.33,13
E01212,E02478,parent_company,0.87,19
E00437,E01744,shared_director,0.5,3
E01809,E02278,shared_director,0.61,48
E02853,E01475,co-investor,0.5,40
E00309,E00353,supplier,0.46,28
E01875,E02626,parent_company,0.98,19
E00376,E02065,shared_director,0.66,42
E02372,E01844,co-investor,0.29,31
E00215,E00297,parent_company,0.35,14
E00449,E01767,co-investor,0.42,43
E02448,E02137,parent_company,0.93,17
E01012,E01797,supplier,0.34,1
E01200,E00161,shared_director,0.67,13
E01594,E01412,supplier,0.82,29
E01529,E01614,parent_company,0.99,45
E02415,E00572,supplier,0.85,50
E00904,E02738,parent_company,0.52,14
E01403,E02033,supplier,0.23,25
E01982,E00757,supplier,0.24,16
E00020,E00111,co-investor,0.51,33
E02360,E01430,supplier,0.43,10
E02891,E01250,parent_company,0.41,25
E01560,E00081,supplier,0.62,47
E00004,E01367,shared_director,0.83,14
E01669,E02677,supplier,0.73,14
E00127,E00829,co-investor,0.17,16
E02609,E01662,co-investor,0.69,9
E02410,E02112,co-investor,0.49,35
E01094,E02526,shared_director,0.88,29
E00114,E02042,supplier,0.48,2
E02043,E01116,shared_director,0.19,18
E00982,E01014,shared_director,0.13,4
E01138,E02422,supplier,0.76,43
E02000,E01266,co-investor,0.28,36
E01793,E00338,shared_director,0.31,45
E01878,E01789,parent_company,0.89,23
E01958,E02900,shared_director,0.82,1
E01332,E01045,co-investor,0.85,28
E01758,E00500,parent_company,0.36,35
E02046,E01260,supplier,0.35,32
E02073,E01481,parent_company,0.66,17
E00446,E02476,shared_director,0.26,14
E02904,E01058,parent_company,0.17,11
E00559,E00840,parent_company,0.62,38
E02147,E00653,supplier,0.38,2
E00059,E01889,supplier,0.29,9
E02711,E02851,supplier,0.36,18
E02095,E01060,co-investor,0.48,31
E00292,E01489,co-investor,0.2,30
E02663,E02850,shared_director,0.45,19
E01293,E01711,parent_company,0.62,7
E01647,E02809,co-investor,0.43,42
E01642,E02014,shared_director,0.78,26
E01526,E01941,shared_director,0.45,17
E01969,E01615,supplier,0.61,9
E00035,E02049,co-investor,0.86,9
E02401,E01785,co-investor,0.4,21
E00758,E00290,shared_director,0.43,19
E02348,E02553,shared_director,0.58,38
E02287,E02054,shared_director,1.0,30
E01477,E01226,co-investor,0.23,1
E01766,E00316,co-investor,0.72,27
E02488,E00698,shared_director,0.81,15
E02644,E02156,shared_director,0.81,18
E00143,E00253,shared_director,0.82,9
E01251,E01700,shared_director,0.28,3
E01007,E00665,supplier,0.33,4
E00795,E00365,parent_company,1.0,16
E00991,E00082,supplier,0.2,8
E02083,E01077,supplier,0.46,17
E02056,E02179,co-investor,0.41,32
E01310,E01522,parent_company,0.73,23
E00629,E02333,shared_director,0.19,5
E01133,E00790,shared_director,0.65,17
E01420,E01863,parent_company,0.39,29
E02343,E02238,parent_company,0.69,30
E02919,E00365,parent_company,0.4,26
E01738,E02530,shared_director,0.98,16
E02692,E00833,co-investor,0.74,48
E02201,E01792,co-investor,0.16,42
E02187,E00577,co-investor,0.95,25
E00189,E02837,supplier,0.64,48
E02389,E00455,shared_director,0.22,28
E02469,E01256,shared_director,0.48,11
E02425,E00803,shared_director,0.82,44
E02199,E01164,parent_company,0.49,24
E00479,E01988,shared_director,0.27,31
E02313,E02484,supplier,0.18,1
E00538,E02683,shared_director,0.83,39
E00239,E02784,co-investor,0.87,48
E02770,E00522,supplier,0.27,43
E01861,E00651,supplier,0.92,8
E01497,E02609,supplier,0.61,41
E01123,E01442,shared_director,0.25,20
E01109,E01709,parent_company,0.24,7
E01601,E01379,shared_director,0.47,41
E00966,E02465,parent_company,0.99,23
E00150,E02138,parent_company,0.36,47
E00539,E01570,parent_company,0.39,44
E02206,E00375,co-investor,0.11,4
E02635,E02026,co-investor,0.38,39
E02159,E01163,supplier,0.71,11
E00252,E00579,co-investor,0.58,13
E01420,E00202,shared_director,0.35,1
E02459,E00870,parent_company,0.95,33
E00222,E02394,shared_director,0.12,17
E01106,E00017,co-investor,0.94,13
E00353,E00099,supplier,0.52,7
E02742,E02283,parent_company,0.31,22
E02878,E02825,parent_company,0.94,9
E02003,E01945,parent_company,0.54,23
E01406,E01054,shared_director,0.46,29
E00522,E01818,co-investor,0.53,15
E01383,E01313,co-investor,0.6,7
E01181,E01918,supplier,0.26,25
E01665,E01754,supplier,0.41,44
E01012,E02377,parent_company,0.82,37
E00523,E02488,co-investor,0.26,46
E00209,E00569,supplier,0.41,42
E00403,E00851,co-investor,0.85,15
E02608,E01023,supplier,0.49,31
E02535,E02211,co-investor,0.55,19
E01829,E01939,parent_company,0.29,37
E00287,E00540,supplier,0.3,8
E02821,E02460,supplier,0.23,29
E01420,E02456,parent_company,0.61,24
E01291,E01893,supplier,0.95,12
E00346,E00367,shared_director,0.95,12
E00727,E00138,shared_director,0.87,47
E02757,E01333,supplier,0.14,46
E01131,E01030,parent_company,0.45,14
E01607,E01094,co-investor,0.33,11
E02308,E01714,supplier,0.33,11
E02827,E02899,supplier,0.67,30
E02578,E00616,parent_company,0.93,29
E01631,E02049,parent_company,0.39,30
E02084,E00193,shared_director,0.93,21
E02739,E01976,supplier,0.15,14
E00772,E02214,co-investor,0.3,1
E00179,E02409,supplier,0.91,43
E01733,E00868,parent_company,0.41,47
E01738,E02644,shared_director,0.94,22
E01162,E01649,co-investor,0.6,8
E01964,E00679,co-investor,0.97,42
E00114,E00989,co-investor,0.35,27
E02613,E00888,parent_company,0.27,19
E01551,E01449,shared_director,0.87,34
E01168,E00267,co-investor,0.37,27
E00823,E01364,supplier,0.52,32
E00836,E01285,supplier,0.84,33
E01501,E00444,shared_director,0.46,44
E01584,E01471,co-investor,0.92,27
E01341,E01687,supplier,0.14,41
E00937,E02890,parent_company,0.5,21
E00629,E00747,shared_director,0.76,34
E01050,E02611,parent_company,0.18,37
E00655,E00754,parent_company,0.39,47
E01088,E01387,co-investor,0.53,38
E02597,E01509,parent_company,0.51,9
E00942,E01986,shared_director,0.47,18
E00288,E01167,parent_company,0.94,20
E00877,E00236,parent_company,0.66,31
E00190,E02233,supplier,0.3,32
E00636,E00733,parent_company,0.21,40
E00821,E01482,parent_company,0.38,43
E00780,E02483,parent_company,0.25,41
E01513,E00135,supplier,0.74,44
E02733,E01252,shared_director,0.91,36
E01067,E00105,shared_director,0.82,44
E02648,E02735,co-investor,0.28,4
E02236,E01917,parent_company,0.69,43
E01205,E02044,shared_director,0.51,40
E00099,E00207,shared_director,0.56,20
E01243,E01636,shared_director,0.98,25
E02489,E01265,parent_company,0.49,44
E00020,E02786,co-investor,0.29,27
E02071,E00651,co-investor,0.91,2
E02169,E01340,co-investor,0.62,22
E02594,E01750,parent_company,0.61,12
E01545,E01558,parent_company,0.29,50
E00585,E01342,shared_director,0.76,11
E01999,E01004,co-investor,0.75,27
E02214,E02482,parent_company,0.53,4
E02794,E01108,shared_director,0.26,50
E02753,E02786,parent_company,0.33,17
E01764,E01705,shared_director,0.19,23
E00411,E01222,shared_director,0.18,4
E01551,E02103,shared_director,0.25,36
E01582,E02130,shared_director,0.95,40
E00694,E01114,co-investor,0.64,17
E00078,E01007,co-investor,0.18,28
E02547,E02898,co-investor,0.48,6
E00941,E02733,co-investor,0.35,36
E02213,E00934,parent_company,0.88,35
E01015,E02231,supplier,0.21,38
E00781,E01098,shared_director,0.48,5
E00554,E02644,parent_company,0.54,32
E02468,E01015,supplier,0.18,44
E00647,E00656,supplier,0.17,14
E00393,E02053,co-investor,0.26,1
E02569,E00628,parent_company,0.62,24
E00623,E00886,supplier,0.94,16
E01618,E02610,parent_company,0.71,19
E00020,E02432,parent_company,0.17,32
E00187,E00752,parent_company,0.21,39
E01747,E01983,parent_company,0.13,8
E00750,E02550,co-investor,0.64,16
E00401,E02717,shared_director,0.54,21
E01634,E02357,supplier,0.11,1
E02828,E00431,supplier,0.96,25
E01404,E00871,parent_company,0.95,20
E02170,E00977,co-investor,0.99,33
E01971,E00466,co-investor,0.92,21
E01167,E02019,co-investor,0.49,8
E00466,E01906,supplier,0.91,45
E02263,E01853,supplier,0.22,10
E02184,E00764,supplier,0.86,4
E00191,E02553,parent_company,0.69,47
E02129,E00040,parent_company,0.35,46
E02327,E02628,supplier,0.26,14
E00688,E00464,shared_director,0.7,1
E00103,E01535,parent_company,0.26,45
E00312,E02238,parent_company,0.22,48
E01435,E00766,shared_director,0.45,24
E00605,E02686,supplier,0.9,6
E00903,E00458,supplier,0.49,37
E01419,E01189,parent_company,0.58,48
E00882,E00686,shared_director,0.54,2
E00416,E00342,shared_director,0.5,8
E00463,E01774,shared_director,0.82,48
E02200,E01686,parent_company,0.96,1
E00736,E01311,supplier,0.4,33
E01627,E01051,parent_company,0.49,15
E00065,E00699,parent_company,0.14,37
E01225,E00343,shared_director,0.72,22
E00855,E02625,supplier,0.35,44
E00049,E01479,parent_company,0.17,34
E01152,E00305,supplier,0.7,2
E01833,E01321,co-investor,0.1,17
E02056,E01311,parent_company,0.59,27
E02005,E01830,supplier,0.31,32
E02066,E01027,shared_director,0.51,32
E00203,E00029,parent_company,1.0,42
E01842,E01609,co-investor,0.69,3
E01392,E02089,parent_company,0.39,46
E00032,E00345,shared_director,0.91,29
E00685,E01862,shared_director,0.32,47
E00564,E02247,parent_company,0.61,8
E02825,E02242,parent_company,0.22,24
E00443,E00369,parent_company,0.16,13
E01048,E00114,shared_director,0.91,25
E02188,E00128,supplier,0.9,39
E00162,E01491,supplier,0.26,3
E01644,E01290,supplier,0.16,31
E02614,E02922,co-investor,0.87,31
E00319,E00364,shared_director,0.14,26
E01113,E02215,co-investor,0.95,29
E02322,E01785,shared_director,0.96,41
E02693,E00367,parent_company,0.9,17
E00230,E01835,supplier,0.38,20
E02225,E02805,supplier,0.95,35
E02694,E02135,supplier,0.62,8
E00409,E01124,co-investor,0.73,32
E02848,E01648,shared_director,0.5,5
E02394,E01386,parent_company,0.34,26
E00119,E00395,shared_director,0.14,10
E00388,E01843,shared_director,0.38,5
E01980,E01912,supplier,0.22,10
E02726,E00843,supplier,0.33,23
E00943,E01251,shared_director,0.55,11
E01804,E01886,parent_company,0.39,13
E00610,E00243,co-investor,0.67,42
E02826,E00748,co-investor,0.57,36
E01943,E00966,co-investor,0.74,32
E00716,E01879,parent_company,0.66,13
E00881,E02575,co-investor,0.73,44
E02569,E00066,parent_company,0.73,17
E00123,E02509,parent_company,0.62,26
E02728,E01736,parent_company,0.74,34
E01263,E01574,co-investor,0.58,18
E00555,E02775,shared_director,0.32,36
E00953,E01308,shared_director,0.82,23
E00537,E02909,parent_company,0.64,36
E02265,E01706,shared_director,0.46,10
E01939,E01020,co-investor,0.98,15
E00962,E01277,supplier,0.95,41
E00648,E00232,supplier,0.47,13
E01007,E01107,supplier,0.21,45
E00546,E00377,co-investor,0.46,13
E01047,E02823,co-investor,0.26,27
E00868,E01644,parent_company,0.82,34
E02280,E01719,parent_company,0.9,13
E01493,E01882,supplier,0.35,18
E01491,E01488,supplier,0.77,42
E01256,E00834,co-investor,0.88,10
E00345,E00318,supplier,0.52,17
E02359,E01086,co-investor,0.99,22
E01959,E02628,co-investor,0.25,6
E02588,E02271,co-investor,0.26,41
E01230,E01551,parent_company,0.56,24
E00306,E00662,supplier,0.21,27
E01119,E02012,parent_company,0.91,43
E01587,E01181,parent_company,0.63,33
E01812,E00711,co-investor,0.5,14
E01324,E00879,shared_director,0.44,42
E02335,E00485,co-investor,0.32,1
E00251,E01904,co-investor,0.83,17
E01510,E02667,supplier,0.82,15
E01139,E01967,parent_company,0.93,16
E00200,E01392,shared_director,0.83,36
E00703,E01066,co-investor,0.77,5
E00106,E02061,supplier,0.23,26
E01229,E00978,shared_director,0.58,44
E01573,E00689,co-investor,0.29,4
E02604,E00291,co-investor,0.67,1
E01744,E01724,shared_director,0.2,2
E01547,E02437,shared_director,0.32,29
E01268,E02487,supplier,0.89,10
E00262,E02126,shared_director,0.64,45
E02576,E00152,shared_director,0.4,28
E00318,E01091,shared_director,0.18,38
E00037,E00420,supplier,0.91,21
E00010,E00569,parent_company,0.17,3
E00007,E01042,supplier,0.27,31
E00677,E02286,shared_director,0.81,33
E00930,E02617,parent_company,0.2,12
E00247,E02270,shared_director,0.9,17
E02876,E02528,co-investor,0.23,3
E01893,E02534,shared_director,0.79,40
E02477,E02608,shared_director,0.55,17
E00672,E00133,supplier,0.68,19
E00348,E01140,co-investor,0.22,26
E00057,E02629,shared_director,0.3,32
E00695,E01011,shared_director,0.16,23
E02371,E01509,parent_company,0.57,21
E02454,E02903,co-investor,0.51,21
E02703,E01928,shared_director,0.29,49
E02007,E02877,parent_company,0.63,2
E01393,E01288,shared_director,0.53,31
E02704,E02461,parent_company,0.45,28
E00065,E01922,co-investor,0.75,7
E00166,E01512,parent_company,0.64,47
E02756,E02194,supplier,0.38,50
E01150,E00942,supplier,0.98,22
E01777,E00105,parent_company,0.58,50
E02260,E02592,shared_director,0.66,25
E01743,E00062,shared_director,0.29,20
E02771,E01917,shared_director,0.12,32
E01338,E00336,parent_company,0.18,6
E02050,E01192,parent_company,0.45,43
E00561,E01556,co-investor,0.85,19
E00426,E02157,supplier,0.89,9
E01137,E01415,co-investor,0.15,23
E02485,E02594,parent_company,0.39,24
E00985,E01378,parent_company,0.82,42
E01001,E01928,shared_director,0.79,38
E01356,E00156,shared_director,0.75,27
E02793,E01485,co-investor,0.51,15
E01991,E01033,co-investor,0.75,48
E00634,E01353,supplier,0.25,22
E02257,E01190,shared_director,0.51,38
E02623,E00211,supplier,0.69,21
E00696,E00647,shared_director,0.63,41
E00718,E02545,co-investor,0.61,49
E01754,E01343,parent_company,0.29,40
E01628,E02034,co-investor,0.71,38
E02310,E02526,supplier,0.23,15
E02723,E02118,co-investor,0.34,29
E00004,E00242,co-investor,0.78,22
E02337,E02927,supplier,0.95,19
E00588,E01700,co-investor,0.52,21
E00907,E02846,co-investor,0.16,13
E02768,E02492,shared_director,0.44,16
E01367,E00660,co-investor,0.48,20
E00536,E01780,parent_company,0.12,4
E02094,E01451,parent_company,0.12,16
E00838,E01080,shared_director,0.17,34
E02453,E02041,shared_director,0.27,10
E02136,E00736,shared_director,0.91,39
E00773,E02700,parent_company,0.72,3
E01175,E00420,supplier,0.53,25
E00198,E01005,parent_company,0.99,48
E02775,E00948,supplier,0.55,24
E01196,E01153,supplier,0.58,20
E01024,E01719,shared_director,0.15,12
E02773,E00066,parent_company,0.18,31
E02267,E02214,supplier,0.76,44
E00274,E00129,parent_company,0.94,32
E01693,E02043,shared_director,0.8,30
E00984,E01705,co-investor,0.79,30
E01547,E01275,co-investor,0.41,22
E02530,E00239,parent_company,0.33,33
E00454,E02513,co-investor,0.83,45
E01025,E00828,co-investor,0.79,47
E00455,E00442,supplier,0.23,40
E00837,E02352,co-investor,0.43,16
E00202,E02202,parent_company,0.27,16
E00773,E02674,supplier,0.29,44
E00287,E01276,co-investor,0.4,2
E01903,E00094,parent_company,0.44,2
E01771,E00568,shared_director,0.11,29
E01153,E00435,co-investor,0.67,8
E01217,E01253,shared_director,0.49,7
E01721,E01171,parent_company,0.76,17
E02708,E00557,shared_director,0.73,38
E01858,E01021,supplier,0.26,19
E00220,E01790,co-investor,0.84,11
E01413,E00688,supplier,0.24,48
E01480,E02078,parent_company,0.51,50
E00458,E00659,co-investor,0.59,35
E01084,E02174,supplier,0.63,46
E02415,E01230,co-investor,0.96,25
E02780,E01368,supplier,0.77,45
E02392,E01132,co-investor,0.85,26
E02691,E01201,co-investor,0.49,50
E01317,E00592,parent_company,0.84,1
E00124,E01057,supplier,0.97,11
E01242,E00640,shared_director,0.55,24
E01353,E01048,shared_director,0.9,5
E02057,E02409,shared_director,0.79,39
E02816,E01420,supplier,0.21,44
E01234,E01540,shared_director,0.94,48
E02524,E02782,parent_company,0.48,10
E02629,E01408,supplier,0.77,33
E02858,E00115,supplier,0.82,20
E02729,E00315,shared_director,0.54,46
E00133,E02602,shared_director,0.32,45
E01735,E00176,parent_company,0.2,7
E00908,E02719,co-investor,0.11,32
E02407,E02532,parent_company,0.82,48
E00360,E01579,co-investor,0.42,21
E00727,E01999,co-investor,0.36,12
E02060,E02915,parent_company,0.88,49
E02301,E01637,shared_director,0.72,33
E01387,E00370,co-investor,0.71,28
E01603,E02135,supplier,0.41,48
E01918,E00450,co-investor,0.43,27
E02775,E01706,supplier,0.87,27
E02293,E02385,co-investor,0.98,37
E00982,E01723,parent_company,0.45,27
E02619,E00058,co-investor,0.61,24
E01285,E00490,shared_director,0.2,5
E00898,E00849,co-investor,0.47,13
E00768,E00540,co-investor,0.92,5
E02093,E00609,co-investor,0.46,26
E00276,E02431,parent_company,0.17,10
E02627,E02905,shared_director,0.91,29
E01278,E02286,shared_director,0.62,36
E01246,E02153,shared_director,0.61,33
E02571,E02485,shared_director,0.77,6
E02342,E01741,parent_company,0.15,11
E02027,E02569,supplier,0.33,14
E01593,E02338,parent_company,0.26,23
E02308,E00322,shared_director,0.33,16
E00018,E00494,parent_company,0.53,26
E02402,E00041,supplier,0.54,14
E00443,E02482,supplier,0.61,33
E01742,E00999,shared_director,1.0,42
E00070,E02147,co-investor,0.7,15
E01591,E00019,shared_director,0.81,12
E00790,E00050,shared_director,0.27,27
E01927,E00845,co-investor,0.54,24
E01604,E02541,co-investor,0.25,39
E02134,E01268,supplier,0.1,20
E00035,E02908,supplier,0.3,48
E00653,E01921,parent_company,0.12,49
E00523,E01264,parent_company,0.74,20
E02846,E01561,parent_company,0.77,21
E00522,E02800,parent_company,0.81,27
E00332,E00475,parent_company,0.11,16
E02213,E00014,shared_director,0.87,44
E02882,E02387,co-investor,0.56,27
E00569,E02709,supplier,0.61,13
E02661,E02723,supplier,0.74,7
E02687,E00671,supplier,0.52,39
E00123,E00857,shared_director,0.48,26
E00937,E01607,co-investor,0.53,33
E00302,E02663,parent_company,0.24,21
E02382,E02112,co-investor,0.4,13
E00824,E02802,shared_director,0.65,46
E00709,E02736,co-investor,0.99,2
E00922,E02010,co-investor,0.3,41
E02821,E00811,supplier,0.69,10
E02911,E01028,co-investor,0.21,45
E01836,E02821,co-investor,0.47,7
E02385,E02587,co-investor,0.14,47
E01023,E00224,co-investor,0.46,30
E02276,E00253,shared_director,0.81,9
E02872,E01631,co-investor,0.24,40
E01197,E02220,supplier,0.55,11
E02456,E02070,parent_company,0.56,11
E00017,E02921,supplier,0.4,18
E02405,E01913,shared_director,0.55,18
E02353,E00366,parent_company,0.46,6
E01673,E01442,shared_director,0.47,23
E00564,E02082,parent_company,0.96,46
E01585,E00445,co-investor,0.69,46
E02309,E02730,supplier,0.9,9
E02305,E01249,co-investor,0.62,19
E00778,E02749,co-investor,0.77,21
E01877,E01968,shared_director,0.88,5
E00974,E02222,shared_director,0.41,22
E00068,E00140,supplier,0.73,39
E01420,E01640,shared_director,0.56,10
E00854,E02312,co-investor,0.96,49
E02422,E00772,shared_director,0.83,8
E02373,E01167,supplier,0.24,30
E00126,E01701,shared_director,0.2,50
E01341,E02750,parent_company,0.47,46
E02176,E02019,supplier,1.0,29
E00557,E00003,parent_company,0.13,15
E02597,E02917,parent_company,0.6,36
E00411,E00274,parent_company,0.11,37
E02531,E01749,shared_director,0.87,28
E00901,E01815,parent_company,0.95,13
E02650,E01818,parent_company,0.37,17
E02062,E00917,shared_director,0.43,31
E00004,E01885,supplier,0.62,45
E00011,E01424,shared_director,0.69,21
E02009,E01176,parent_company,0.63,32
E01960,E00140,co-investor,0.33,29
E00825,E02462,parent_company,0.17,17
E02446,E00024,co-investor,0.34,28
E02252,E02678,shared_director,0.77,16
E02708,E00206,co-investor,0.57,33
E01757,E02187,supplier,0.15,11
E01354,E00870,supplier,0.22,38
E00722,E01731,shared_director,0.22,18
E02029,E02083,supplier,0.72,37
E01343,E02113,supplier,0.38,6
E01204,E01582,supplier,0.85,39
E01913,E00054,supplier,0.12,38
E02751,E00228,supplier,0.51,34
E02075,E01312,co-investor,0.45,49
E02905,E00950,co-investor,0.76,19
E01000,E01647,parent_company,0.84,41
E00133,E02272,co-investor,0.19,7
E02353,E02176,co-investor,0.95,25
E02040,E00278,parent_company,0.23,13
E00055,E01435,co-investor,0.21,43
E02219,E02611,co-investor,0.69,46
E00718,E01469,supplier,0.19,38
E02688,E00172,parent_company,0.78,39
E01230,E00059,co-investor,0.25,37
E01158,E00259,parent_company,0.38,29
E02546,E02560,supplier,0.76,15
E00572,E01012,shared_director,0.71,30
E01595,E01763,supplier,0.99,25
E00678,E02145,co-investor,0.91,5
E00828,E01269,supplier,0.68,37
E02507,E01927,parent_company,0.58,19
E01189,E02741,parent_company,0.12,7
E02092,E00806,shared_director,0.31,45
E02329,E02722,parent_company,0.67,44
E01834,E02891,supplier,0.26,49
E01565,E00993,parent_company,0.89,31
E00502,E01427,co-investor,0.6,36
E01335,E00481,parent_company,0.3,7
E00319,E01925,shared_director,0.15,29
E01840,E01663,shared_director,0.54,38
E00560,E02885,parent_company,0.79,15
E00242,E00640,shared_director,0.39,29
E01106,E00138,co-investor,0.55,49
E00761,E00976,supplier,0.29,1
E01549,E01794,shared_director,0.58,8
E02436,E02636,parent_company,0.34,39
E01934,E02714,parent_company,0.44,22
E01907,E00263,parent_company,0.93,19
E02361,E01697,shared_director,0.95,45
E01489,E00389,co-investor,0.38,29
E01460,E00728,co-investor,0.5,20
E01218,E02777,parent_company,0.98,21
E00572,E01718,supplier,0.74,34
E01497,E00427,supplier,0.84,21
E01773,E01952,parent_company,0.81,35
E01411,E00306,co-investor,0.51,19
E01723,E02026,supplier,0.68,4
E02708,E01695,supplier,0.97,35
E00829,E02065,parent_company,0.99,38
E00915,E01062,shared_director,0.39,4
E00727,E01987,co-investor,0.56,28
E00212,E01019,co-investor,0.77,23
E01544,E00831,parent_company,0.87,50
E02214,E02368,parent_company,0.32,40
E01473,E00567,co-investor,0.79,29
E00220,E01389,supplier,0.39,22
E01928,E02173,parent_company,0.46,35
E02228,E00031,parent_company,0.82,18
E02774,E00596,shared_director,0.18,8
E02725,E02152,shared_director,0.8,46
E02819,E02095,shared_director,0.62,30
E01028,E01972,shared_director,0.75,12
E00884,E02592,shared_director,0.12,44
E02280,E01412,co-investor,0.52,49
E01819,E02847,parent_company,0.47,7
E02338,E00776,supplier,0.82,10
E00733,E02343,co-investor,0.18,46
E00720,E02875,parent_company,0.23,49
E02856,E00004,shared_director,0.27,16
E02807,E02375,co-investor,0.88,7
E02056,E01477,co-investor,0.41,18
E00264,E02209,parent_company,0.39,34
E00980,E00351,co-investor,0.79,4
E00952,E01422,shared_director,0.3,13
E00650,E02069,parent_company,0.49,13
E01337,E02736,co-investor,0.88,1
E01264,E01830,shared_director,0.42,7
E01748,E02064,shared_director,0.69,6
E00798,E00606,co-investor,0.15,27
E00708,E02212,shared_director,0.92,21
E01581,E01197,parent_company,0.37,25
E00208,E02807,parent_company,0.29,37
E00697,E01481,shared_director,0.26,39
E02667,E02621,co-investor,0.46,43
E00875,E01610,parent_company,0.17,13
E01000,E00068,co-investor,0.45,7
E01922,E00646,shared_director,0.97,10
E02106,E00059,parent_company,0.95,45
E01660,E01277,supplier,0.56,19
E02735,E02047,co-investor,0.61,41
E00370,E01775,parent_company,0.33,42
E02898,E00912,supplier,0.31,7
E00251,E02922,supplier,0.45,16
E01538,E01768,parent_company,0.99,10
E02147,E01123,co-investor,0.85,20
E00297,E01189,supplier,0.58,22
E01859,E02521,shared_director,0.24,37
E01442,E00312,supplier,0.67,33
E01279,E02159,shared_director,0.17,25
E01699,E00180,supplier,0.26,25
E00026,E01214,shared_director,0.63,41
E00426,E01812,co-investor,0.65,22
E00817,E02094,supplier,0.92,47
E01556,E00550,co-investor,0.35,2
E01706,E01593,shared_director,0.59,19
E01309,E01928,parent_company,0.86,10
E00312,E01764,co-investor,0.15,12
E02799,E01122,parent_company,0.91,50
E02150,E02344,parent_company,0.41,48
E01042,E00058,shared_director,0.17,5
E02631,E00063,shared_director,0.78,40
E02113,E01536,supplier,0.25,43
E02699,E00105,co-investor,0.67,48
E00125,E01744,shared_director,0.5,17
E02216,E01392,parent_company,0.94,43
E00816,E00500,shared_director,0.79,17
E01865,E02355,co-investor,0.42,48
E00271,E00700,parent_company,0.36,49
E02372,E00729,parent_company,0.11,12
E02080,E02751,supplier,0.42,42
E00742,E00195,co-investor,0.22,29
E01608,E02243,supplier,0.21,11
E01709,E02488,shared_director,0.25,3
E01342,E00234,shared_director,0.76,46
E00557,E01141,supplier,0.31,39
E01210,E00978,supplier,0.32,45
E00692,E01497,supplier,0.77,11
E01993,E01027,shared_director,0.83,16
E02299,E00944,co-investor,0.37,49
E02782,E00951,shared_director,0.68,23
E01053,E00863,co-investor,0.24,47
E02303,E01460,supplier,0.27,2
E02142,E01683,co-investor,0.84,19
E02280,E01686,parent_company,0.85,38
E02658,E00192,co-investor,0.83,22
E00235,E01116,shared_director,0.69,22
E02395,E00114,co-investor,0.21,9
E00866,E01912,shared_director,0.25,4
E02517,E00213,shared_director,0.33,17
E01928,E02345,parent_company,0.61,45
E00294,E01932,supplier,0.54,17
E02926,E00041,supplier,0.28,17
E01461,E01616,co-investor,0.92,34
E01623,E01350,shared_director,0.78,31
E01204,E01140,shared_director,0.46,1
E01813,E00554,parent_company,0.45,47
E00238,E01197,shared_director,0.34,10
E00028,E02287,supplier,0.59,13
E01788,E02117,parent_company,0.55,10
E01457,E00544,co-investor,0.1,14
E02380,E01012,co-investor,0.21,2
E00561,E01622,co-investor,0.53,29
E01530,E00543,shared_director,0.48,19
E02290,E00211,parent_company,0.7,7
E01751,E00805,shared_director,0.52,5
E01884,E01291,parent_company,0.34,42
E02268,E00275,parent_company,0.4,32
E01579,E01097,parent_company,0.65,33
E00943,E02512,parent_company,0.11,40
E01466,E00985,co-investor,0.22,45
E01627,E00172,co-investor,0.27,39
E02290,E01917,parent_company,0.36,2
E00381,E00345,co-investor,0.66,39
E02003,E01248,shared_director,0.98,18
E02005,E00827,shared_director,0.87,3
E01129,E02411,supplier,0.62,27
E01880,E02188,supplier,0.64,24
E01595,E01378,shared_director,0.95,15
E02497,E01577,supplier,0.8,3
E02717,E00822,co-investor,0.12,31
E00843,E01645,supplier,0.93,34
E00083,E01202,supplier,0.74,32
E01286,E01759,co-investor,0.9,3
E01941,E02923,parent_company,0.82,44
E02060,E02705,shared_director,0.7,5
E02775,E01739,supplier,0.45,33
E01895,E00742,parent_company,0.47,20
E00288,E00487,supplier,0.34,22
E01801,E02278,shared_director,0.5,8
E00596,E01578,co-investor,0.83,45
E00655,E02250,supplier,0.6,10
E02404,E00482,parent_company,0.86,49
E02303,E02556,co-investor,0.92,11
E01058,E02366,supplier,0.66,26
E00106,E02614,co-investor,0.19,45
E01425,E02775,co-investor,0.89,13
E01906,E02922,parent_company,0.16,18
E00879,E01867,shared_director,0.28,34
E01315,E01510,shared_director,0.97,2
E02020,E00505,shared_director,0.78,17
E01046,E02243,supplier,0.34,20
E00010,E00020,supplier,0.77,18
E00149,E01821,co-investor,0.47,10
E00977,E00504,supplier,0.75,20
E00166,E01821,shared_director,0.24,27
E02147,E00661,parent_company,0.76,33
E02711,E01353,co-investor,0.24,14
E01096,E01060,shared_director,0.62,48
E02455,E00612,co-investor,0.2,42
E02444,E01968,parent_company,0.83,27
E02585,E01318,co-investor,0.5,24
E02084,E01891,parent_company,0.96,31
E00275,E00246,co-investor,0.27,38
E02851,E00586,co-investor,0.68,38
E00226,E01762,shared_director,0.51,36
E01327,E00799,shared_director,0.1,41
E00438,E01948,co-investor,0.94,45
E00083,E01054,supplier,0.97,11
E01435,E01545,supplier,0.14,8
E00824,E00408,shared_director,0.71,32
E01905,E01443,parent_company,0.53,1
E01794,E00453,parent_company,0.89,37
E02895,E02821,shared_director,0.19,28
E00873,E01335,supplier,0.47,49
E01211,E00731,shared_director,0.24,47
E02489,E00097,co-investor,0.29,36
E02577,E00413,shared_director,0.92,27
E01892,E01629,parent_company,0.94,11
E01796,E00142,parent_company,0.76,20
E01010,E00295,shared_director,0.68,15
E02354,E00274,co-investor,0.56,27
E01118,E01977,parent_company,0.4,4
E01159,E01573,shared_director,0.99,33
E00646,E02677,supplier,0.71,28
E02541,E00088,shared_director,0.72,7
E01312,E02909,co-investor,0.13,12
E01610,E00265,parent_company,0.33,45
E02556,E01931,parent_company,0.18,9
E00634,E02753,supplier,0.83,46
E01770,E01573,shared_director,0.49,21
E01174,E02687,supplier,0.39,48
E02601,E00733,co-investor,0.24,42
E00467,E02833,shared_director,0.98,18
E00907,E01372,parent_company,0.73,33
E01780,E00301,shared_director,0.6,1
E01498,E02270,supplier,0.32,34
E00132,E01364,shared_director,0.3,8
E00916,E01549,shared_director,0.87,49
E02677,E02295,shared_director,0.37,22
E01525,E00547,shared_director,0.2,8
E00124,E01805,supplier,0.99,23
E02727,E01497,shared_director,0.11,11
E02552,E01530,supplier,0.61,35
E02019,E01094,co-investor,0.18,50
E00783,E01408,shared_director,0.69,21
E02300,E01627,parent_company,0.89,16
E01285,E01765,supplier,0.13,42
E00767,E01372,co-investor,0.16,6
E01977,E02406,shared_director,0.73,24
E00310,E02397,parent_company,0.53,34
E01026,E02409,co-investor,0.3,12
E01861,E00811,co-investor,0.79,17
E01370,E02171,supplier,0.7,40
E02018,E01734,parent_company,0.2,18
E01708,E00366,shared_director,0.35,25
E00316,E01311,parent_company,0.94,28
E01374,E01017,parent_company,0.83,9
E02766,E01072,shared_director,0.14,44
E02090,E00389,supplier,0.2,34
E02831,E00443,parent_company,0.62,29
E00297,E02521,co-investor,0.14,36
E02463,E02697,co-investor,0.32,50
E01238,E02269,supplier,0.83,26
E02111,E00451,shared_director,0.78,39
E01023,E00034,supplier,0.57,2
E01326,E02110,supplier,0.4,42
E02081,E00172,supplier,0.34,13
E00888,E01158,supplier,0.41,3
E02265,E00461,supplier,0.41,46
E00907,E01398,shared_director,0.83,38
E02418,E00156,parent_company,0.97,50
E00967,E00281,supplier,0.47,27
E02329,E01243,shared_director,0.12,9
E02607,E00308,parent_company,0.92,19
E01762,E01836,shared_director,0.8,10
E02072,E00471,parent_company,0.74,47
E01421,E02319,parent_company,0.46,11
E00212,E01873,co-investor,0.66,36
E01080,E02396,co-investor,0.64,12
E01593,E00019,parent_company,0.1,15
E00324,E01064,shared_director,0.43,44
E01450,E02030,supplier,0.78,26
E01452,E02012,supplier,0.29,19
E02354,E02555,co-investor,0.86,20
E00964,E02054,shared_director,0.36,7
E01630,E01109,co-investor,0.14,25
E00591,E02894,co-investor,0.27,9
E00521,E00927,supplier,0.52,10
E01111,E02264,shared_director,0.45,7
E00764,E01693,supplier,0.9,43
E02329,E01492,co-investor,0.54,21
E02229,E01626,supplier,0.55,1
E02818,E01323,parent_company,0.62,20
E00149,E02123,parent_company,0.43,41
E01144,E00577,shared_director,0.56,23
E02313,E02236,supplier,0.63,1
E01776,E02507,shared_director,0.44,40
E00804,E00729,co-investor,0.7,39
E01699,E00582,shared_director,0.49,11
E00569,E00984,shared_director,0.58,6
E00713,E01926,co-investor,0.31,17
E00503,E02181,parent_company,0.65,39
E02883,E01411,co-investor,0.67,31
E02298,E00135,parent_company,0.91,9
E02106,E00073,supplier,0.87,32
E00331,E02777,supplier,0.48,37
E01214,E01487,supplier,0.22,25
E02706,E02341,co-investor,0.34,15
E01495,E02732,parent_company,0.35,42
E01155,E02853,parent_company,0.66,2
E00889,E00763,parent_company,0.76,8
E02166,E01767,shared_director,0.97,37
E02610,E00205,shared_director,0.48,32
E01053,E01928,shared_director,0.68,9
E00212,E02919,supplier,0.17,4
E01210,E00007,parent_company,0.56,16
E01919,E02285,parent_company,0.45,6
E02632,E02238,shared_director,0.52,31
E02544,E01417,parent_company,0.27,48
E01158,E00584,parent_company,0.39,38
E00926,E02523,parent_company,0.22,9
E01475,E02018,shared_director,0.51,12
E01868,E01869,co-investor,0.43,44
E01389,E00197,parent_company,1.0,43
E02135,E02153,co-investor,0.27,7
E01155,E02156,co-investor,0.49,3
E00931,E02913,shared_director,0.27,15
E02386,E01623,shared_director,0.59,33
E01220,E00723,supplier,0.78,43
E01169,E01893,co-investor,0.91,41
E02835,E02408,parent_company,0.43,33
E02434,E01275,shared_director,0.78,4
E01571,E02361,parent_company,0.71,12
E02156,E01395,parent_company,0.22,41
E00224,E00616,co-investor,0.38,6
E01720,E02920,shared_director,0.63,19
E01686,E01824,shared_director,0.57,5
E02130,E02333,shared_director,0.29,27
E00322,E00921,co-investor,0.66,19
E02611,E01344,parent_company,0.73,5
E00471,E02918,co-investor,0.77,12
E00941,E02591,co-investor,0.97,4
E00358,E02535,co-investor,0.51,32
E01997,E02339,shared_director,0.22,44
E00806,E02070,shared_director,0.9,23
E01197,E02305,shared_director,0.71,37
E00352,E02900,shared_director,0.6,41
E00630,E00554,supplier,0.14,46
E02642,E00506,supplier,0.81,7
E01047,E00729,shared_director,0.7,39
E00237,E01619,parent_company,0.39,21
E02001,E01325,co-investor,0.2,38
E00176,E02315,shared_director,0.5,41
E02857,E02748,supplier,0.7,1
E00007,E02922,co-investor,0.67,23
E02109,E02846,shared_director,0.91,18
E00642,E02700,parent_company,0.54,44
E02626,E01201,shared_director,0.48,46
E02701,E00527,co-investor,0.83,13
E00184,E01415,supplier,0.51,38
E01904,E00637,co-investor,0.16,42
E00890,E01049,parent_company,0.78,16
E01342,E00951,shared_director,0.52,44
E01833,E02785,shared_director,0.55,14
E01027,E00533,shared_director,0.82,50
E01372,E02180,shared_director,0.39,14
E02727,E00286,supplier,0.37,42
E02418,E01793,supplier,0.33,31
E01956,E00308,parent_company,0.88,2
E01692,E00350,supplier,0.53,17
E01616,E01610,shared_director,0.64,32
E02739,E01119,shared_director,0.24,48
E00370,E01882,supplier,0.78,11
E01188,E00944,co-investor,0.45,33
E02689,E01004,supplier,0.3,23
E00808,E01585,co-investor,0.74,24
E01335,E02180,shared_director,0.75,25
E02006,E00848,co-investor,0.76,31
E02295,E00384,supplier,0.7,12
E02141,E02821,parent_company,0.69,20
E01890,E01582,co-investor,0.95,27
E02779,E00295,parent_company,0.71,6
E01067,E02497,parent_company,0.69,43
E00969,E00440,shared_director,0.26,29
E01368,E01616,co-investor,0.33,38
E00157,E02389,co-investor,0.16,39
E01380,E01611,shared_director,0.3,2
E00253,E02671,shared_director,0.28,10
E02913,E00484,supplier,0.42,5
E01593,E01061,supplier,0.5,30
E02918,E02655,supplier,0.88,33
E00443,E00371,parent_company,0.77,24
E00801,E02818,shared_director,0.77,43
E02585,E01010,shared_director,0.43,11
E01978,E02575,parent_company,0.79,39
E01299,E02379,shared_director,0.5,31
E02855,E00251,co-investor,0.42,34
E02428,E02396,supplier,0.53,12
E02841,E02408,shared_director,0.65,39
E00394,E01334,co-investor,0.73,12
E01959,E00039,supplier,0.69,37
E01013,E00889,supplier,0.29,9
E01602,E02087,parent_company,0.52,17
E01724,E00081,parent_company,0.16,28
E02233,E02195,co-investor,0.17,32
E01975,E00343,parent_company,0.77,5
E02156,E01090,parent_company,0.73,42
E01534,E00259,co-investor,0.82,49
E00349,E01938,shared_director,0.7,24
E01377,E02286,parent_company,0.24,45
E01510,E01481,parent_company,0.72,21
E02279,E02009,supplier,0.88,28
E00799,E00024,parent_company,0.79,36
E02923,E00727,parent_company,0.82,23
E00589,E02225,shared_director,0.57,32
E00426,E01535,parent_company,0.42,39
E02658,E01680,co-investor,0.54,11
E01682,E02156,co-investor,0.87,32
E01090,E01690,co-investor,0.71,21
E00139,E01864,parent_company,0.91,16
E00421,E00041,supplier,1.0,23
E02803,E00202,supplier,0.94,31
E01295,E01652,co-investor,0.84,23
E00105,E02776,co-investor,0.59,42
E00050,E01311,supplier,0.2,36
E02629,E02278,shared_director,0.54,32
E01065,E01039,shared_director,0.49,38
E00869,E01830,shared_director,0.44,25
E02597,E01212,shared_director,0.79,16
E00899,E00959,co-investor,0.84,29
E01133,E02352,shared_director,0.98,13
E01965,E02365,parent_company,0.24,45
E01763,E00698,supplier,0.65,5
E01413,E00003,parent_company,0.3,19
E00847,E02251,shared_director,0.32,21
E00206,E01324,parent_company,0.2,19
E00036,E01309,supplier,0.33,9
E01707,E00109,shared_director,0.88,42
E02309,E01750,parent_company,0.64,18
E01456,E02407,shared_director,0.51,27
E01547,E00066,co-investor,0.62,39
E02281,E00382,shared_director,0.78,32
E00950,E01593,shared_director,0.43,40
E01808,E02645,co-investor,0.57,20
E02073,E02440,co-investor,0.91,24
E01855,E00478,parent_company,0.2,41
E02508,E02193,co-investor,0.96,17
E02462,E01599,supplier,0.93,16
E02313,E01312,parent_company,0.41,17
E01956,E01953,shared_director,0.35,29
E02623,E00647,supplier,0.23,33
E01123,E02111,shared_director,0.5,25
E00298,E02543,supplier,0.93,49
E02306,E02127,shared_director,0.4,32
E02428,E02740,parent_company,0.21,12
E02436,E00166,supplier,0.93,21
E02414,E00051,co-investor,0.36,48
E00465,E01795,parent_company,0.44,36
E01493,E01165,supplier,0.39,37
E00276,E02342,parent_company,0.35,12
E01190,E01675,parent_company,0.87,48
E01923,E00423,parent_company,0.27,15
E01012,E00227,shared_director,0.4,13
E01524,E00798,co-investor,0.65,31
E01286,E02398,supplier,0.61,11
E02064,E00762,supplier,0.63,1
E02152,E02008,shared_director,0.79,21
E02593,E01928,parent_company,0.8,31
E00780,E01905,shared_director,0.32,38
E01921,E01867,parent_company,0.62,33
E01013,E01792,shared_director,0.47,37
E02047,E02693,shared_director,0.55,21
E01373,E00046,supplier,0.72,19
E01137,E01491,supplier,0.5,9
E02461,E01638,parent_company,0.95,47
E00112,E02811,supplier,0.12,29
E02508,E00948,parent_company,0.72,10
E01658,E01457,parent_company,0.5,11
E01416,E01187,shared_director,0.31,22
E02545,E01247,supplier,0.76,28
E02048,E00496,supplier,0.51,21
E00833,E02393,shared_director,0.25,41
E01294,E02268,supplier,0.75,38
E02266,E01886,supplier,0.98,43
E02052,E01246,supplier,0.55,46
E01292,E00822,supplier,0.43,48
E01606,E01388,shared_director,0.23,34
E00889,E02537,co-investor,0.13,30
E02860,E00099,co-investor,0.17,13
E00187,E01675,shared_director,0.5,5
E00527,E02191,supplier,0.39,36
E00993,E02265,shared_director,0.8,12
E01981,E02133,co-investor,0.3,37
E02281,E00638,supplier,0.36,47
E02350,E00699,co-investor,0.18,31
E00424,E01964,parent_company,0.1,28
E02821,E00788,supplier,0.85,34
E01524,E02174,parent_company,0.13,36
E01069,E02800,parent_company,0.98,28
E02114,E00507,shared_director,0.5,13
E02195,E01617,shared_director,0.4,27
E00189,E01635,shared_director,0.53,23
E02311,E01458,shared_director,0.81,48
E01340,E01191,supplier,0.83,21
E02617,E02741,shared_director,0.53,43
E00536,E01450,supplier,0.36,12
E01345,E02820,supplier,0.12,35
E01312,E01333,shared_director,0.24,22
E01985,E02064,co-investor,0.78,31
E02578,E00611,supplier,0.57,10
E01181,E00468,supplier,0.81,6
E01515,E00243,shared_director,0.76,49
E01241,E02376,parent_company,0.21,25
E00057,E02143,supplier,0.49,44
E00470,E00353,co-investor,0.67,41
E01567,E01789,supplier,0.31,19
E00069,E02887,co-investor,0.5,42
E01460,E00185,supplier,0.14,20
E01376,E02261,co-investor,0.13,42
E02269,E02406,parent_company,0.22,31
E00095,E01664,supplier,0.93,25
E01271,E02487,co-investor,0.66,22
E01791,E02659,co-investor,0.77,42
E02074,E00167,parent_company,0.81,26
E00865,E02304,parent_company,0.46,32
E00574,E00675,co-investor,0.43,50
E02089,E00399,shared_director,0.13,47
E00905,E00966,co-investor,0.16,49
E01216,E02634,parent_company,0.33,42
E02606,E02510,shared_director,0.46,16
E02750,E02489,supplier,0.79,47
E00143,E01065,co-investor,0.29,46
E02248,E00075,co-investor,0.73,47
E02254,E02228,shared_director,0.55,11
E01296,E00428,co-investor,0.11,37
E01543,E00449,shared_director,0.15,38
E02057,E01835,parent_company,0.17,1
E02417,E02053,supplier,0.9,27
E02185,E02298,supplier,0.3,2
E00942,E02567,co-investor,0.44,7
E02783,E00740,supplier,0.43,7
E01561,E01034,co-investor,0.33,27
E01578,E00629,co-investor,0.5,8
E00635,E01431,parent_company,0.48,9
E01808,E01649,shared_director,0.46,50
E00663,E02393,co-investor,0.94,48
E02617,E02394,co-investor,0.54,24
E00153,E02275,supplier,0.67,42
E02071,E02527,shared_director,0.21,15
E02671,E00904,supplier,0.78,50
E02032,E00386,shared_director,0.13,18
E00707,E01568,supplier,0.34,50
E01035,E01835,supplier,0.91,22
E00152,E01086,co-investor,0.79,24
E00760,E01762,co-investor,0.36,23
E02795,E02702,parent_company,0.64,27
E02442,E01171,co-investor,0.33,43
E02758,E02349,supplier,0.85,47
E01897,E02285,supplier,0.33,33
E01987,E01756,parent_company,0.12,13
E02243,E00788,shared_director,0.32,26
E01333,E00675,co-investor,0.91,31
E02745,E01708,supplier,0.73,32
E01153,E02703,supplier,0.38,17
E01107,E00014,parent_company,0.49,8
E00780,E01444,parent_company,0.35,21
E01447,E01399,shared_director,0.18,13
E00588,E01763,parent_company,0.85,14
E02185,E01048,supplier,0.88,24
E01412,E00297,supplier,0.62,23
E01119,E00543,co-investor,0.8,31
E01390,E00028,co-investor,0.46,35
E02062,E02616,supplier,0.56,18
E02652,E02153,parent_company,0.73,29
E00641,E01929,supplier,0.24,13
E00842,E01257,supplier,0.72,12
E02690,E02533,parent_company,0.54,7
E01017,E00621,shared_director,0.52,29
E01014,E00999,parent_company,0.89,9
E01839,E01832,shared_director,0.5,28
E02517,E01376,supplier,0.62,19
E01577,E02202,shared_director,0.68,30
E01206,E02391,parent_company,0.98,19
E01100,E02487,parent_company,0.81,13
E01709,E02003,co-investor,0.67,32
E00644,E01652,shared_director,0.55,46
E02473,E00019,co-investor,0.31,42
E01732,E01799,parent_company,0.79,3
E00784,E00310,shared_director,0.21,46
E02914,E00846,supplier,0.54,39
E00061,E01399,parent_company,0.37,14
E02272,E02788,parent_company,0.27,7
E02680,E01307,supplier,0.56,7
E01631,E01650,co-investor,0.59,1
E00646,E01023,shared_director,0.22,4
E00489,E02446,parent_company,0.55,45
E02518,E02640,co-investor,0.96,5
E00452,E01449,co-investor,0.8,43
E00988,E02308,shared_director,0.59,7
E01473,E01986,parent_company,0.33,6
E01301,E02375,supplier,0.12,25
E01747,E00051,shared_director,0.86,16
E02932,E01557,co-investor,0.15,26
