source_id,target_id,relationship_type,weight,interaction_freq,src_revenue,src_debt_ratio,src_liquidity,src_legal_cases,src_credit_score,src_bankrupt,tgt_revenue,tgt_debt_ratio,tgt_liquidity,tgt_legal_cases,tgt_credit_score,tgt_bankrupt
E00838,E01235,parent_company,0.79,49,5295398,0.33,1.73,3,610,0,3583423,0.19,1.12,3,708,0
E01339,E01235,co-investor,0.27,41,4939711,0.53,1.71,0,678,0,3583423,0.19,1.12,3,708,0
E00225,E01235,shared_director,0.16,44,1636359,1.0,0.72,0,667,0,3583423,0.19,1.12,3,708,0
E00871,E01235,supplier,0.79,18,5657304,0.73,1.47,2,523,0,3583423,0.19,1.12,3,708,0
E00838,E01625,parent_company,0.6,50,5295398,0.33,1.73,3,610,0,2311771,0.99,1.32,1,542,1
E02682,E01625,parent_company,0.51,26,5549483,0.19,0.98,4,817,0,2311771,0.99,1.32,1,542,1
E00445,E01625,co-investor,0.64,23,1876386,0.61,0.55,1,633,0,2311771,0.99,1.32,1,542,1
E01341,E01625,shared_director,0.3,5,1950957,0.49,0.69,0,691,0,2311771,0.99,1.32,1,542,1
E00838,E00271,parent_company,0.93,29,5295398,0.33,1.73,3,610,0,6768201,0.32,1.53,2,756,0
E02062,E00271,parent_company,0.12,20,5983084,0.78,0.65,1,686,0,6768201,0.32,1.53,2,756,0
E01977,E00271,parent_company,0.52,11,4630830,0.79,0.95,3,835,0,6768201,0.32,1.53,2,756,0
E01573,E00271,co-investor,0.29,45,5007606,0.81,1.9,2,805,0,6768201,0.32,1.53,2,756,0
E01559,E00271,supplier,0.82,14,2403746,0.96,1.54,0,512,0,6768201,0.32,1.53,2,756,0
E00838,E00968,supplier,0.48,30,5295398,0.33,1.73,3,610,0,3215088,0.82,1.68,4,707,0
E00321,E00968,shared_director,0.5,44,4627255,0.56,1.61,1,787,0,3215088,0.82,1.68,4,707,0
E00838,E00646,shared_director,0.26,49,5295398,0.33,1.73,3,610,0,6126690,0.71,1.6,0,655,0
E01922,E00646,shared_director,0.97,10,5849932,0.28,1.48,1,646,0,6126690,0.71,1.6,0,655,0
E00371,E00646,co-investor,0.84,45,5749955,0.4,0.75,3,518,0,6126690,0.71,1.6,0,655,0
E01019,E00646,shared_director,0.18,40,3705518,0.93,1.53,5,727,0,6126690,0.71,1.6,0,655,0
E01598,E00646,co-investor,0.81,41,6144185,0.48,1.28,0,565,0,6126690,0.71,1.6,0,655,0
E00838,E00166,parent_company,0.53,25,5295398,0.33,1.73,3,610,0,3682462,0.27,1.59,2,817,0
E01190,E00166,supplier,0.32,36,194492,0.92,1.94,2,700,0,3682462,0.27,1.59,2,817,0
E02472,E00166,parent_company,0.85,21,7329229,0.37,1.75,3,800,0,3682462,0.27,1.59,2,817,0
E00381,E00166,co-investor,0.98,44,4446202,0.31,1.78,1,559,0,3682462,0.27,1.59,2,817,0
E02436,E00166,supplier,0.93,21,7287673,0.73,1.9,5,659,0,3682462,0.27,1.59,2,817,0
E00838,E01168,shared_director,0.34,14,5295398,0.33,1.73,3,610,0,5072126,0.27,1.61,3,675,0
E00838,E01080,shared_director,0.17,34,5295398,0.33,1.73,3,610,0,5447910,0.84,0.5,2,587,1
E01491,E01080,shared_director,0.43,16,4258818,0.14,1.74,3,559,0,5447910,0.84,0.5,2,587,1
E01955,E01080,shared_director,0.96,26,4735825,0.54,0.95,1,783,0,5447910,0.84,0.5,2,587,1
E00472,E01080,parent_company,0.7,28,2508467,0.53,0.89,1,645,0,5447910,0.84,0.5,2,587,1
E01830,E01080,supplier,0.44,8,4015107,0.59,0.86,2,708,0,5447910,0.84,0.5,2,587,1
E01047,E01186,co-investor,0.21,32,7376291,0.52,0.76,1,797,1,6565740,0.74,1.99,3,535,0
E00034,E01186,supplier,0.62,19,5884233,0.77,1.22,1,628,0,6565740,0.74,1.99,3,535,0
E01783,E01186,supplier,0.39,46,8027195,0.69,1.37,3,613,0,6565740,0.74,1.99,3,535,0
E02338,E01186,parent_company,0.88,50,6632013,0.94,1.83,4,564,1,6565740,0.74,1.99,3,535,0
E01047,E00368,parent_company,0.38,27,7376291,0.52,0.76,1,797,1,5982809,0.66,1.59,1,848,0
E00541,E00368,co-investor,0.74,28,7093840,0.64,0.55,2,689,0,5982809,0.66,1.59,1,848,0
E01047,E00949,shared_director,0.51,18,7376291,0.52,0.76,1,797,1,4262339,0.3,1.08,1,519,0
E02002,E00949,supplier,0.36,6,8026018,0.97,1.15,0,832,1,4262339,0.3,1.08,1,519,0
E01047,E02823,co-investor,0.26,27,7376291,0.52,0.76,1,797,1,7282928,0.99,0.53,1,668,0
E00422,E02823,co-investor,0.62,48,7634556,0.25,0.68,1,692,0,7282928,0.99,0.53,1,668,0
E00132,E02823,shared_director,0.12,13,4163713,0.95,1.29,1,523,0,7282928,0.99,0.53,1,668,0
E01047,E00729,shared_director,0.7,39,7376291,0.52,0.76,1,797,1,100000,0.53,0.77,2,516,0
E00804,E00729,co-investor,0.7,39,7597622,0.52,0.8,1,672,0,100000,0.53,0.77,2,516,0
E02372,E00729,parent_company,0.11,12,6718627,0.58,1.12,3,747,0,100000,0.53,0.77,2,516,0
E00291,E00729,supplier,0.73,6,6004833,0.36,1.88,2,522,0,100000,0.53,0.77,2,516,0
E00014,E00729,supplier,0.85,22,3894708,0.76,1.46,1,747,0,100000,0.53,0.77,2,516,0
E01764,E00720,parent_company,0.44,46,6863959,0.66,1.86,3,558,0,6059386,0.39,0.96,1,660,0
E02696,E00720,supplier,0.11,9,6405763,0.55,1.84,0,808,0,6059386,0.39,0.96,1,660,0
E01180,E00720,co-investor,0.32,36,5460019,0.68,1.53,1,793,0,6059386,0.39,0.96,1,660,0
E01764,E00434,supplier,0.19,15,6863959,0.66,1.86,3,558,0,6506651,0.52,0.58,1,503,0
E00555,E00434,supplier,0.77,30,2413709,0.58,0.82,0,696,0,6506651,0.52,0.58,1,503,0
E01696,E00434,parent_company,0.93,4,5766200,0.22,1.49,3,638,0,6506651,0.52,0.58,1,503,0
E00539,E00434,supplier,0.62,8,1630429,0.58,0.55,1,568,0,6506651,0.52,0.58,1,503,0
E01401,E00434,shared_director,0.83,5,5213574,0.27,0.99,2,781,0,6506651,0.52,0.58,1,503,0
E01764,E01200,parent_company,0.82,36,6863959,0.66,1.86,3,558,0,584498,0.72,0.92,1,786,1
E01587,E01200,supplier,0.6,50,5095922,0.42,0.58,1,537,1,584498,0.72,0.92,1,786,1
E01610,E01200,parent_company,0.49,15,4585044,0.39,0.66,2,509,0,584498,0.72,0.92,1,786,1
E00812,E01200,shared_director,0.46,25,3584294,0.49,1.44,0,512,0,584498,0.72,0.92,1,786,1
E00245,E01200,shared_director,0.85,47,3964932,0.41,1.34,0,802,0,584498,0.72,0.92,1,786,1
E01764,E02446,co-investor,0.88,3,6863959,0.66,1.86,3,558,0,7573194,0.55,0.9,1,716,0
E00382,E02446,co-investor,0.88,1,4949221,0.37,0.89,0,521,0,7573194,0.55,0.9,1,716,0
E01284,E02446,shared_director,0.65,38,4139686,0.66,1.71,1,813,0,7573194,0.55,0.9,1,716,0
E01307,E02446,parent_company,0.13,50,4813131,0.25,1.18,1,657,0,7573194,0.55,0.9,1,716,0
E00688,E02446,co-investor,0.23,32,3220507,0.45,1.11,2,568,0,7573194,0.55,0.9,1,716,0
E01740,E02446,shared_director,0.58,23,5538048,0.6,1.78,1,814,0,7573194,0.55,0.9,1,716,0
E01760,E02446,supplier,0.49,19,3263117,0.4,1.59,1,635,0,7573194,0.55,0.9,1,716,0
E02715,E02446,supplier,0.96,10,6314729,0.47,1.2,1,531,0,7573194,0.55,0.9,1,716,0
E00489,E02446,parent_company,0.55,45,5725311,0.32,0.87,2,761,1,7573194,0.55,0.9,1,716,0
E01764,E00025,co-investor,0.43,42,6863959,0.66,1.86,3,558,0,3218313,0.91,1.16,1,810,0
E00728,E00025,parent_company,0.8,25,3706940,0.37,1.69,0,753,0,3218313,0.91,1.16,1,810,0
E01837,E00025,parent_company,0.92,34,5718366,0.15,1.45,1,769,0,3218313,0.91,1.16,1,810,0
E01764,E01705,shared_director,0.19,23,6863959,0.66,1.86,3,558,0,5066655,0.86,1.62,5,541,0
E00984,E01705,co-investor,0.79,30,5193499,0.4,1.17,0,641,0,5066655,0.86,1.62,5,541,0
E00342,E01705,co-investor,0.38,47,7621087,0.59,0.65,2,623,0,5066655,0.86,1.62,5,541,0
E00943,E02050,co-investor,0.16,48,3944446,0.77,0.67,1,655,0,6402372,0.97,1.97,0,782,0
E02080,E02050,parent_company,0.42,6,3804862,0.17,0.63,1,648,0,6402372,0.97,1.97,0,782,0
E01683,E02050,shared_director,0.92,37,4496538,0.57,1.58,2,794,0,6402372,0.97,1.97,0,782,0
E00498,E02050,shared_director,0.56,31,2930090,0.98,1.91,2,842,0,6402372,0.97,1.97,0,782,0
E00943,E01556,parent_company,0.55,42,3944446,0.77,0.67,1,655,0,7825989,0.83,1.46,0,718,0
E00561,E01556,co-investor,0.85,19,501808,0.18,1.18,3,576,0,7825989,0.83,1.46,0,718,0
E01783,E01556,shared_director,0.74,35,8027195,0.69,1.37,3,613,0,7825989,0.83,1.46,0,718,0
E00415,E01556,co-investor,0.32,44,5786526,0.29,1.16,1,584,0,7825989,0.83,1.46,0,718,0
E00002,E01556,supplier,0.3,28,5164109,0.76,1.5,2,814,1,7825989,0.83,1.46,0,718,0
E00943,E00566,shared_director,0.27,14,3944446,0.77,0.67,1,655,0,4960129,0.6,0.91,2,807,0
E02749,E00566,shared_director,0.37,39,2498607,0.92,0.6,1,796,1,4960129,0.6,0.91,2,807,0
E00943,E01421,supplier,0.39,5,3944446,0.77,0.67,1,655,0,1918413,0.48,1.49,3,618,0
E00076,E01421,co-investor,0.42,20,5310073,0.22,0.69,3,577,0,1918413,0.48,1.49,3,618,0
E00943,E01251,shared_director,0.55,11,3944446,0.77,0.67,1,655,0,5763077,0.99,1.56,0,711,0
E00299,E01251,supplier,0.46,39,3620919,0.96,0.71,1,706,0,5763077,0.99,1.56,0,711,0
E00943,E02512,parent_company,0.11,40,3944446,0.77,0.67,1,655,0,3960049,0.42,1.81,0,636,0
E01295,E02512,supplier,0.45,7,8782775,0.84,1.63,1,680,0,3960049,0.42,1.81,0,636,0
E00174,E01787,supplier,0.51,5,4905470,0.19,1.5,4,827,0,2783485,0.28,1.1,1,704,0
E00481,E01787,supplier,0.53,34,6297848,0.74,1.69,0,597,1,2783485,0.28,1.1,1,704,0
E02929,E01787,parent_company,0.26,13,7409348,0.72,0.61,0,505,0,2783485,0.28,1.1,1,704,0
E00174,E00275,shared_director,0.22,19,4905470,0.19,1.5,4,827,0,6389522,0.19,1.63,1,693,0
E01310,E00275,supplier,0.45,26,6807845,0.34,1.09,3,551,0,6389522,0.19,1.63,1,693,0
E02209,E00275,co-investor,0.48,29,100000,0.77,0.8,1,594,0,6389522,0.19,1.63,1,693,0
E00098,E00275,co-investor,0.71,12,3543369,0.62,1.03,5,806,0,6389522,0.19,1.63,1,693,0
E01011,E00275,parent_company,0.67,26,4103239,0.54,0.53,0,516,0,6389522,0.19,1.63,1,693,0
E02857,E00275,parent_company,0.85,50,5253046,0.95,1.74,4,838,0,6389522,0.19,1.63,1,693,0
E02268,E00275,parent_company,0.4,32,4588462,0.35,1.14,1,764,0,6389522,0.19,1.63,1,693,0
E00174,E01047,supplier,0.83,20,4905470,0.19,1.5,4,827,0,7376291,0.52,0.76,1,797,1
E02708,E01047,shared_director,0.82,37,4519694,0.43,0.56,6,501,0,7376291,0.52,0.76,1,797,1
E02859,E01047,co-investor,0.46,30,7026911,0.14,0.66,4,755,1,7376291,0.52,0.76,1,797,1
E01283,E02359,shared_director,0.62,46,3071191,0.44,1.59,2,550,0,6560685,0.94,1.65,1,738,0
E02102,E02359,supplier,0.79,47,5282338,0.77,1.98,2,832,0,6560685,0.94,1.65,1,738,0
E01283,E02093,co-investor,0.95,25,3071191,0.44,1.59,2,550,0,8537543,0.47,1.09,3,531,0
E02083,E02093,supplier,0.87,33,2597393,0.74,0.74,0,846,0,8537543,0.47,1.09,3,531,0
E01284,E02093,supplier,0.45,10,4139686,0.66,1.71,1,813,0,8537543,0.47,1.09,3,531,0
E00370,E02093,shared_director,0.44,43,4900466,0.16,1.91,0,554,0,8537543,0.47,1.09,3,531,0
E00403,E02093,parent_company,0.83,2,4641976,0.17,0.64,0,554,0,8537543,0.47,1.09,3,531,0
E00596,E02093,parent_company,0.69,29,5444565,0.62,1.7,3,603,0,8537543,0.47,1.09,3,531,0
E01283,E00490,parent_company,0.26,24,3071191,0.44,1.59,2,550,0,7597477,0.7,1.52,1,761,0
E01285,E00490,shared_director,0.2,5,5099157,0.23,0.93,2,533,0,7597477,0.7,1.52,1,761,0
E01528,E00490,supplier,0.26,34,5384469,0.48,1.01,5,560,1,7597477,0.7,1.52,1,761,0
E01283,E01545,shared_director,0.63,31,3071191,0.44,1.59,2,550,0,3609912,0.89,1.39,3,589,0
E01862,E01545,supplier,0.72,16,6282373,0.93,1.11,0,663,0,3609912,0.89,1.39,3,589,0
E01435,E01545,supplier,0.14,8,2789293,0.71,1.73,2,553,1,3609912,0.89,1.39,3,589,0
E01283,E02762,supplier,0.83,46,3071191,0.44,1.59,2,550,0,6021725,0.39,0.76,0,720,1
E00333,E02762,co-investor,0.33,27,6464247,0.24,0.79,3,780,0,6021725,0.39,0.76,0,720,1
E01670,E02762,parent_company,0.64,19,5845310,0.32,0.93,1,747,0,6021725,0.39,0.76,0,720,1
E02037,E02762,parent_company,0.27,49,7311770,0.86,1.23,1,786,0,6021725,0.39,0.76,0,720,1
E02089,E02762,parent_company,0.12,15,6933520,0.95,0.78,1,605,0,6021725,0.39,0.76,0,720,1
E02623,E01711,co-investor,0.2,2,4628765,0.92,1.98,2,575,0,6632145,0.69,0.98,2,775,0
E02373,E01711,co-investor,0.24,22,5933432,0.37,1.9,3,782,0,6632145,0.69,0.98,2,775,0
E00184,E01711,shared_director,0.62,37,4547509,0.14,0.97,2,785,0,6632145,0.69,0.98,2,775,0
E01293,E01711,parent_company,0.62,7,1742219,0.92,1.24,1,840,1,6632145,0.69,0.98,2,775,0
E02025,E01711,shared_director,0.18,20,3024338,0.75,1.44,1,606,0,6632145,0.69,0.98,2,775,0
E00994,E01711,shared_director,0.25,42,5695812,0.3,1.36,2,787,0,6632145,0.69,0.98,2,775,0
E02623,E00875,co-investor,0.61,39,4628765,0.92,1.98,2,575,0,4499063,0.43,0.89,1,622,0
E02623,E01938,co-investor,0.76,9,4628765,0.92,1.98,2,575,0,338690,0.75,0.93,2,695,0
E00613,E01938,supplier,0.26,32,4449353,0.2,1.96,0,583,0,338690,0.75,0.93,2,695,0
E01356,E01938,supplier,0.91,38,3314514,0.39,0.96,2,724,0,338690,0.75,0.93,2,695,0
E00349,E01938,shared_director,0.7,24,6795777,0.96,0.54,2,769,1,338690,0.75,0.93,2,695,0
E02623,E00211,supplier,0.69,21,4628765,0.92,1.98,2,575,0,3698830,0.64,1.43,1,681,0
E02162,E00211,shared_director,0.69,34,4644612,0.32,1.03,1,755,0,3698830,0.64,1.43,1,681,0
E01658,E00211,co-investor,0.82,17,2947560,0.62,0.99,3,725,0,3698830,0.64,1.43,1,681,0
E02394,E00211,supplier,0.86,40,6306386,0.29,1.45,3,608,0,3698830,0.64,1.43,1,681,0
E02290,E00211,parent_company,0.7,7,3213013,0.55,0.82,0,692,0,3698830,0.64,1.43,1,681,0
E02623,E00647,supplier,0.23,33,4628765,0.92,1.98,2,575,0,2798441,0.94,1.53,1,650,0
E00696,E00647,shared_director,0.63,41,2737093,0.94,0.68,3,541,1,2798441,0.94,1.53,1,650,0
E00982,E00647,co-investor,0.89,35,5174662,0.11,1.26,0,776,0,2798441,0.94,1.53,1,650,0
E00345,E00647,shared_director,0.71,38,4770819,0.47,1.56,1,576,0,2798441,0.94,1.53,1,650,0
E01331,E00704,shared_director,0.85,24,4589425,0.76,0.99,2,628,0,7332605,0.76,1.67,0,734,1
E00901,E00704,shared_director,0.28,40,7333097,0.62,1.85,0,784,0,7332605,0.76,1.67,0,734,1
E01623,E00704,parent_company,0.65,11,3484015,0.73,1.28,4,800,1,7332605,0.76,1.67,0,734,1
E00214,E00704,co-investor,0.62,45,5566064,0.81,1.18,1,824,0,7332605,0.76,1.67,0,734,1
E02315,E00704,supplier,0.25,50,5662683,0.48,0.55,1,847,0,7332605,0.76,1.67,0,734,1
E01331,E00693,parent_company,0.6,42,4589425,0.76,0.99,2,628,0,3303802,0.95,1.29,2,827,0
E02369,E00693,supplier,0.69,19,8818837,0.92,1.36,0,802,1,3303802,0.95,1.29,2,827,0
E01058,E00693,co-investor,0.7,27,5966850,0.33,1.58,0,683,0,3303802,0.95,1.29,2,827,0
E01712,E00693,co-investor,0.87,13,4851578,0.18,1.22,2,712,0,3303802,0.95,1.29,2,827,0
E00458,E00693,co-investor,0.47,22,3628779,0.46,0.66,4,631,0,3303802,0.95,1.29,2,827,0
E02656,E00693,shared_director,0.26,25,8469663,0.5,1.48,1,572,0,3303802,0.95,1.29,2,827,0
E02241,E00693,co-investor,0.82,12,3935375,0.41,0.83,1,668,0,3303802,0.95,1.29,2,827,0
E01331,E01303,co-investor,0.69,4,4589425,0.76,0.99,2,628,0,2803709,0.82,0.93,2,740,0
E02817,E01303,shared_director,0.16,2,4531330,0.13,0.98,0,554,0,2803709,0.82,0.93,2,740,0
E00361,E01789,supplier,0.32,38,6415431,0.41,1.89,0,708,0,3342969,0.61,0.99,1,804,0
E01567,E01789,supplier,0.31,19,5660130,0.85,1.21,5,656,0,3342969,0.61,0.99,1,804,0
E02715,E01789,co-investor,0.65,30,6314729,0.47,1.2,1,531,0,3342969,0.61,0.99,1,804,0
E01878,E01789,parent_company,0.89,23,4247735,0.7,1.62,0,786,0,3342969,0.61,0.99,1,804,0
E00361,E00531,shared_director,0.67,26,6415431,0.41,1.89,0,708,0,3456743,0.75,1.75,2,528,1
E01587,E00531,shared_director,0.96,6,5095922,0.42,0.58,1,537,1,3456743,0.75,1.75,2,528,1
E01057,E00531,parent_company,0.58,23,4468906,0.22,1.9,3,724,0,3456743,0.75,1.75,2,528,1
E01458,E00531,supplier,0.4,48,4023606,0.23,1.72,0,775,0,3456743,0.75,1.75,2,528,1
E00429,E00531,parent_company,0.14,40,6237373,0.76,1.13,2,769,0,3456743,0.75,1.75,2,528,1
E00361,E00764,parent_company,0.55,30,6415431,0.41,1.89,0,708,0,4969613,0.16,1.81,0,845,0
E00988,E00764,supplier,0.2,42,3161639,0.83,0.7,2,544,1,4969613,0.16,1.81,0,845,0
E02184,E00764,supplier,0.86,4,5564374,0.67,1.55,0,803,0,4969613,0.16,1.81,0,845,0
E01267,E00764,co-investor,0.52,13,3112298,0.38,0.52,4,506,1,4969613,0.16,1.81,0,845,0
E01711,E00764,co-investor,0.28,37,6632145,0.69,0.98,2,775,0,4969613,0.16,1.81,0,845,0
E00361,E02558,parent_company,0.98,13,6415431,0.41,1.89,0,708,0,3280999,0.89,1.81,1,748,0
E02230,E02558,shared_director,0.73,42,5581705,0.84,1.92,0,511,1,3280999,0.89,1.81,1,748,0
E01505,E02558,shared_director,0.94,36,5384585,0.79,0.84,1,795,0,3280999,0.89,1.81,1,748,0
E02216,E02558,supplier,0.86,48,1071414,0.7,0.98,1,723,0,3280999,0.89,1.81,1,748,0
E00361,E00507,supplier,0.7,40,6415431,0.41,1.89,0,708,0,798162,0.64,1.01,4,773,0
E00492,E00507,shared_director,0.2,44,5759452,0.6,0.67,0,604,0,798162,0.64,1.01,4,773,0
E00607,E00507,co-investor,0.18,19,4432116,0.14,0.66,1,790,0,798162,0.64,1.01,4,773,0
E02114,E00507,shared_director,0.5,13,2446454,0.22,0.78,0,785,0,798162,0.64,1.01,4,773,0
E00361,E00137,co-investor,0.43,49,6415431,0.41,1.89,0,708,0,9011148,0.56,1.58,1,737,0
E01232,E00137,parent_company,0.4,44,3915255,0.22,0.73,1,831,0,9011148,0.56,1.58,1,737,0
E00361,E02400,shared_director,0.83,24,6415431,0.41,1.89,0,708,0,4342801,0.94,1.21,3,637,0
E00995,E02400,shared_director,0.3,28,3383160,0.7,0.88,2,773,0,4342801,0.94,1.21,3,637,0
E02356,E02400,supplier,0.72,8,8425335,0.64,1.54,0,624,0,4342801,0.94,1.21,3,637,0
E02610,E02400,supplier,0.17,13,2925468,0.96,1.84,3,847,0,4342801,0.94,1.21,3,637,0
E01641,E02147,supplier,0.46,20,5427807,0.17,1.26,2,757,0,5857581,0.5,0.58,2,764,0
E01627,E02147,supplier,0.19,40,5495023,0.7,0.97,1,840,0,5857581,0.5,0.58,2,764,0
E00070,E02147,co-investor,0.7,15,5316511,0.89,0.61,2,626,0,5857581,0.5,0.58,2,764,0
E01641,E00227,supplier,0.43,22,5427807,0.17,1.26,2,757,0,3254738,0.93,1.72,2,677,0
E01012,E00227,shared_director,0.4,13,9020018,0.38,1.46,0,804,0,3254738,0.93,1.72,2,677,0
E00898,E00227,co-investor,0.48,2,7914391,0.23,0.6,1,639,0,3254738,0.93,1.72,2,677,0
E01641,E02847,supplier,0.77,11,5427807,0.17,1.26,2,757,0,3923527,0.58,0.63,2,602,0
E02879,E02847,supplier,0.66,15,5220779,0.67,1.59,2,543,1,3923527,0.58,0.63,2,602,0
E01908,E02847,co-investor,0.52,36,6693994,0.72,1.08,0,670,0,3923527,0.58,0.63,2,602,0
E01819,E02847,parent_company,0.47,7,4780460,0.57,1.87,0,589,0,3923527,0.58,0.63,2,602,0
E02284,E02847,co-investor,0.32,1,3975708,0.76,0.78,4,678,1,3923527,0.58,0.63,2,602,0
E01641,E02671,supplier,0.86,31,5427807,0.17,1.26,2,757,0,6216815,0.73,1.58,1,780,0
E00253,E02671,shared_director,0.28,10,6591813,0.15,0.58,4,742,0,6216815,0.73,1.58,1,780,0
E01533,E02671,co-investor,0.41,4,6977338,0.34,1.78,1,690,0,6216815,0.73,1.58,1,780,0
E00493,E02671,supplier,0.81,40,4346238,0.24,1.12,0,849,0,6216815,0.73,1.58,1,780,0
E01779,E02671,co-investor,0.31,45,3985848,0.94,0.61,4,589,0,6216815,0.73,1.58,1,780,0
E02131,E02671,parent_company,0.24,17,3039477,0.59,1.26,2,501,0,6216815,0.73,1.58,1,780,0
E01641,E02537,shared_director,0.64,47,5427807,0.17,1.26,2,757,0,1029077,0.24,1.32,2,725,0
E00128,E02537,supplier,0.87,18,7692088,0.87,1.45,1,585,1,1029077,0.24,1.32,2,725,0
E00889,E02537,co-investor,0.13,30,2100286,0.55,0.95,5,729,0,1029077,0.24,1.32,2,725,0
E01391,E00908,co-investor,0.8,5,6169006,1.0,1.04,1,635,0,3624125,0.32,1.68,3,559,0
E02494,E00908,parent_company,0.15,21,2696263,0.49,0.92,1,511,1,3624125,0.32,1.68,3,559,0
E02467,E00908,parent_company,0.3,9,4402806,0.96,1.58,0,693,0,3624125,0.32,1.68,3,559,0
E00873,E00908,parent_company,0.66,22,3755243,0.99,1.74,4,670,0,3624125,0.32,1.68,3,559,0
E01391,E00616,supplier,0.66,47,6169006,1.0,1.04,1,635,0,3598336,0.79,0.56,2,754,0
E00823,E00616,shared_director,0.46,32,3833284,0.51,1.7,2,819,0,3598336,0.79,0.56,2,754,0
E02578,E00616,parent_company,0.93,29,4587370,0.43,1.21,5,565,0,3598336,0.79,0.56,2,754,0
E00224,E00616,co-investor,0.38,6,5627723,0.64,0.61,1,831,0,3598336,0.79,0.56,2,754,0
E00735,E00616,shared_director,0.16,1,3066965,0.9,0.69,0,785,1,3598336,0.79,0.56,2,754,0
E02333,E00616,supplier,0.57,50,1701933,0.83,1.36,1,749,0,3598336,0.79,0.56,2,754,0
E02091,E02594,supplier,0.58,13,8267896,0.18,1.58,1,627,0,5590854,0.69,0.77,2,746,0
E02485,E02594,parent_company,0.39,24,7616023,0.85,1.86,3,683,1,5590854,0.69,0.77,2,746,0
E02091,E01243,shared_director,0.99,10,8267896,0.18,1.58,1,627,0,6023848,0.71,1.72,2,820,0
E01488,E01243,parent_company,0.76,20,4359816,0.68,0.63,1,682,0,6023848,0.71,1.72,2,820,0
E02329,E01243,shared_director,0.12,9,2809198,0.57,0.9,2,717,0,6023848,0.71,1.72,2,820,0
E00001,E01243,shared_director,0.44,37,6931844,0.82,0.96,3,644,1,6023848,0.71,1.72,2,820,0
E02091,E02427,co-investor,0.68,28,8267896,0.18,1.58,1,627,0,4730398,0.47,1.36,2,759,0
E01840,E02427,parent_company,0.12,20,3258965,0.58,0.94,1,720,0,4730398,0.47,1.36,2,759,0
E00666,E02427,shared_director,0.63,5,3638225,0.53,1.38,3,798,0,4730398,0.47,1.36,2,759,0
E00928,E02427,shared_director,0.25,16,2269075,0.27,0.8,3,574,0,4730398,0.47,1.36,2,759,0
E00619,E02427,co-investor,0.21,21,8639146,0.88,0.65,0,657,0,4730398,0.47,1.36,2,759,0
E00456,E02427,supplier,0.26,5,6554032,0.82,1.32,0,671,1,4730398,0.47,1.36,2,759,0
E01432,E01439,parent_company,0.31,10,2419271,0.32,1.36,2,780,0,5473163,0.4,1.54,1,672,0
E01803,E01439,parent_company,0.67,10,7379822,0.89,1.61,2,815,0,5473163,0.4,1.54,1,672,0
E01688,E01439,supplier,0.7,16,6159286,0.63,0.99,1,522,0,5473163,0.4,1.54,1,672,0
E00497,E01439,parent_company,0.62,42,4738168,0.79,0.62,5,773,0,5473163,0.4,1.54,1,672,0
E01432,E02875,supplier,0.62,24,2419271,0.32,1.36,2,780,0,2772961,0.62,1.73,1,773,0
E01944,E02875,parent_company,0.28,44,4517537,0.6,1.67,1,568,0,2772961,0.62,1.73,1,773,0
E00720,E02875,parent_company,0.23,49,6059386,0.39,0.96,1,660,0,2772961,0.62,1.73,1,773,0
E01693,E02875,supplier,0.58,22,3803148,0.82,1.79,2,526,0,2772961,0.62,1.73,1,773,0
E01049,E00809,parent_company,0.64,49,6530780,0.68,1.56,4,802,0,4097180,0.11,1.32,2,505,0
E01950,E00809,shared_director,0.64,12,3421109,0.75,1.54,4,784,0,4097180,0.11,1.32,2,505,0
E01657,E00809,co-investor,0.18,35,3898557,0.95,1.63,2,664,0,4097180,0.11,1.32,2,505,0
E01125,E00809,shared_director,0.4,14,2575820,0.32,0.64,2,719,0,4097180,0.11,1.32,2,505,0
E02440,E00809,parent_company,0.83,3,7759677,0.48,1.14,3,604,0,4097180,0.11,1.32,2,505,0
E01049,E01208,co-investor,0.12,28,6530780,0.68,1.56,4,802,0,5013736,0.37,0.93,2,790,0
E00137,E01208,supplier,0.39,7,9011148,0.56,1.58,1,737,0,5013736,0.37,0.93,2,790,0
E02758,E01208,parent_company,0.77,45,2764442,0.87,1.46,2,618,1,5013736,0.37,0.93,2,790,0
E01062,E01208,parent_company,0.42,18,6521809,0.85,0.85,0,680,0,5013736,0.37,0.93,2,790,0
E00571,E01208,shared_director,0.23,36,9657238,0.4,1.18,1,713,0,5013736,0.37,0.93,2,790,0
E00265,E01208,supplier,0.51,14,6086998,0.8,1.82,1,695,1,5013736,0.37,0.93,2,790,0
E00021,E01208,parent_company,0.63,30,2883229,0.66,0.88,0,560,0,5013736,0.37,0.93,2,790,0
E01049,E02189,co-investor,0.29,37,6530780,0.68,1.56,4,802,0,2147242,0.31,1.79,3,715,0
E02092,E02189,supplier,0.3,8,8509551,0.7,1.29,0,749,1,2147242,0.31,1.79,3,715,0
E00197,E02189,supplier,0.14,20,5893279,0.98,1.54,2,661,1,2147242,0.31,1.79,3,715,0
E01927,E02189,supplier,0.93,30,2164752,0.55,0.8,0,765,0,2147242,0.31,1.79,3,715,0
E01049,E02909,parent_company,0.22,12,6530780,0.68,1.56,4,802,0,579914,0.72,1.68,2,695,1
E01312,E02909,co-investor,0.13,12,2027445,0.44,0.63,2,599,0,579914,0.72,1.68,2,695,1
E00537,E02909,parent_company,0.64,36,6128805,0.21,1.2,1,646,0,579914,0.72,1.68,2,695,1
E02685,E00309,parent_company,0.96,41,3876107,0.79,0.55,3,776,1,6506608,0.16,1.45,2,549,0
E00314,E00309,supplier,0.86,41,4197240,0.17,1.41,5,538,0,6506608,0.16,1.45,2,549,0
E00358,E00309,supplier,0.75,48,4942150,0.98,1.92,2,612,0,6506608,0.16,1.45,2,549,0
E02685,E00961,supplier,0.36,5,3876107,0.79,0.55,3,776,1,5709556,0.47,1.0,1,780,0
E01355,E00961,supplier,0.11,6,2103887,0.76,1.79,2,814,1,5709556,0.47,1.0,1,780,0
E01852,E00961,shared_director,0.3,28,8423874,0.48,0.54,2,580,0,5709556,0.47,1.0,1,780,0
E00856,E00961,parent_company,0.63,36,5060623,0.5,1.81,3,783,0,5709556,0.47,1.0,1,780,0
E02685,E00049,shared_director,0.69,49,3876107,0.79,0.55,3,776,1,6704492,0.57,1.25,1,577,0
E01355,E00049,co-investor,0.52,11,2103887,0.76,1.79,2,814,1,6704492,0.57,1.25,1,577,0
E00498,E00049,supplier,0.85,15,2930090,0.98,1.91,2,842,0,6704492,0.57,1.25,1,577,0
E02024,E01901,shared_director,0.71,37,2565759,0.86,1.17,1,664,0,6415272,0.72,0.81,2,841,0
E00440,E01901,shared_director,0.83,10,4778533,0.97,0.79,2,836,0,6415272,0.72,0.81,2,841,0
E00571,E01901,co-investor,0.79,44,9657238,0.4,1.18,1,713,0,6415272,0.72,0.81,2,841,0
E02024,E00108,co-investor,0.6,24,2565759,0.86,1.17,1,664,0,5505511,0.28,1.76,2,525,0
E01122,E00108,shared_director,0.3,45,2366502,0.48,1.08,0,591,0,5505511,0.28,1.76,2,525,0
E02024,E01410,supplier,0.66,28,2565759,0.86,1.17,1,664,0,5165025,0.22,1.25,1,567,0
E02024,E00243,co-investor,0.4,46,2565759,0.86,1.17,1,664,0,1860079,0.21,1.01,3,586,0
E01537,E00243,supplier,0.15,22,453007,0.19,0.52,1,666,0,1860079,0.21,1.01,3,586,0
E01515,E00243,shared_director,0.76,49,6557959,0.17,1.09,2,665,0,1860079,0.21,1.01,3,586,0
E00610,E00243,co-investor,0.67,42,2407248,0.61,0.91,0,720,0,1860079,0.21,1.01,3,586,0
E02024,E02567,parent_company,0.38,19,2565759,0.86,1.17,1,664,0,6522611,0.92,1.73,2,825,0
E01537,E02567,parent_company,0.61,25,453007,0.19,0.52,1,666,0,6522611,0.92,1.73,2,825,0
E02573,E02567,co-investor,0.96,45,5963567,0.64,0.83,3,795,0,6522611,0.92,1.73,2,825,0
E00942,E02567,co-investor,0.44,7,2651058,0.64,1.43,2,776,0,6522611,0.92,1.73,2,825,0
E02634,E02603,co-investor,0.88,41,8902284,0.16,0.89,2,751,0,8246526,0.63,1.51,1,810,0
E00993,E02603,shared_director,0.88,16,5159986,0.99,0.72,1,800,0,8246526,0.63,1.51,1,810,0
E00709,E02603,supplier,0.38,36,2624174,0.98,0.6,0,838,1,8246526,0.63,1.51,1,810,0
E02634,E02112,supplier,0.94,40,8902284,0.16,0.89,2,751,0,4679257,0.57,0.55,3,667,0
E01113,E02112,supplier,0.76,13,4195866,0.64,1.82,1,670,0,4679257,0.57,0.55,3,667,0
E02410,E02112,co-investor,0.49,35,2397312,0.13,1.84,3,542,0,4679257,0.57,0.55,3,667,0
E00209,E02112,shared_director,0.84,35,5825140,0.17,0.57,1,622,0,4679257,0.57,0.55,3,667,0
E02382,E02112,co-investor,0.4,13,9161531,0.87,1.98,1,750,0,4679257,0.57,0.55,3,667,0
E02634,E02412,shared_director,0.9,6,8902284,0.16,0.89,2,751,0,5923332,0.34,1.59,1,610,0
E02425,E02412,co-investor,0.35,36,8446930,0.92,1.96,2,824,0,5923332,0.34,1.59,1,610,0
E02754,E02412,supplier,0.79,29,4521246,0.7,1.52,2,786,0,5923332,0.34,1.59,1,610,0
E01674,E02412,co-investor,0.85,7,1666779,0.47,1.36,0,548,1,5923332,0.34,1.59,1,610,0
E01256,E02412,shared_director,0.19,23,3708861,0.99,0.76,3,627,0,5923332,0.34,1.59,1,610,0
E02634,E02365,parent_company,0.8,47,8902284,0.16,0.89,2,751,0,4445367,0.35,1.28,0,731,0
E01965,E02365,parent_company,0.24,45,7488996,0.47,2.0,2,656,0,4445367,0.35,1.28,0,731,0
E00459,E02365,supplier,0.61,38,5647600,0.15,1.73,1,700,0,4445367,0.35,1.28,0,731,0
E02634,E00998,parent_company,0.44,15,8902284,0.16,0.89,2,751,0,3916330,0.24,0.7,2,561,0
E01418,E00998,co-investor,0.72,22,6401472,0.47,0.53,0,615,0,3916330,0.24,0.7,2,561,0
E01532,E00998,co-investor,0.23,29,5511147,0.18,1.41,2,556,1,3916330,0.24,0.7,2,561,0
E02634,E02654,shared_director,0.56,43,8902284,0.16,0.89,2,751,0,2724625,0.78,1.38,0,655,0
E00381,E02654,shared_director,0.11,22,4446202,0.31,1.78,1,559,0,2724625,0.78,1.38,0,655,0
E01152,E02654,shared_director,0.34,26,5183729,0.64,1.02,1,614,0,2724625,0.78,1.38,0,655,0
E02693,E02654,parent_company,0.48,10,3166144,0.93,1.63,1,658,0,2724625,0.78,1.38,0,655,0
E01380,E02654,supplier,0.27,23,3936886,0.67,1.12,1,534,0,2724625,0.78,1.38,0,655,0
E00274,E02654,supplier,0.58,18,4983443,0.87,2.0,0,724,0,2724625,0.78,1.38,0,655,0
E01295,E00619,shared_director,0.16,29,8782775,0.84,1.63,1,680,0,8639146,0.88,0.65,0,657,0
E02451,E00619,co-investor,0.19,40,2600280,0.14,1.06,1,771,0,8639146,0.88,0.65,0,657,0
E01295,E01734,supplier,0.41,29,8782775,0.84,1.63,1,680,0,2997125,0.21,1.86,0,728,0
E02701,E01734,shared_director,0.69,17,6490061,0.26,1.77,4,653,0,2997125,0.21,1.86,0,728,0
E01670,E01734,co-investor,0.23,34,5845310,0.32,0.93,1,747,0,2997125,0.21,1.86,0,728,0
E02356,E01734,co-investor,0.86,17,8425335,0.64,1.54,0,624,0,2997125,0.21,1.86,0,728,0
E00782,E01734,co-investor,0.17,27,5414187,0.52,0.96,0,562,0,2997125,0.21,1.86,0,728,0
E02813,E01734,parent_company,0.14,43,2470627,0.92,0.91,1,608,0,2997125,0.21,1.86,0,728,0
E02018,E01734,parent_company,0.2,18,7883433,0.15,1.21,1,844,0,2997125,0.21,1.86,0,728,0
E01464,E01734,shared_director,0.22,6,6512106,0.38,0.91,4,797,1,2997125,0.21,1.86,0,728,0
E01295,E01415,parent_company,0.97,16,8782775,0.84,1.63,1,680,0,6745838,0.8,1.78,0,848,0
E01308,E01415,shared_director,0.22,24,5457964,0.37,1.08,0,689,0,6745838,0.8,1.78,0,848,0
E00502,E01415,co-investor,0.59,42,5018583,0.16,1.66,1,780,0,6745838,0.8,1.78,0,848,0
E01126,E01415,shared_director,0.72,16,6668465,0.6,1.47,0,598,0,6745838,0.8,1.78,0,848,0
E00184,E01415,supplier,0.51,38,4547509,0.14,0.97,2,785,0,6745838,0.8,1.78,0,848,0
E01137,E01415,co-investor,0.15,23,4624931,0.18,1.82,2,688,0,6745838,0.8,1.78,0,848,0
E01548,E01415,co-investor,0.18,47,5103252,0.63,1.14,0,762,0,6745838,0.8,1.78,0,848,0
E00056,E01415,co-investor,0.46,39,4478529,0.7,1.16,2,646,0,6745838,0.8,1.78,0,848,0
E01741,E01415,parent_company,0.35,17,5487274,0.26,0.76,1,581,1,6745838,0.8,1.78,0,848,0
E01723,E01415,co-investor,0.8,44,6267223,0.82,1.32,3,541,1,6745838,0.8,1.78,0,848,0
E01295,E02513,co-investor,0.45,46,8782775,0.84,1.63,1,680,0,4282468,0.44,1.62,2,794,0
E02289,E02513,supplier,0.48,5,5498357,0.53,1.25,1,733,0,4282468,0.44,1.62,2,794,0
E02281,E02513,shared_director,0.49,27,3698334,0.25,1.18,2,539,0,4282468,0.44,1.62,2,794,0
E00454,E02513,co-investor,0.83,45,2492383,0.66,0.58,3,747,0,4282468,0.44,1.62,2,794,0
E01295,E00187,shared_director,0.74,33,8782775,0.84,1.63,1,680,0,6633397,0.67,1.1,1,715,0
E00333,E00187,co-investor,0.69,50,6464247,0.24,0.79,3,780,0,6633397,0.67,1.1,1,715,0
E02697,E00187,supplier,0.12,10,7071449,0.64,1.58,1,565,0,6633397,0.67,1.1,1,715,0
E01700,E00187,supplier,0.9,49,5210618,0.8,1.12,1,616,0,6633397,0.67,1.1,1,715,0
E01670,E00187,shared_director,0.15,9,5845310,0.32,0.93,1,747,0,6633397,0.67,1.1,1,715,0
E01153,E00187,parent_company,0.77,37,1229599,0.35,0.59,2,574,1,6633397,0.67,1.1,1,715,0
E01153,E00187,co-investor,0.18,4,1229599,0.35,0.59,2,574,1,6633397,0.67,1.1,1,715,0
E00918,E00187,parent_company,0.36,41,3701468,0.72,1.95,3,628,0,6633397,0.67,1.1,1,715,0
E02607,E00187,co-investor,0.5,15,6835935,0.9,1.84,1,841,0,6633397,0.67,1.1,1,715,0
E01295,E01652,co-investor,0.84,23,8782775,0.84,1.63,1,680,0,4189179,0.8,1.58,4,522,0
E01499,E01652,co-investor,0.14,4,7549183,0.59,1.39,0,762,0,4189179,0.8,1.58,4,522,0
E02505,E01652,shared_director,0.58,28,2734661,0.92,0.65,0,619,0,4189179,0.8,1.58,4,522,0
E00151,E01652,shared_director,0.3,20,2131270,0.22,1.57,1,784,0,4189179,0.8,1.58,4,522,0
E01329,E01652,shared_director,0.88,30,4656274,0.5,1.78,0,779,0,4189179,0.8,1.58,4,522,0
E02440,E01652,supplier,0.79,43,7759677,0.48,1.14,3,604,0,4189179,0.8,1.58,4,522,0
E00644,E01652,shared_director,0.55,46,3931703,0.64,1.15,0,649,0,4189179,0.8,1.58,4,522,0
E02587,E01241,co-investor,0.63,23,1327856,0.76,1.0,1,601,1,8042796,0.58,0.77,0,672,0
E01556,E01241,supplier,0.73,18,7825989,0.83,1.46,0,718,0,8042796,0.58,0.77,0,672,0
E02587,E00258,co-investor,0.67,18,1327856,0.76,1.0,1,601,1,3592759,0.41,0.64,1,721,0
E01448,E00258,co-investor,0.55,2,3105015,0.47,1.89,4,732,0,3592759,0.41,0.64,1,721,0
E02587,E01440,supplier,0.41,25,1327856,0.76,1.0,1,601,1,7739417,0.32,1.13,0,765,0
E00739,E01440,shared_director,0.19,8,3872701,0.48,1.04,2,646,0,7739417,0.32,1.13,0,765,0
E01413,E01440,co-investor,0.98,36,3003940,0.66,0.57,2,681,0,7739417,0.32,1.13,0,765,0
E00242,E01440,supplier,0.18,37,8242217,0.49,1.81,3,549,0,7739417,0.32,1.13,0,765,0
E02587,E00034,parent_company,0.61,39,1327856,0.76,1.0,1,601,1,5884233,0.77,1.22,1,628,0
E01023,E00034,supplier,0.57,2,3581932,0.8,1.68,2,561,1,5884233,0.77,1.22,1,628,0
E00039,E00034,co-investor,0.84,28,5367766,0.28,1.08,2,808,0,5884233,0.77,1.22,1,628,0
E01545,E00034,supplier,0.57,27,3609912,0.89,1.39,3,589,0,5884233,0.77,1.22,1,628,0
E02079,E00304,co-investor,0.52,3,7429594,0.11,1.2,2,513,0,5006829,0.25,1.29,2,739,0
E02079,E01162,co-investor,0.89,17,7429594,0.11,1.2,2,513,0,5428901,0.21,1.27,1,727,0
E02358,E01162,supplier,0.15,6,1298736,0.3,1.31,2,713,0,5428901,0.21,1.27,1,727,0
E00659,E01162,shared_director,0.12,34,2654793,0.28,1.49,2,549,0,5428901,0.21,1.27,1,727,0
E02079,E01509,supplier,0.82,19,7429594,0.11,1.2,2,513,0,1512303,0.26,1.47,2,681,0
E00447,E01509,parent_company,0.6,33,4789216,0.83,1.84,1,822,0,1512303,0.26,1.47,2,681,0
E00839,E01509,shared_director,0.32,47,4032377,0.38,0.52,1,589,0,1512303,0.26,1.47,2,681,0
E02597,E01509,parent_company,0.51,9,6172665,0.18,0.51,1,833,0,1512303,0.26,1.47,2,681,0
E02371,E01509,parent_company,0.57,21,4566526,0.17,1.47,1,548,0,1512303,0.26,1.47,2,681,0
E00276,E01509,supplier,0.49,47,2878346,0.74,1.47,1,695,0,1512303,0.26,1.47,2,681,0
E00234,E01511,co-investor,0.17,6,2585208,0.92,0.56,3,706,1,1949361,0.65,1.84,1,521,0
E00497,E01511,supplier,0.78,33,4738168,0.79,0.62,5,773,0,1949361,0.65,1.84,1,521,0
E01193,E01511,supplier,0.57,43,7958157,0.78,0.74,1,669,1,1949361,0.65,1.84,1,521,0
E00546,E01511,shared_director,0.41,39,4477200,0.75,0.74,0,676,0,1949361,0.65,1.84,1,521,0
E00234,E00448,shared_director,0.96,44,2585208,0.92,0.56,3,706,1,8561658,0.41,1.3,2,615,0
E02655,E00448,parent_company,0.94,48,7425216,0.3,1.34,2,552,0,8561658,0.41,1.3,2,615,0
E00156,E00448,supplier,0.17,19,3232444,0.89,0.5,2,575,0,8561658,0.41,1.3,2,615,0
E00791,E00448,shared_director,0.74,19,5553087,0.9,0.97,1,835,0,8561658,0.41,1.3,2,615,0
E00316,E00448,parent_company,0.35,45,5095908,0.32,1.6,4,524,0,8561658,0.41,1.3,2,615,0
E00365,E00448,co-investor,0.83,18,3111262,0.94,0.83,1,654,1,8561658,0.41,1.3,2,615,0
E02422,E00448,supplier,0.91,6,4375156,0.36,1.39,2,669,0,8561658,0.41,1.3,2,615,0
E00234,E00899,shared_director,0.48,2,2585208,0.92,0.56,3,706,1,8362184,0.61,1.74,2,627,0
E02841,E00899,supplier,0.31,1,3814980,0.57,1.1,2,628,0,8362184,0.61,1.74,2,627,0
E01457,E00899,co-investor,0.26,2,6457369,0.84,0.98,0,583,1,8362184,0.61,1.74,2,627,0
E02032,E00899,supplier,0.67,45,4686515,0.16,1.49,1,697,0,8362184,0.61,1.74,2,627,0
E00234,E02642,parent_company,0.99,21,2585208,0.92,0.56,3,706,1,4440863,0.54,1.26,1,843,0
E02341,E02642,shared_director,0.35,40,6132171,0.93,1.64,2,624,0,4440863,0.54,1.26,1,843,0
E02816,E02642,parent_company,0.21,14,3820865,0.81,1.21,1,752,0,4440863,0.54,1.26,1,843,0
E00234,E01418,supplier,0.83,42,2585208,0.92,0.56,3,706,1,6401472,0.47,0.53,0,615,0
E00924,E01418,co-investor,0.86,17,3227915,0.42,1.75,2,597,0,6401472,0.47,0.53,0,615,0
E01887,E01418,parent_company,0.35,47,3611284,0.9,1.05,1,550,1,6401472,0.47,0.53,0,615,0
E01341,E01418,supplier,0.36,26,1950957,0.49,0.69,0,691,0,6401472,0.47,0.53,0,615,0
E00234,E01069,parent_company,0.56,7,2585208,0.92,0.56,3,706,1,6042590,1.0,1.97,0,502,1
E00028,E01069,shared_director,0.31,49,10287143,0.88,1.81,3,805,0,6042590,1.0,1.97,0,502,1
E00379,E01069,supplier,0.99,16,3730789,0.22,0.66,1,731,0,6042590,1.0,1.97,0,502,1
E01470,E01069,co-investor,0.71,12,3367192,0.47,0.98,2,533,0,6042590,1.0,1.97,0,502,1
E02197,E01069,supplier,0.5,45,6083684,0.17,1.61,1,693,0,6042590,1.0,1.97,0,502,1
E02520,E02434,shared_director,0.52,36,3992306,0.35,1.0,1,720,0,3739427,0.46,1.77,0,782,0
E01871,E02434,supplier,0.6,35,4041897,0.52,1.7,1,739,0,3739427,0.46,1.77,0,782,0
E01076,E02434,supplier,0.27,9,4489496,0.85,0.92,1,817,1,3739427,0.46,1.77,0,782,0
E02520,E02342,shared_director,0.91,8,3992306,0.35,1.0,1,720,0,6398027,0.91,1.98,1,811,0
E01593,E02342,co-investor,0.42,2,5325488,0.51,1.49,2,602,0,6398027,0.91,1.98,1,811,0
E02570,E02342,supplier,0.7,13,6945993,0.71,1.85,0,617,1,6398027,0.91,1.98,1,811,0
E00276,E02342,parent_company,0.35,12,2878346,0.74,1.47,1,695,0,6398027,0.91,1.98,1,811,0
E01979,E02342,supplier,0.65,43,4448595,0.84,1.11,1,757,0,6398027,0.91,1.98,1,811,0
E02520,E01876,co-investor,0.49,36,3992306,0.35,1.0,1,720,0,4966928,0.55,1.77,2,736,0
E02895,E01876,parent_company,0.5,23,1945408,0.98,0.88,1,805,0,4966928,0.55,1.77,2,736,0
E00662,E01876,co-investor,0.75,16,8893085,0.71,0.58,2,678,0,4966928,0.55,1.77,2,736,0
E02175,E01876,supplier,0.31,23,7738509,0.77,1.66,3,706,0,4966928,0.55,1.77,2,736,0
E00257,E01876,co-investor,0.87,24,3589578,0.82,1.22,2,583,0,4966928,0.55,1.77,2,736,0
E02520,E01792,shared_director,0.87,48,3992306,0.35,1.0,1,720,0,4743916,0.29,1.77,2,515,0
E01013,E01792,shared_director,0.47,37,8539724,0.26,1.12,1,690,0,4743916,0.29,1.77,2,515,0
E01042,E01792,shared_director,0.49,10,3863715,0.25,0.94,2,605,0,4743916,0.29,1.77,2,515,0
E00649,E01792,parent_company,0.19,9,3826871,0.21,0.87,3,759,0,4743916,0.29,1.77,2,515,0
E02201,E01792,co-investor,0.16,42,4171757,0.82,1.81,3,634,0,4743916,0.29,1.77,2,515,0
E00169,E01843,parent_company,0.39,31,4295654,0.64,1.99,2,519,0,8229953,0.77,0.93,4,518,0
E00086,E01843,co-investor,0.28,2,4490357,0.98,0.53,2,678,0,8229953,0.77,0.93,4,518,0
E01601,E01843,parent_company,0.77,9,3077023,0.61,0.67,0,699,0,8229953,0.77,0.93,4,518,0
E02687,E01843,shared_director,0.25,50,3364569,0.55,1.24,3,693,0,8229953,0.77,0.93,4,518,0
E00388,E01843,shared_director,0.38,5,2812742,0.28,0.84,2,564,1,8229953,0.77,0.93,4,518,0
E01292,E01843,co-investor,0.48,26,2633187,0.12,1.83,2,618,0,8229953,0.77,0.93,4,518,0
E00603,E01843,parent_company,0.68,20,5943922,0.49,1.71,1,783,0,8229953,0.77,0.93,4,518,0
E00169,E01297,parent_company,0.5,24,4295654,0.64,1.99,2,519,0,4908059,0.29,1.08,2,689,0
E01480,E01297,parent_company,0.45,37,4750048,0.82,1.46,0,651,1,4908059,0.29,1.08,2,689,0
E02046,E01297,supplier,0.81,44,7210121,0.51,1.83,1,802,0,4908059,0.29,1.08,2,689,0
E00169,E02716,parent_company,0.79,47,4295654,0.64,1.99,2,519,0,2459182,0.44,1.89,0,657,0
E02331,E02716,shared_director,0.82,47,4889603,0.97,1.99,3,510,1,2459182,0.44,1.89,0,657,0
E00169,E00387,supplier,0.8,43,4295654,0.64,1.99,2,519,0,7047043,0.84,1.15,0,557,1
E02773,E00387,co-investor,0.12,44,5161583,0.17,0.85,1,756,0,7047043,0.84,1.15,0,557,1
E01294,E00387,parent_company,0.93,31,7544974,0.34,0.97,0,577,0,7047043,0.84,1.15,0,557,1
E02476,E00387,shared_director,0.96,16,4053469,0.69,0.72,0,786,0,7047043,0.84,1.15,0,557,1
E00013,E00387,parent_company,0.55,45,4145184,0.36,0.69,1,591,0,7047043,0.84,1.15,0,557,1
E00169,E02087,shared_director,0.83,17,4295654,0.64,1.99,2,519,0,7142822,0.61,1.55,2,669,0
E01602,E02087,parent_company,0.52,17,6661704,0.28,2.0,0,834,0,7142822,0.61,1.55,2,669,0
E00169,E00999,supplier,0.94,8,4295654,0.64,1.99,2,519,0,6265923,0.78,0.96,1,553,1
E01014,E00999,parent_company,0.89,9,2931254,0.55,0.91,4,711,0,6265923,0.78,0.96,1,553,1
E00633,E00999,supplier,0.59,18,7918987,0.65,1.33,2,712,0,6265923,0.78,0.96,1,553,1
E01742,E00999,shared_director,1.0,42,7773516,0.44,0.91,2,741,0,6265923,0.78,0.96,1,553,1
E02054,E00618,supplier,0.51,22,6074356,0.6,0.67,2,657,0,3879103,0.97,1.18,3,709,0
E01934,E00618,parent_company,0.12,42,5890071,0.95,1.28,0,790,0,3879103,0.97,1.18,3,709,0
E00222,E00618,parent_company,0.99,22,100000,0.56,0.98,3,505,0,3879103,0.97,1.18,3,709,0
E00811,E00618,shared_director,0.38,16,5565087,0.9,1.69,0,694,0,3879103,0.97,1.18,3,709,0
E00665,E00618,supplier,0.82,13,5192867,0.78,1.16,1,703,0,3879103,0.97,1.18,3,709,0
E00693,E00618,shared_director,0.3,40,3303802,0.95,1.29,2,827,0,3879103,0.97,1.18,3,709,0
E02054,E02229,supplier,0.57,37,6074356,0.6,0.67,2,657,0,2416948,0.17,1.34,1,516,0
E00964,E02229,shared_director,0.5,31,3853124,0.43,1.41,2,636,0,2416948,0.17,1.34,1,516,0
E02424,E02229,parent_company,0.72,20,5106614,0.44,1.47,3,720,0,2416948,0.17,1.34,1,516,0
E02054,E02547,supplier,0.38,31,6074356,0.6,0.67,2,657,0,5504334,0.7,0.59,1,742,0
E02191,E02547,shared_director,0.68,27,3306707,0.38,1.91,0,703,0,5504334,0.7,0.59,1,742,0
E02374,E02547,parent_company,0.3,19,6012733,0.45,1.68,0,786,0,5504334,0.7,0.59,1,742,0
E01384,E02547,supplier,0.69,28,6713234,0.88,0.8,1,718,0,5504334,0.7,0.59,1,742,0
E02054,E00580,co-investor,0.24,2,6074356,0.6,0.67,2,657,0,3099303,0.54,1.63,1,724,0
E02719,E00580,co-investor,0.38,42,3324581,0.25,1.67,0,833,0,3099303,0.54,1.63,1,724,0
E02241,E00580,co-investor,0.96,13,3935375,0.41,0.83,1,668,0,3099303,0.54,1.63,1,724,0
E02054,E01199,parent_company,0.39,45,6074356,0.6,0.67,2,657,0,4120822,0.24,1.41,2,762,0
E02259,E01199,parent_company,0.57,18,3570905,0.6,1.18,4,783,0,4120822,0.24,1.41,2,762,0
E02054,E02326,supplier,0.85,38,6074356,0.6,0.67,2,657,0,2497243,0.87,1.24,3,597,0
E01908,E02326,parent_company,0.18,45,6693994,0.72,1.08,0,670,0,2497243,0.87,1.24,3,597,0
E01012,E02326,co-investor,0.76,3,9020018,0.38,1.46,0,804,0,2497243,0.87,1.24,3,597,0
E00649,E02326,co-investor,0.53,29,3826871,0.21,0.87,3,759,0,2497243,0.87,1.24,3,597,0
E01001,E02326,co-investor,0.72,29,7035002,0.35,1.98,1,741,0,2497243,0.87,1.24,3,597,0
E02415,E02326,shared_director,0.52,15,5821524,0.82,1.99,1,676,0,2497243,0.87,1.24,3,597,0
E01575,E02326,parent_company,0.84,9,3940124,0.4,1.29,1,729,0,2497243,0.87,1.24,3,597,0
E02911,E02326,supplier,0.52,39,5314516,0.46,1.13,1,819,0,2497243,0.87,1.24,3,597,0
E02054,E01679,supplier,0.68,30,6074356,0.6,0.67,2,657,0,2940130,0.66,0.94,2,695,1
E02522,E01679,co-investor,0.15,31,4851262,0.55,1.27,3,621,0,2940130,0.66,0.94,2,695,1
E01550,E01679,supplier,0.41,16,3699966,0.48,0.99,0,737,0,2940130,0.66,0.94,2,695,1
E02926,E00346,parent_company,0.14,46,2283576,0.18,0.66,2,714,0,6266535,0.14,0.87,2,796,0
E00637,E00346,shared_director,0.38,16,5829083,0.87,0.75,1,576,0,6266535,0.14,0.87,2,796,0
E02926,E00439,co-investor,0.6,5,2283576,0.18,0.66,2,714,0,7182092,0.41,1.96,2,672,0
E02662,E00439,co-investor,0.63,19,5574266,0.34,1.64,0,783,0,7182092,0.41,1.96,2,672,0
E01677,E00439,co-investor,0.65,13,3536973,0.23,1.57,1,605,0,7182092,0.41,1.96,2,672,0
E00503,E00439,parent_company,0.35,12,5278685,0.91,0.75,0,506,1,7182092,0.41,1.96,2,672,0
E01451,E00439,shared_director,0.62,43,6910192,0.89,1.0,0,560,1,7182092,0.41,1.96,2,672,0
E00973,E00439,parent_company,0.33,31,4392338,0.56,1.94,1,702,0,7182092,0.41,1.96,2,672,0
E02926,E01840,parent_company,0.75,49,2283576,0.18,0.66,2,714,0,3258965,0.58,0.94,1,720,0
E00303,E01840,shared_director,0.62,35,4548572,0.39,1.31,1,602,0,3258965,0.58,0.94,1,720,0
E02926,E00041,supplier,0.28,17,2283576,0.18,0.66,2,714,0,4819544,0.38,1.48,2,575,0
E01487,E00041,supplier,0.42,36,7470243,0.62,0.82,2,731,0,4819544,0.38,1.48,2,575,0
E00421,E00041,supplier,1.0,23,4604093,0.28,1.24,4,590,0,4819544,0.38,1.48,2,575,0
E02480,E00041,co-investor,0.76,17,1470808,0.15,1.77,2,823,0,4819544,0.38,1.48,2,575,0
E01649,E00041,supplier,0.1,5,6558547,0.43,1.61,2,512,0,4819544,0.38,1.48,2,575,0
E02402,E00041,supplier,0.54,14,3962784,0.54,1.66,2,570,0,4819544,0.38,1.48,2,575,0
E01794,E01800,parent_company,0.43,19,2428090,0.88,0.64,2,607,0,3374544,0.96,1.1,2,775,0
E00240,E01800,shared_director,0.92,17,3672206,0.75,1.46,2,786,0,3374544,0.96,1.1,2,775,0
E01794,E00453,parent_company,0.89,37,2428090,0.88,0.64,2,607,0,6065719,0.95,0.57,0,584,1
E01587,E01675,co-investor,0.71,4,5095922,0.42,0.58,1,537,1,6380473,0.99,1.69,2,622,0
E01190,E01675,parent_company,0.87,48,194492,0.92,1.94,2,700,0,6380473,0.99,1.69,2,622,0
E00187,E01675,shared_director,0.5,5,6633397,0.67,1.1,1,715,0,6380473,0.99,1.69,2,622,0
E01811,E01675,shared_director,0.56,18,8328634,0.8,0.65,2,527,1,6380473,0.99,1.69,2,622,0
E00775,E01675,co-investor,0.22,36,7336435,0.52,1.11,1,616,0,6380473,0.99,1.69,2,622,0
E02678,E01675,shared_director,0.14,34,3809793,0.53,1.55,1,620,0,6380473,0.99,1.69,2,622,0
E02258,E01675,supplier,0.67,41,2632229,0.36,1.33,0,667,0,6380473,0.99,1.69,2,622,0
E01654,E01675,shared_director,0.13,21,100000,0.56,1.01,2,741,0,6380473,0.99,1.69,2,622,0
E01587,E01181,parent_company,0.63,33,5095922,0.42,0.58,1,537,1,9210404,0.38,0.87,3,642,0
E02602,E01181,supplier,0.73,21,8376884,0.42,1.48,3,818,0,9210404,0.38,0.87,3,642,0
E02585,E02652,co-investor,0.16,7,2371708,0.67,1.59,0,644,0,5505179,0.94,0.59,5,792,0
E01126,E02652,co-investor,0.14,16,6668465,0.6,1.47,0,598,0,5505179,0.94,0.59,5,792,0
E00661,E02652,shared_director,0.12,3,6389995,0.78,1.59,1,645,0,5505179,0.94,0.59,5,792,0
E02579,E02652,supplier,0.36,28,6210447,0.49,1.8,4,579,0,5505179,0.94,0.59,5,792,0
E02357,E02652,parent_company,0.78,38,4874670,0.16,1.91,2,759,0,5505179,0.94,0.59,5,792,0
E02585,E02605,shared_director,0.57,41,2371708,0.67,1.59,0,644,0,1559108,0.14,1.98,3,513,0
E00344,E02605,parent_company,0.8,10,2706082,0.44,1.26,3,669,0,1559108,0.14,1.98,3,513,0
E00775,E02605,co-investor,0.82,43,7336435,0.52,1.11,1,616,0,1559108,0.14,1.98,3,513,0
E01823,E02605,co-investor,0.31,18,3271217,0.94,0.96,0,816,0,1559108,0.14,1.98,3,513,0
E02585,E02895,supplier,0.73,42,2371708,0.67,1.59,0,644,0,1945408,0.98,0.88,1,805,0
E02585,E00610,co-investor,0.1,28,2371708,0.67,1.59,0,644,0,2407248,0.61,0.91,0,720,0
E02148,E00610,parent_company,0.27,34,4317784,0.78,1.07,0,631,0,2407248,0.61,0.91,0,720,0
E02039,E00610,supplier,0.94,43,7216675,0.91,1.93,0,505,1,2407248,0.61,0.91,0,720,0
E02015,E00610,co-investor,0.31,36,5712005,0.92,0.66,2,828,0,2407248,0.61,0.91,0,720,0
E02585,E01318,co-investor,0.5,24,2371708,0.67,1.59,0,644,0,5500904,0.25,1.27,3,580,0
E02058,E01318,shared_director,0.34,2,7869469,0.4,1.85,1,526,0,5500904,0.25,1.27,3,580,0
E00551,E01318,parent_company,0.82,38,3229673,0.7,1.64,0,840,0,5500904,0.25,1.27,3,580,0
E02688,E01318,shared_director,0.51,48,1734794,0.31,0.64,0,680,0,5500904,0.25,1.27,3,580,0
E02706,E01318,parent_company,0.36,18,5699539,0.94,1.44,2,658,0,5500904,0.25,1.27,3,580,0
E02555,E01318,supplier,0.58,30,8396185,0.12,1.4,3,525,0,5500904,0.25,1.27,3,580,0
E02585,E01010,shared_director,0.43,11,2371708,0.67,1.59,0,644,0,4884032,0.31,1.18,3,618,0
E01210,E01010,supplier,0.17,10,3844939,0.61,1.7,0,520,0,4884032,0.31,1.18,3,618,0
E01758,E01010,supplier,0.47,7,1969809,0.52,1.55,4,579,0,4884032,0.31,1.18,3,618,0
E02286,E02779,shared_director,0.36,47,4562691,0.99,0.89,1,682,0,5369735,0.97,0.81,2,537,1
E01382,E02779,shared_director,0.39,44,3632080,0.47,0.56,1,791,0,5369735,0.97,0.81,2,537,1
E00418,E02779,parent_company,0.44,28,7178019,0.9,1.73,1,712,0,5369735,0.97,0.81,2,537,1
E01154,E02779,co-investor,0.96,30,4407465,0.12,0.9,2,597,1,5369735,0.97,0.81,2,537,1
E02286,E00289,parent_company,0.92,27,4562691,0.99,0.89,1,682,0,5811235,0.27,1.93,0,503,1
E01579,E00289,shared_director,0.96,46,9375299,0.37,1.01,4,550,1,5811235,0.27,1.93,0,503,1
E00914,E00289,supplier,0.2,32,6655700,0.97,1.73,1,835,1,5811235,0.27,1.93,0,503,1
E02555,E00289,parent_company,0.36,39,8396185,0.12,1.4,3,525,0,5811235,0.27,1.93,0,503,1
E02286,E00820,shared_director,0.78,37,4562691,0.99,0.89,1,682,0,3148758,0.93,0.82,1,530,0
E01284,E00820,shared_director,0.46,40,4139686,0.66,1.71,1,813,0,3148758,0.93,0.82,1,530,0
E02774,E00820,supplier,0.44,45,3637889,0.27,1.28,1,562,0,3148758,0.93,0.82,1,530,0
E02690,E02469,parent_company,0.4,38,7283706,0.8,0.65,3,702,0,5303755,0.46,0.65,3,638,0
E02736,E02469,supplier,0.67,22,7020827,0.95,1.21,3,554,0,5303755,0.46,0.65,3,638,0
E02690,E01025,parent_company,0.52,24,7283706,0.8,0.65,3,702,0,7323867,0.79,0.67,3,567,0
E00567,E01025,supplier,0.68,24,2686511,0.41,0.97,1,795,0,7323867,0.79,0.67,3,567,0
E00791,E01025,parent_company,0.28,46,5553087,0.9,0.97,1,835,0,7323867,0.79,0.67,3,567,0
E02690,E01877,supplier,0.4,3,7283706,0.8,0.65,3,702,0,5504120,0.85,1.26,1,795,0
E02652,E01877,supplier,0.11,9,5505179,0.94,0.59,5,792,0,5504120,0.85,1.26,1,795,0
E01330,E01877,co-investor,0.79,11,2783670,0.74,0.85,2,799,0,5504120,0.85,1.26,1,795,0
E01918,E01877,supplier,0.99,6,6487631,0.14,0.59,4,725,0,5504120,0.85,1.26,1,795,0
E00004,E01877,shared_director,0.95,21,5807641,0.54,0.93,2,722,0,5504120,0.85,1.26,1,795,0
E02690,E00796,shared_director,0.69,21,7283706,0.8,0.65,3,702,0,5125370,0.19,0.65,1,800,0
E01455,E00796,co-investor,0.63,46,4454049,0.11,1.16,0,656,0,5125370,0.19,0.65,1,800,0
E01137,E00796,supplier,0.4,44,4624931,0.18,1.82,2,688,0,5125370,0.19,0.65,1,800,0
E01288,E00796,co-investor,0.97,29,7426632,0.69,1.83,1,792,0,5125370,0.19,0.65,1,800,0
E01201,E00796,parent_company,0.29,26,4559610,0.63,1.79,1,820,0,5125370,0.19,0.65,1,800,0
E01763,E00796,parent_company,0.16,19,3592690,0.59,1.72,2,835,0,5125370,0.19,0.65,1,800,0
E02690,E01715,co-investor,0.24,40,7283706,0.8,0.65,3,702,0,4154732,0.4,0.8,1,557,1
E02161,E01715,parent_company,0.84,39,3667431,0.26,1.11,0,548,0,4154732,0.4,0.8,1,557,1
E02141,E01715,shared_director,0.62,16,3385129,0.57,1.84,1,700,0,4154732,0.4,0.8,1,557,1
E00381,E01715,shared_director,0.56,5,4446202,0.31,1.78,1,559,0,4154732,0.4,0.8,1,557,1
E02813,E01715,supplier,0.67,41,2470627,0.92,0.91,1,608,0,4154732,0.4,0.8,1,557,1
E02690,E02533,parent_company,0.54,7,7283706,0.8,0.65,3,702,0,3818365,0.54,0.85,0,518,0
E00465,E02533,parent_company,0.99,19,531147,0.67,1.26,4,806,0,3818365,0.54,0.85,0,518,0
E02181,E02533,shared_director,0.24,36,1163800,0.16,1.24,1,541,0,3818365,0.54,0.85,0,518,0
E00895,E02533,shared_director,1.0,49,6178113,0.97,1.54,3,539,0,3818365,0.54,0.85,0,518,0
E00378,E02533,supplier,0.9,49,6129402,0.44,0.67,1,751,0,3818365,0.54,0.85,0,518,0
E02719,E02178,co-investor,0.55,7,3324581,0.25,1.67,0,833,0,5664130,0.41,1.48,0,820,0
E02721,E02178,parent_company,0.73,49,6672657,0.56,1.28,0,516,0,5664130,0.41,1.48,0,820,0
E01737,E02178,shared_director,0.88,6,8638446,0.45,1.05,3,504,0,5664130,0.41,1.48,0,820,0
E02861,E02713,shared_director,0.22,46,6093922,0.59,0.65,2,630,0,7360981,0.27,1.33,2,626,0
E01332,E02713,shared_director,0.57,21,9668327,0.26,0.81,3,679,0,7360981,0.27,1.33,2,626,0
E00893,E02713,parent_company,0.61,19,3365629,0.56,1.24,1,772,0,7360981,0.27,1.33,2,626,0
E02886,E02713,shared_director,0.63,22,7080377,0.63,1.93,2,820,0,7360981,0.27,1.33,2,626,0
E02728,E02713,parent_company,0.54,18,9328014,0.95,1.69,1,786,0,7360981,0.27,1.33,2,626,0
E00942,E02713,shared_director,0.98,39,2651058,0.64,1.43,2,776,0,7360981,0.27,1.33,2,626,0
E02861,E00816,supplier,0.76,2,6093922,0.59,0.65,2,630,0,7622317,0.9,0.54,0,704,0
E00591,E00816,shared_director,0.55,3,4731463,0.32,1.43,1,815,0,7622317,0.9,0.54,0,704,0
E02887,E00816,co-investor,0.43,30,2191997,0.18,0.58,0,630,0,7622317,0.9,0.54,0,704,0
E01511,E00816,supplier,0.13,13,1949361,0.65,1.84,1,521,0,7622317,0.9,0.54,0,704,0
E00950,E00816,co-investor,0.59,49,5803542,0.22,0.76,4,615,0,7622317,0.9,0.54,0,704,0
E02861,E01911,shared_director,0.23,40,6093922,0.59,0.65,2,630,0,4221196,0.89,1.96,2,841,0
E00944,E01911,parent_company,0.32,48,6542877,0.29,0.73,6,522,0,4221196,0.89,1.96,2,841,0
E01066,E01911,supplier,0.87,37,5407344,0.35,1.2,1,538,0,4221196,0.89,1.96,2,841,0
E00519,E01911,supplier,0.67,22,4938224,0.74,0.71,2,731,0,4221196,0.89,1.96,2,841,0
E02861,E02625,supplier,0.35,2,6093922,0.59,0.65,2,630,0,5151754,0.16,1.19,0,599,0
E01567,E02625,shared_director,0.72,6,5660130,0.85,1.21,5,656,0,5151754,0.16,1.19,0,599,0
E02706,E02625,shared_director,0.8,5,5699539,0.94,1.44,2,658,0,5151754,0.16,1.19,0,599,0
E00855,E02625,supplier,0.35,44,5652549,0.33,1.96,1,648,0,5151754,0.16,1.19,0,599,0
E00077,E02625,co-investor,0.21,31,10139853,0.87,0.69,1,701,0,5151754,0.16,1.19,0,599,0
E00348,E01269,shared_director,0.68,22,8320273,0.96,1.0,2,562,0,4468460,0.94,1.41,2,590,0
E00828,E01269,supplier,0.68,37,6186858,0.35,1.12,0,621,0,4468460,0.94,1.41,2,590,0
E02187,E01269,co-investor,0.53,15,2668656,0.57,0.66,0,634,1,4468460,0.94,1.41,2,590,0
E00873,E01269,co-investor,0.89,11,3755243,0.99,1.74,4,670,0,4468460,0.94,1.41,2,590,0
E00717,E01269,parent_company,0.21,36,9929755,0.26,1.06,3,680,0,4468460,0.94,1.41,2,590,0
E01607,E01269,co-investor,0.2,1,4987296,0.89,1.75,1,788,0,4468460,0.94,1.41,2,590,0
E01898,E01269,shared_director,0.52,32,7011070,0.18,0.77,1,577,0,4468460,0.94,1.41,2,590,0
E00348,E02753,parent_company,0.38,16,8320273,0.96,1.0,2,562,0,3144431,0.14,1.59,2,559,0
E00991,E02753,parent_company,0.57,44,2333685,0.75,1.36,1,639,0,3144431,0.14,1.59,2,559,0
E00403,E02753,parent_company,0.79,34,4641976,0.17,0.64,0,554,0,3144431,0.14,1.59,2,559,0
E00634,E02753,supplier,0.83,46,1629378,0.59,1.45,0,520,1,3144431,0.14,1.59,2,559,0
E00348,E02379,supplier,0.55,41,8320273,0.96,1.0,2,562,0,5297820,0.17,1.68,2,627,0
E02425,E02379,parent_company,0.25,40,8446930,0.92,1.96,2,824,0,5297820,0.17,1.68,2,627,0
E01299,E02379,shared_director,0.5,31,5010985,0.7,1.59,1,602,0,5297820,0.17,1.68,2,627,0
E02412,E02379,co-investor,0.63,26,5923332,0.34,1.59,1,610,0,5297820,0.17,1.68,2,627,0
E02661,E02379,parent_company,0.15,12,3479621,0.9,1.13,3,659,0,5297820,0.17,1.68,2,627,0
E01134,E02379,shared_director,0.25,28,7201195,0.49,0.76,0,831,1,5297820,0.17,1.68,2,627,0
E00348,E02729,co-investor,0.88,8,8320273,0.96,1.0,2,562,0,6197478,0.32,1.13,2,767,0
E00814,E02729,co-investor,0.56,19,6759185,0.53,1.57,1,512,0,6197478,0.32,1.13,2,767,0
E00113,E02729,supplier,0.9,7,1660441,0.91,1.09,0,704,0,6197478,0.32,1.13,2,767,0
E00348,E01847,shared_director,0.91,26,8320273,0.96,1.0,2,562,0,2199160,0.36,1.07,3,780,0
E01307,E01847,co-investor,0.77,31,4813131,0.25,1.18,1,657,0,2199160,0.36,1.07,3,780,0
E01146,E01847,parent_company,0.61,37,3946489,0.12,0.93,1,568,0,2199160,0.36,1.07,3,780,0
E02717,E01847,shared_director,0.55,45,8941728,0.82,1.1,2,514,1,2199160,0.36,1.07,3,780,0
E00348,E01140,co-investor,0.22,26,8320273,0.96,1.0,2,562,0,5843368,0.27,1.88,1,688,0
E01237,E01140,shared_director,0.86,25,3335412,0.93,1.25,2,585,0,5843368,0.27,1.88,1,688,0
E01545,E01140,parent_company,0.84,32,3609912,0.89,1.39,3,589,0,5843368,0.27,1.88,1,688,0
E01204,E01140,shared_director,0.46,1,2519879,0.5,1.51,1,745,0,5843368,0.27,1.88,1,688,0
E02232,E01140,parent_company,0.62,48,3569903,0.64,1.46,1,566,0,5843368,0.27,1.88,1,688,0
E00077,E01140,co-investor,0.78,2,10139853,0.87,0.69,1,701,0,5843368,0.27,1.88,1,688,0
E00524,E02745,supplier,0.68,28,5134997,0.14,1.93,1,673,0,4823911,0.88,0.71,1,561,1
E00524,E02350,parent_company,0.22,33,5134997,0.14,1.93,1,673,0,6847940,0.21,1.31,1,661,0
E00654,E02350,parent_company,0.98,14,6402746,0.68,0.97,2,661,0,6847940,0.21,1.31,1,661,0
E00524,E02697,parent_company,0.95,5,5134997,0.14,1.93,1,673,0,7071449,0.64,1.58,1,565,0
E00110,E02697,co-investor,0.28,39,2985821,0.92,1.68,3,835,0,7071449,0.64,1.58,1,565,0
E02463,E02697,co-investor,0.32,50,8979710,0.42,0.94,2,531,1,7071449,0.64,1.58,1,565,0
E01141,E02697,co-investor,0.93,5,4129555,0.27,1.85,0,693,0,7071449,0.64,1.58,1,565,0
E02118,E02697,parent_company,0.53,30,6735264,0.88,1.0,2,708,0,7071449,0.64,1.58,1,565,0
E02083,E01483,supplier,0.43,12,2597393,0.74,0.74,0,846,0,2117035,0.96,1.98,0,587,1
E02103,E01483,shared_director,0.91,38,7236915,0.35,1.92,3,813,0,2117035,0.96,1.98,0,587,1
E02083,E00726,parent_company,0.76,9,2597393,0.74,0.74,0,846,0,5107976,0.31,0.65,2,649,0
E01209,E00726,supplier,0.44,17,7168959,0.42,1.71,4,770,0,5107976,0.31,0.65,2,649,0
E00817,E00726,co-investor,0.33,29,2494821,0.9,1.12,2,752,1,5107976,0.31,0.65,2,649,0
E02205,E00726,shared_director,0.14,6,2631279,0.42,1.54,2,599,0,5107976,0.31,0.65,2,649,0
E01649,E00726,shared_director,0.51,16,6558547,0.43,1.61,2,512,0,5107976,0.31,0.65,2,649,0
E02083,E02486,supplier,0.32,36,2597393,0.74,0.74,0,846,0,2642366,0.79,0.65,3,806,1
E01745,E02486,supplier,0.97,7,2765717,0.69,1.78,0,820,0,2642366,0.79,0.65,3,806,1
E00276,E02486,shared_director,0.97,3,2878346,0.74,1.47,1,695,0,2642366,0.79,0.65,3,806,1
E02083,E02261,shared_director,0.78,3,2597393,0.74,0.74,0,846,0,6658259,0.18,0.95,3,811,0
E00874,E02261,supplier,0.33,47,5956179,0.65,1.68,0,647,0,6658259,0.18,0.95,3,811,0
E01376,E02261,co-investor,0.13,42,7202311,0.83,1.22,7,782,0,6658259,0.18,0.95,3,811,0
E00699,E02261,parent_company,0.69,37,5502611,0.73,0.5,0,834,0,6658259,0.18,0.95,3,811,0
E02025,E02261,parent_company,0.26,19,3024338,0.75,1.44,1,606,0,6658259,0.18,0.95,3,811,0
E02083,E02176,co-investor,0.95,10,2597393,0.74,0.74,0,846,0,2722865,0.24,0.76,0,810,0
E02353,E02176,co-investor,0.95,25,3327786,0.27,1.42,2,680,0,2722865,0.24,0.76,0,810,0
E02083,E01077,supplier,0.46,17,2597393,0.74,0.74,0,846,0,5065448,0.98,1.96,0,597,1
E01665,E01077,supplier,0.99,9,4042865,0.75,0.61,0,760,1,5065448,0.98,1.96,0,597,1
E00878,E01400,shared_director,0.27,9,3146573,0.45,0.56,3,567,0,3903120,0.54,1.48,0,702,0
E02655,E01400,shared_director,0.19,10,7425216,0.3,1.34,2,552,0,3903120,0.54,1.48,0,702,0
E01318,E01400,parent_company,0.51,39,5500904,0.25,1.27,3,580,0,3903120,0.54,1.48,0,702,0
E00878,E02430,co-investor,0.42,4,3146573,0.45,0.56,3,567,0,3185983,0.29,0.62,1,839,0
E01160,E02430,supplier,0.15,20,6798271,0.29,1.81,2,616,0,3185983,0.29,0.62,1,839,0
E00187,E02430,parent_company,0.4,8,6633397,0.67,1.1,1,715,0,3185983,0.29,0.62,1,839,0
E02432,E02430,co-investor,0.71,30,5974827,0.65,1.0,3,519,1,3185983,0.29,0.62,1,839,0
E01642,E02430,supplier,0.25,11,4621172,0.12,0.55,3,686,0,3185983,0.29,0.62,1,839,0
E01835,E02430,shared_director,0.93,6,6615061,0.47,1.26,1,826,0,3185983,0.29,0.62,1,839,0
E02078,E02430,parent_company,0.41,15,3992420,0.61,1.07,4,808,0,3185983,0.29,0.62,1,839,0
E00878,E02880,shared_director,0.9,5,3146573,0.45,0.56,3,567,0,6014841,0.19,1.86,2,794,0
E00635,E00317,co-investor,0.86,7,5628766,0.32,0.89,1,654,0,7417963,0.87,0.95,1,743,0
E00381,E00317,shared_director,0.86,14,4446202,0.31,1.78,1,559,0,7417963,0.87,0.95,1,743,0
E00322,E00317,parent_company,0.61,37,4190668,0.79,0.95,1,607,0,7417963,0.87,0.95,1,743,0
E00635,E02757,supplier,0.23,26,5628766,0.32,0.89,1,654,0,8166954,0.83,1.06,4,599,0
E01235,E02757,shared_director,0.25,29,3583423,0.19,1.12,3,708,0,8166954,0.83,1.06,4,599,0
E00697,E02757,shared_director,0.33,3,6672647,0.35,1.48,2,565,0,8166954,0.83,1.06,4,599,0
E00407,E02757,parent_company,0.41,12,6977765,0.92,1.81,2,592,0,8166954,0.83,1.06,4,599,0
E01770,E02757,co-investor,0.19,29,4693031,0.24,1.61,3,767,0,8166954,0.83,1.06,4,599,0
E00635,E00627,shared_director,0.23,31,5628766,0.32,0.89,1,654,0,4291784,0.35,1.54,1,840,0
E01614,E00627,supplier,0.61,26,2831617,0.54,0.72,1,587,0,4291784,0.35,1.54,1,840,0
E02431,E00627,supplier,0.66,35,5359662,0.61,1.34,1,825,0,4291784,0.35,1.54,1,840,0
E00635,E00180,co-investor,0.32,40,5628766,0.32,0.89,1,654,0,6858965,0.75,0.78,3,783,1
E01303,E00180,supplier,0.95,22,2803709,0.82,0.93,2,740,0,6858965,0.75,0.78,3,783,1
E02403,E00180,supplier,0.99,4,2843875,0.91,1.49,2,560,0,6858965,0.75,0.78,3,783,1
E01699,E00180,supplier,0.26,25,6136960,0.68,1.94,0,627,0,6858965,0.75,0.78,3,783,1
E00635,E01431,parent_company,0.48,9,5628766,0.32,0.89,1,654,0,9374977,0.68,0.6,0,720,0
E01636,E01431,supplier,0.23,39,2510337,0.24,1.66,1,841,0,9374977,0.68,0.6,0,720,0
E02080,E02211,supplier,0.7,50,3804862,0.17,0.63,1,648,0,4151102,0.37,0.53,1,571,0
E02836,E02211,parent_company,0.28,19,8870640,0.27,1.5,1,832,0,4151102,0.37,0.53,1,571,0
E00958,E02211,shared_director,0.79,4,4678190,0.36,0.89,0,764,0,4151102,0.37,0.53,1,571,0
E02535,E02211,co-investor,0.55,19,6271323,0.99,1.36,2,548,0,4151102,0.37,0.53,1,571,0
E02080,E00923,co-investor,0.49,20,3804862,0.17,0.63,1,648,0,4136408,0.45,1.47,1,844,0
E01607,E00923,shared_director,0.55,30,4987296,0.89,1.75,1,788,0,4136408,0.45,1.47,1,844,0
E02080,E02751,supplier,0.42,42,3804862,0.17,0.63,1,648,0,870085,0.58,1.14,0,503,0
E00391,E02751,supplier,0.2,16,4951646,0.26,1.91,0,575,0,870085,0.58,1.14,0,503,0
E02407,E02751,parent_company,0.53,22,7467634,0.48,1.99,1,511,1,870085,0.58,1.14,0,503,0
E01687,E02751,parent_company,0.64,23,6727193,0.39,1.19,2,836,0,870085,0.58,1.14,0,503,0
E02774,E02751,supplier,0.98,26,3637889,0.27,1.28,1,562,0,870085,0.58,1.14,0,503,0
E02532,E00537,shared_director,0.24,12,4461966,0.64,1.5,1,842,0,6128805,0.21,1.2,1,646,0
E01282,E00537,co-investor,0.23,4,2571081,0.13,0.6,1,596,0,6128805,0.21,1.2,1,646,0
E02532,E02154,supplier,0.6,42,4461966,0.64,1.5,1,842,0,5149552,0.91,0.91,3,608,0
E01961,E02154,shared_director,0.79,37,9057257,0.39,0.9,0,704,1,5149552,0.91,0.91,3,608,0
E01568,E02154,shared_director,0.19,25,6239852,0.46,0.94,1,664,0,5149552,0.91,0.91,3,608,0
E01012,E02154,co-investor,0.92,32,9020018,0.38,1.46,0,804,0,5149552,0.91,0.91,3,608,0
E02838,E02559,parent_company,0.75,3,6108449,0.29,1.73,2,550,0,6050380,0.57,1.34,2,761,0
E02479,E02559,co-investor,0.86,11,6345886,0.64,1.09,0,848,0,6050380,0.57,1.34,2,761,0
E02252,E02559,supplier,0.39,36,6077838,0.53,1.26,3,752,0,6050380,0.57,1.34,2,761,0
E02838,E02578,co-investor,0.88,6,6108449,0.29,1.73,2,550,0,4587370,0.43,1.21,5,565,0
E00596,E02578,shared_director,0.28,39,5444565,0.62,1.7,3,603,0,4587370,0.43,1.21,5,565,0
E02500,E02578,parent_company,0.18,24,4323012,0.32,1.17,3,569,0,4587370,0.43,1.21,5,565,0
E02838,E02679,co-investor,0.68,39,6108449,0.29,1.73,2,550,0,4434226,0.9,0.83,0,772,1
E00627,E02679,supplier,0.68,32,4291784,0.35,1.54,1,840,0,4434226,0.9,0.83,0,772,1
E01934,E02679,parent_company,0.43,15,5890071,0.95,1.28,0,790,0,4434226,0.9,0.83,0,772,1
E00909,E02679,shared_director,0.38,20,8722631,0.97,1.19,2,597,1,4434226,0.9,0.83,0,772,1
E01565,E02679,co-investor,0.88,41,4474042,0.54,0.81,0,566,1,4434226,0.9,0.83,0,772,1
E01992,E02679,shared_director,0.48,4,2058182,0.28,1.29,1,590,0,4434226,0.9,0.83,0,772,1
E01564,E02679,shared_director,0.83,15,4526462,0.52,0.88,0,746,0,4434226,0.9,0.83,0,772,1
E02549,E02679,parent_company,0.42,20,6216884,0.46,0.78,2,816,0,4434226,0.9,0.83,0,772,1
E02838,E01575,parent_company,0.83,4,6108449,0.29,1.73,2,550,0,3940124,0.4,1.29,1,729,0
E00565,E01575,supplier,0.77,20,4091511,0.35,0.84,1,635,0,3940124,0.4,1.29,1,729,0
E00616,E01575,shared_director,0.12,49,3598336,0.79,0.56,2,754,0,3940124,0.4,1.29,1,729,0
E00393,E01575,shared_director,0.7,17,4473356,0.9,1.35,2,689,0,3940124,0.4,1.29,1,729,0
E02018,E01575,parent_company,0.87,37,7883433,0.15,1.21,1,844,0,3940124,0.4,1.29,1,729,0
E02838,E02705,shared_director,0.75,50,6108449,0.29,1.73,2,550,0,7090502,0.79,0.85,2,683,1
E00152,E02705,parent_company,0.91,4,6162044,0.73,1.87,2,560,0,7090502,0.79,0.85,2,683,1
E02060,E02705,shared_director,0.7,5,4867224,0.63,0.51,2,644,0,7090502,0.79,0.85,2,683,1
E01683,E01493,parent_company,0.97,40,4496538,0.57,1.58,2,794,0,4453960,0.11,1.36,1,576,0
E01226,E01493,shared_director,0.9,35,1284015,0.18,0.84,0,580,0,4453960,0.11,1.36,1,576,0
E01683,E00508,shared_director,0.11,50,4496538,0.57,1.58,2,794,0,10875505,0.45,0.89,3,605,1
E00396,E00508,parent_company,0.63,13,4954793,0.12,1.12,3,583,0,10875505,0.45,0.89,3,605,1
E01683,E01751,shared_director,0.83,4,4496538,0.57,1.58,2,794,0,7223157,0.77,1.7,0,569,1
E02753,E01751,supplier,0.37,42,3144431,0.14,1.59,2,559,0,7223157,0.77,1.7,0,569,1
E02073,E01751,supplier,0.63,40,7322797,0.42,0.82,4,762,0,7223157,0.77,1.7,0,569,1
E00457,E01751,parent_company,0.72,6,5803251,0.86,1.83,2,640,0,7223157,0.77,1.7,0,569,1
E01683,E00874,supplier,0.57,26,4496538,0.57,1.58,2,794,0,5956179,0.65,1.68,0,647,0
E02348,E00874,shared_director,0.41,39,6187853,0.92,1.69,1,807,0,5956179,0.65,1.68,0,647,0
E00953,E00874,shared_director,0.75,1,2777173,0.28,1.14,0,838,0,5956179,0.65,1.68,0,647,0
E00950,E00874,co-investor,0.55,21,5803542,0.22,0.76,4,615,0,5956179,0.65,1.68,0,647,0
E01683,E00107,parent_company,0.98,41,4496538,0.57,1.58,2,794,0,5469304,0.34,1.25,2,640,0
E00465,E00107,parent_company,0.55,25,531147,0.67,1.26,4,806,0,5469304,0.34,1.25,2,640,0
E00051,E00107,shared_director,0.29,30,4540240,0.35,0.52,1,569,0,5469304,0.34,1.25,2,640,0
E02816,E00107,co-investor,0.17,50,3820865,0.81,1.21,1,752,0,5469304,0.34,1.25,2,640,0
E00618,E00107,parent_company,0.66,45,3879103,0.97,1.18,3,709,0,5469304,0.34,1.25,2,640,0
E01168,E01839,parent_company,0.58,20,5072126,0.27,1.61,3,675,0,3602790,0.75,0.57,1,763,0
E00163,E01839,co-investor,0.26,19,6215133,0.25,0.61,0,825,1,3602790,0.75,0.57,1,763,0
E01168,E01117,supplier,0.47,2,5072126,0.27,1.61,3,675,0,7751732,0.51,1.49,5,535,0
E00482,E01117,parent_company,0.24,8,2216007,0.33,1.09,2,710,0,7751732,0.51,1.49,5,535,0
E02635,E01117,co-investor,0.82,4,3453833,0.35,0.56,4,825,0,7751732,0.51,1.49,5,535,0
E01168,E01508,supplier,0.82,38,5072126,0.27,1.61,3,675,0,2174928,0.68,1.41,0,760,0
E01961,E01508,supplier,0.21,46,9057257,0.39,0.9,0,704,1,2174928,0.68,1.41,0,760,0
E00850,E01508,shared_director,0.62,21,4719914,0.18,1.26,0,792,0,2174928,0.68,1.41,0,760,0
E00984,E01508,co-investor,0.73,39,5193499,0.4,1.17,0,641,0,2174928,0.68,1.41,0,760,0
E01168,E00423,co-investor,0.55,13,5072126,0.27,1.61,3,675,0,5802687,0.92,0.52,1,752,0
E02142,E00423,supplier,1.0,39,4701989,0.68,1.24,1,792,0,5802687,0.92,0.52,1,752,0
E00050,E00423,shared_director,0.56,21,358525,0.29,1.5,1,762,0,5802687,0.92,0.52,1,752,0
E01123,E00423,supplier,0.33,48,6447221,0.85,0.64,0,638,0,5802687,0.92,0.52,1,752,0
E01923,E00423,parent_company,0.27,15,3440687,0.48,1.78,1,760,0,5802687,0.92,0.52,1,752,0
E01168,E00927,parent_company,0.48,36,5072126,0.27,1.61,3,675,0,5960119,0.39,1.32,0,732,0
E01020,E00927,co-investor,0.38,7,4882236,0.88,1.35,2,800,0,5960119,0.39,1.32,0,732,0
E00792,E00927,supplier,0.47,1,6598998,0.51,0.94,0,676,0,5960119,0.39,1.32,0,732,0
E01005,E00927,supplier,0.49,18,5758964,0.9,1.38,2,570,0,5960119,0.39,1.32,0,732,0
E00521,E00927,supplier,0.52,10,6925931,0.67,1.59,2,793,0,5960119,0.39,1.32,0,732,0
E01168,E00267,co-investor,0.37,27,5072126,0.27,1.61,3,675,0,3298887,0.99,1.39,0,646,0
E00568,E00267,shared_director,0.65,17,1934408,0.94,0.68,1,535,0,3298887,0.99,1.39,0,646,0
E00883,E00267,shared_director,0.71,2,6439674,0.81,1.26,1,644,1,3298887,0.99,1.39,0,646,0
E01530,E00267,parent_company,0.61,16,3515540,0.87,1.47,0,781,0,3298887,0.99,1.39,0,646,0
E02183,E00267,co-investor,0.88,13,7704056,0.87,1.61,0,708,1,3298887,0.99,1.39,0,646,0
E01922,E00795,co-investor,0.71,37,5849932,0.28,1.48,1,646,0,2617419,0.15,0.79,1,833,0
E01060,E00795,supplier,0.57,46,3968565,0.95,0.64,4,687,0,2617419,0.15,0.79,1,833,0
E01731,E00795,co-investor,0.27,12,4879422,0.43,1.41,0,672,0,2617419,0.15,0.79,1,833,0
E01639,E00795,shared_director,0.9,3,1947458,0.78,1.2,0,591,0,2617419,0.15,0.79,1,833,0
E01673,E00795,supplier,0.89,20,3854255,0.54,1.07,1,672,0,2617419,0.15,0.79,1,833,0
E01922,E01180,supplier,0.5,33,5849932,0.28,1.48,1,646,0,5460019,0.68,1.53,1,793,0
E00180,E01180,supplier,0.26,12,6858965,0.75,0.78,3,783,1,5460019,0.68,1.53,1,793,0
E01922,E01868,supplier,0.21,49,5849932,0.28,1.48,1,646,0,928938,0.16,1.92,1,842,0
E01805,E01892,co-investor,0.8,33,1850041,0.17,0.68,1,713,0,1680488,0.51,1.47,2,804,0
E00020,E01892,co-investor,0.22,26,5561928,0.18,1.34,3,536,0,1680488,0.51,1.47,2,804,0
E01029,E01892,shared_director,0.1,3,4279053,0.62,0.71,1,608,0,1680488,0.51,1.47,2,804,0
E01845,E01892,parent_company,0.11,49,5815753,0.27,1.28,2,728,0,1680488,0.51,1.47,2,804,0
E01805,E01814,co-investor,0.45,4,1850041,0.17,0.68,1,713,0,8390776,0.44,1.0,0,590,0
E02797,E01814,supplier,0.47,14,3586540,0.86,0.89,1,622,1,8390776,0.44,1.0,0,590,0
E02497,E01814,shared_director,0.81,12,503714,0.13,1.42,3,647,0,8390776,0.44,1.0,0,590,0
E01805,E01943,co-investor,0.56,5,1850041,0.17,0.68,1,713,0,7030456,0.61,1.37,1,654,0
E02562,E01943,shared_director,0.93,11,4348825,0.54,0.55,1,575,0,7030456,0.61,1.37,1,654,0
E01716,E01943,co-investor,0.53,6,6353196,0.46,1.94,2,702,0,7030456,0.61,1.37,1,654,0
E01675,E01943,parent_company,0.68,37,6380473,0.99,1.69,2,622,0,7030456,0.61,1.37,1,654,0
E02040,E01943,co-investor,0.82,11,6193565,0.93,1.89,2,782,0,7030456,0.61,1.37,1,654,0
E02161,E02862,co-investor,0.52,47,3667431,0.26,1.11,0,548,0,5137691,0.25,1.43,0,517,1
E01106,E02862,parent_company,0.93,38,7450264,0.7,1.34,1,758,0,5137691,0.25,1.43,0,517,1
E00752,E02862,supplier,0.45,3,4582079,0.75,0.56,1,746,0,5137691,0.25,1.43,0,517,1
E02477,E02862,co-investor,0.74,23,9700411,0.52,1.34,2,756,0,5137691,0.25,1.43,0,517,1
E02506,E02862,co-investor,0.16,35,5688711,0.41,0.84,1,632,0,5137691,0.25,1.43,0,517,1
E02161,E01118,shared_director,0.82,11,3667431,0.26,1.11,0,548,0,7025092,0.17,1.1,0,686,0
E00657,E01118,shared_director,0.91,10,5925252,0.22,0.66,0,570,1,7025092,0.17,1.1,0,686,0
E01127,E01118,supplier,0.56,14,5545395,0.27,1.12,1,735,0,7025092,0.17,1.1,0,686,0
E02468,E01118,shared_director,0.67,1,5548054,0.58,1.59,3,506,0,7025092,0.17,1.1,0,686,0
E00567,E02019,co-investor,0.56,48,2686511,0.41,0.97,1,795,0,6568255,0.8,0.57,2,519,0
E02176,E02019,supplier,1.0,29,2722865,0.24,0.76,0,810,0,6568255,0.8,0.57,2,519,0
E01167,E02019,co-investor,0.49,8,3532424,0.67,1.86,3,599,1,6568255,0.8,0.57,2,519,0
E00567,E01326,shared_director,0.28,40,2686511,0.41,0.97,1,795,0,5987903,0.94,0.88,2,758,0
E01952,E01326,parent_company,0.98,47,3387864,0.64,1.81,0,717,0,5987903,0.94,0.88,2,758,0
E01813,E01326,shared_director,0.61,39,3270868,0.5,1.53,1,832,0,5987903,0.94,0.88,2,758,0
E02905,E01326,shared_director,0.22,21,5319435,0.91,1.37,1,819,0,5987903,0.94,0.88,2,758,0
E00567,E02763,shared_director,0.71,24,2686511,0.41,0.97,1,795,0,9889165,0.6,0.7,1,722,0
E00903,E02763,parent_company,0.83,35,5362233,0.43,1.2,1,719,0,9889165,0.6,0.7,1,722,0
E02395,E02763,supplier,0.73,34,1268909,0.42,1.63,1,618,0,9889165,0.6,0.7,1,722,0
E00693,E02763,shared_director,0.74,26,3303802,0.95,1.29,2,827,0,9889165,0.6,0.7,1,722,0
E02272,E00421,supplier,0.36,49,2197994,0.81,1.3,5,820,0,4604093,0.28,1.24,4,590,0
E01836,E00421,co-investor,0.45,23,3053515,0.52,1.53,0,766,0,4604093,0.28,1.24,4,590,0
E00298,E00421,shared_director,0.75,15,3332882,0.2,1.85,2,614,0,4604093,0.28,1.24,4,590,0
E00777,E00421,co-investor,0.8,46,394606,0.37,1.07,3,703,0,4604093,0.28,1.24,4,590,0
E02272,E00162,shared_director,0.69,20,2197994,0.81,1.3,5,820,0,5358073,0.45,1.28,5,799,0
E00011,E00162,supplier,0.72,48,7573949,0.11,0.84,0,765,0,5358073,0.45,1.28,5,799,0
E02466,E00162,parent_company,0.59,5,3994760,0.73,1.72,0,664,0,5358073,0.45,1.28,5,799,0
E01027,E00162,shared_director,0.74,36,2107743,0.68,1.16,3,702,0,5358073,0.45,1.28,5,799,0
E02329,E00162,supplier,0.75,46,2809198,0.57,0.9,2,717,0,5358073,0.45,1.28,5,799,0
E00684,E00162,co-investor,0.16,11,5723353,0.9,1.25,2,532,0,5358073,0.45,1.28,5,799,0
E02651,E00162,supplier,0.75,40,4768692,0.34,1.16,3,790,0,5358073,0.45,1.28,5,799,0
E02272,E01636,co-investor,0.67,45,2197994,0.81,1.3,5,820,0,2510337,0.24,1.66,1,841,0
E01385,E01636,supplier,0.44,3,6030085,0.7,1.1,1,555,0,2510337,0.24,1.66,1,841,0
E01713,E01636,supplier,0.37,28,7174928,0.95,1.43,2,823,0,2510337,0.24,1.66,1,841,0
E01782,E01636,shared_director,0.85,17,5154947,0.63,1.69,1,601,0,2510337,0.24,1.66,1,841,0
E01243,E01636,shared_director,0.98,25,6023848,0.71,1.72,2,820,0,2510337,0.24,1.66,1,841,0
E02272,E02788,parent_company,0.27,7,2197994,0.81,1.3,5,820,0,2701256,0.61,1.86,1,636,0
E01152,E02788,co-investor,0.27,40,5183729,0.64,1.02,1,614,0,2701256,0.61,1.86,1,636,0
E02138,E02788,shared_director,0.91,6,6530552,0.47,1.07,0,836,0,2701256,0.61,1.86,1,636,0
E00761,E02788,supplier,0.16,29,4940219,0.17,1.9,1,743,0,2701256,0.61,1.86,1,636,0
E02790,E02788,shared_director,0.33,11,5345100,0.23,1.43,2,536,0,2701256,0.61,1.86,1,636,0
E00657,E00384,supplier,0.28,25,5925252,0.22,0.66,0,570,1,3623680,0.64,0.83,0,602,0
E02295,E00384,supplier,0.7,12,7858234,0.82,1.19,1,586,0,3623680,0.64,0.83,0,602,0
E01900,E00384,supplier,0.95,15,2273254,0.78,1.63,1,639,0,3623680,0.64,0.83,0,602,0
E00657,E00164,parent_company,0.56,35,5925252,0.22,0.66,0,570,1,1961640,0.85,0.79,0,590,1
E00667,E00164,co-investor,0.64,28,3018615,0.3,1.96,3,686,0,1961640,0.85,0.79,0,590,1
E00657,E00841,parent_company,0.13,1,5925252,0.22,0.66,0,570,1,5420941,0.37,1.05,1,634,0
E01113,E00841,shared_director,0.49,34,4195866,0.64,1.82,1,670,0,5420941,0.37,1.05,1,634,0
E00756,E00841,supplier,0.7,23,2657916,0.51,0.6,1,510,0,5420941,0.37,1.05,1,634,0
E00657,E02008,shared_director,0.79,14,5925252,0.22,0.66,0,570,1,5114580,0.28,0.95,0,765,0
E00463,E02008,shared_director,0.34,29,4686539,0.77,1.1,1,678,0,5114580,0.28,0.95,0,765,0
E01404,E02008,co-investor,0.78,11,6217214,0.92,1.01,1,555,0,5114580,0.28,0.95,0,765,0
E02784,E02008,shared_director,0.2,2,6607838,0.37,1.96,3,593,0,5114580,0.28,0.95,0,765,0
E01987,E02008,shared_director,0.64,35,4410441,0.21,0.67,1,606,0,5114580,0.28,0.95,0,765,0
E02152,E02008,shared_director,0.79,21,6992017,0.34,0.58,1,659,0,5114580,0.28,0.95,0,765,0
E01792,E00376,parent_company,0.84,23,4743916,0.29,1.77,2,515,0,4971421,0.64,1.98,2,815,0
E00851,E00376,shared_director,0.72,43,6777197,0.25,1.13,5,558,0,4971421,0.64,1.98,2,815,0
E02378,E00376,supplier,0.55,49,4805763,0.55,1.34,3,562,0,4971421,0.64,1.98,2,815,0
E01792,E01045,co-investor,0.31,24,4743916,0.29,1.77,2,515,0,5725141,0.89,0.92,0,822,0
E01332,E01045,co-investor,0.85,28,9668327,0.26,0.81,3,679,0,5725141,0.89,0.92,0,822,0
E01230,E01045,shared_director,0.81,45,8062647,0.82,1.31,4,533,0,5725141,0.89,0.92,0,822,0
E01839,E01045,supplier,0.45,7,3602790,0.75,0.57,1,763,0,5725141,0.89,0.92,0,822,0
E02040,E01045,co-investor,0.72,37,6193565,0.93,1.89,2,782,0,5725141,0.89,0.92,0,822,0
E01792,E00201,co-investor,0.1,30,4743916,0.29,1.77,2,515,0,4069099,0.57,1.16,1,829,0
E02104,E00201,co-investor,0.33,12,6098631,0.21,0.62,3,584,0,4069099,0.57,1.16,1,829,0
E02455,E00201,supplier,0.7,16,5028488,0.31,1.35,4,514,0,4069099,0.57,1.16,1,829,0
E00110,E01700,supplier,0.46,24,2985821,0.92,1.68,3,835,0,5210618,0.8,1.12,1,616,0
E01251,E01700,shared_director,0.28,3,5763077,0.99,1.56,0,711,0,5210618,0.8,1.12,1,616,0
E00460,E01700,supplier,0.68,29,4417020,0.46,0.82,3,788,0,5210618,0.8,1.12,1,616,0
E01651,E01700,shared_director,0.19,22,7822101,0.89,1.64,0,787,1,5210618,0.8,1.12,1,616,0
E00588,E01700,co-investor,0.52,21,6546166,0.17,1.52,4,628,0,5210618,0.8,1.12,1,616,0
E00110,E00006,co-investor,0.28,32,2985821,0.92,1.68,3,835,0,3365997,0.34,0.79,4,835,0
E02039,E00006,supplier,0.46,13,7216675,0.91,1.93,0,505,1,3365997,0.34,0.79,4,835,0
E00110,E00963,supplier,0.56,2,2985821,0.92,1.68,3,835,0,5790618,0.3,0.64,4,572,1
E01652,E00963,supplier,0.51,37,4189179,0.8,1.58,4,522,0,5790618,0.3,0.64,4,572,1
E00147,E00963,shared_director,0.68,30,5767227,0.83,1.62,2,838,0,5790618,0.3,0.64,4,572,1
E00966,E01582,supplier,0.44,2,5243010,0.98,1.94,1,755,0,4833932,0.38,1.25,1,745,0
E01890,E01582,co-investor,0.95,27,2765851,0.13,1.71,2,779,0,4833932,0.38,1.25,1,745,0
E01204,E01582,supplier,0.85,39,2519879,0.5,1.51,1,745,0,4833932,0.38,1.25,1,745,0
E02572,E01582,co-investor,0.43,46,7364705,0.22,1.1,1,537,0,4833932,0.38,1.25,1,745,0
E00966,E02465,parent_company,0.99,23,5243010,0.98,1.94,1,755,0,8252760,0.71,0.63,1,609,1
E01286,E02465,co-investor,0.88,27,4677311,0.84,1.5,0,520,1,8252760,0.71,0.63,1,609,1
E02187,E02465,supplier,0.77,38,2668656,0.57,0.66,0,634,1,8252760,0.71,0.63,1,609,1
E00487,E02465,shared_director,0.2,24,7429018,0.14,0.57,0,751,0,8252760,0.71,0.63,1,609,1
E01306,E00406,co-investor,0.81,9,4290025,0.97,0.88,2,817,0,2874734,0.18,0.81,1,731,0
E01347,E00406,co-investor,0.82,14,3669029,0.67,1.12,2,777,0,2874734,0.18,0.81,1,731,0
E01969,E00406,supplier,0.81,8,828368,0.72,0.51,0,735,1,2874734,0.18,0.81,1,731,0
E00157,E01176,shared_director,0.73,9,6147933,0.25,0.68,2,752,0,3624132,0.15,1.79,1,586,1
E02009,E01176,parent_company,0.63,32,7148494,0.17,0.94,4,752,0,3624132,0.15,1.79,1,586,1
E02892,E01176,parent_company,0.35,37,4303413,0.72,1.56,2,778,0,3624132,0.15,1.79,1,586,1
E00157,E02233,parent_company,0.95,10,6147933,0.25,0.68,2,752,0,5883972,0.18,1.73,2,632,0
E00190,E02233,supplier,0.3,32,7124419,0.95,0.98,3,715,1,5883972,0.18,1.73,2,632,0
E00157,E02635,co-investor,0.71,1,6147933,0.25,0.68,2,752,0,3453833,0.35,0.56,4,825,0
E02789,E02635,co-investor,0.65,13,3487353,0.15,1.68,1,755,0,3453833,0.35,0.56,4,825,0
E00476,E02635,supplier,0.69,11,4455208,0.96,0.9,2,586,0,3453833,0.35,0.56,4,825,0
E02443,E02635,co-investor,0.61,50,2861426,0.53,0.76,1,843,0,3453833,0.35,0.56,4,825,0
E01199,E02635,shared_director,0.23,1,4120822,0.24,1.41,2,762,0,3453833,0.35,0.56,4,825,0
E02257,E02635,supplier,0.15,31,4716396,0.47,1.73,1,571,0,3453833,0.35,0.56,4,825,0
E00157,E01152,shared_director,0.69,25,6147933,0.25,0.68,2,752,0,5183729,0.64,1.02,1,614,0
E00157,E00629,parent_company,0.1,13,6147933,0.25,0.68,2,752,0,7449168,0.93,1.1,3,740,0
E01829,E00629,shared_director,0.63,39,8354925,0.56,0.99,1,769,0,7449168,0.93,1.1,3,740,0
E01578,E00629,co-investor,0.5,8,3764726,0.95,1.45,2,743,1,7449168,0.93,1.1,3,740,0
E00157,E02389,co-investor,0.16,39,6147933,0.25,0.68,2,752,0,5259000,0.29,1.55,0,571,0
E01629,E02389,parent_company,0.43,9,5201040,0.2,1.93,0,758,0,5259000,0.29,1.55,0,571,0
E02890,E01922,shared_director,0.65,6,2375635,0.99,1.22,1,698,0,5849932,0.28,1.48,1,646,0
E00065,E01922,co-investor,0.75,7,2965615,0.71,1.1,0,674,0,5849932,0.28,1.48,1,646,0
E02890,E02548,shared_director,0.35,14,2375635,0.99,1.22,1,698,0,2627861,0.81,1.16,1,509,0
E00970,E02548,parent_company,0.3,35,4557773,0.16,1.38,1,762,0,2627861,0.81,1.16,1,509,0
E00439,E02548,supplier,0.4,1,7182092,0.41,1.96,2,672,0,2627861,0.81,1.16,1,509,0
E02890,E00251,shared_director,0.5,24,2375635,0.99,1.22,1,698,0,4253201,0.99,1.95,1,518,1
E00766,E00251,supplier,0.46,11,3407119,0.48,1.0,2,784,0,4253201,0.99,1.95,1,518,1
E02466,E00251,supplier,0.86,12,3994760,0.73,1.72,0,664,0,4253201,0.99,1.95,1,518,1
E02855,E00251,co-investor,0.42,34,3544655,0.52,1.06,3,811,0,4253201,0.99,1.95,1,518,1
E00280,E00251,co-investor,0.16,16,5686270,0.31,1.33,0,712,0,4253201,0.99,1.95,1,518,1
E02328,E00251,supplier,0.35,31,2690610,0.53,0.83,4,600,0,4253201,0.99,1.95,1,518,1
E01888,E00251,shared_director,0.3,9,5659958,0.64,1.33,1,556,0,4253201,0.99,1.95,1,518,1
E01108,E00251,parent_company,0.25,7,5271089,0.34,1.31,0,576,0,4253201,0.99,1.95,1,518,1
E00078,E01049,parent_company,0.85,36,2785791,0.55,1.34,1,788,0,6530780,0.68,1.56,4,802,0
E00890,E01049,parent_company,0.78,16,2787383,0.33,1.8,1,659,0,6530780,0.68,1.56,4,802,0
E00309,E01049,co-investor,0.76,37,6506608,0.16,1.45,2,549,0,6530780,0.68,1.56,4,802,0
E00078,E01258,parent_company,0.81,17,2785791,0.55,1.34,1,788,0,4028697,0.32,1.01,1,550,0
E01692,E01258,co-investor,0.86,17,1559794,0.12,1.91,1,517,0,4028697,0.32,1.01,1,550,0
E01216,E01258,co-investor,0.63,47,4611336,0.69,0.91,1,666,0,4028697,0.32,1.01,1,550,0
E00078,E01007,co-investor,0.18,28,2785791,0.55,1.34,1,788,0,4834704,0.67,1.79,0,599,0
E01895,E01007,shared_director,0.26,8,7097939,0.77,1.83,1,791,0,4834704,0.67,1.79,0,599,0
E00285,E01007,co-investor,0.6,10,5480045,0.38,1.05,1,762,0,4834704,0.67,1.79,0,599,0
E00666,E01007,co-investor,0.18,37,3638225,0.53,1.38,3,798,0,4834704,0.67,1.79,0,599,0
E01050,E01007,supplier,0.49,48,4616357,0.88,0.63,1,790,0,4834704,0.67,1.79,0,599,0
E02494,E02162,shared_director,0.2,19,2696263,0.49,0.92,1,511,1,4644612,0.32,1.03,1,755,0
E00947,E02162,co-investor,0.27,10,7065927,0.86,1.62,0,549,1,4644612,0.32,1.03,1,755,0
E00789,E02162,co-investor,0.41,26,7821136,0.54,1.26,0,715,0,4644612,0.32,1.03,1,755,0
E00021,E02162,shared_director,0.8,22,2883229,0.66,0.88,0,560,0,4644612,0.32,1.03,1,755,0
E01820,E02162,supplier,0.2,5,5994970,0.7,1.23,0,744,1,4644612,0.32,1.03,1,755,0
E02494,E02789,shared_director,0.13,22,2696263,0.49,0.92,1,511,1,3487353,0.15,1.68,1,755,0
E01051,E02789,shared_director,0.36,19,2561770,0.85,1.48,2,831,0,3487353,0.15,1.68,1,755,0
E02494,E01952,supplier,0.91,44,2696263,0.49,0.92,1,511,1,3387864,0.64,1.81,0,717,0
E01773,E01952,parent_company,0.81,35,2629075,0.55,1.36,5,742,0,3387864,0.64,1.81,0,717,0
E01483,E01952,supplier,0.4,26,2117035,0.96,1.98,0,587,1,3387864,0.64,1.81,0,717,0
E01726,E01952,shared_director,0.39,47,4850248,0.44,0.7,1,742,1,3387864,0.64,1.81,0,717,0
E02245,E01952,supplier,0.66,29,5803121,0.1,1.55,1,514,0,3387864,0.64,1.81,0,717,0
E02494,E00634,shared_director,0.91,33,2696263,0.49,0.92,1,511,1,1629378,0.59,1.45,0,520,1
E00153,E00634,shared_director,0.81,43,1951969,0.77,1.56,0,584,0,1629378,0.59,1.45,0,520,1
E02433,E00634,shared_director,0.54,20,4567095,0.14,0.73,1,673,0,1629378,0.59,1.45,0,520,1
E01288,E00634,shared_director,0.91,19,7426632,0.69,1.83,1,792,0,1629378,0.59,1.45,0,520,1
E02621,E00634,co-investor,0.67,47,4366469,0.27,0.5,0,527,0,1629378,0.59,1.45,0,520,1
E02494,E01682,parent_company,0.54,36,2696263,0.49,0.92,1,511,1,6641110,0.56,0.83,1,826,1
E02602,E01682,supplier,0.36,30,8376884,0.42,1.48,3,818,0,6641110,0.56,0.83,1,826,1
E01378,E01682,parent_company,0.96,47,3505843,0.29,1.53,3,699,0,6641110,0.56,0.83,1,826,1
E02494,E02212,co-investor,0.5,25,2696263,0.49,0.92,1,511,1,7071650,0.51,1.16,2,509,0
E00708,E02212,shared_director,0.92,21,4527290,0.37,1.52,2,534,1,7071650,0.51,1.16,2,509,0
E02651,E02212,shared_director,0.86,49,4768692,0.34,1.16,3,790,0,7071650,0.51,1.16,2,509,0
E00974,E01234,supplier,0.14,27,8136209,0.8,1.25,5,723,0,3770454,0.28,1.15,2,625,0
E00670,E01234,shared_director,0.76,16,5162553,0.39,0.62,2,508,0,3770454,0.28,1.15,2,625,0
E01734,E01234,parent_company,0.4,30,2997125,0.21,1.86,0,728,0,3770454,0.28,1.15,2,625,0
E00974,E00033,supplier,0.61,14,8136209,0.8,1.25,5,723,0,5433722,0.49,0.89,6,622,0
E01470,E00033,parent_company,0.48,22,3367192,0.47,0.98,2,533,0,5433722,0.49,0.89,6,622,0
E00425,E00033,shared_director,0.22,45,4260956,0.43,1.55,1,642,0,5433722,0.49,0.89,6,622,0
E01410,E00033,co-investor,0.91,40,5165025,0.22,1.25,1,567,0,5433722,0.49,0.89,6,622,0
E01090,E00033,supplier,0.11,14,7611939,0.84,1.93,1,595,1,5433722,0.49,0.89,6,622,0
E02022,E00033,co-investor,0.88,49,7219859,0.56,0.98,2,845,1,5433722,0.49,0.89,6,622,0
E00554,E00033,parent_company,0.37,45,4392928,0.54,0.8,0,666,1,5433722,0.49,0.89,6,622,0
E00974,E02839,supplier,0.26,42,8136209,0.8,1.25,5,723,0,1911245,0.88,0.56,2,635,0
E01179,E02839,supplier,0.93,25,6771606,0.36,1.11,3,622,0,1911245,0.88,0.56,2,635,0
E01325,E02839,shared_director,0.72,46,5122231,0.62,0.79,2,697,0,1911245,0.88,0.56,2,635,0
E01453,E02839,shared_director,0.84,36,3283100,0.41,0.82,1,768,1,1911245,0.88,0.56,2,635,0
E00974,E02354,shared_director,0.73,23,8136209,0.8,1.25,5,723,0,1230427,0.47,1.05,3,590,0
E02017,E02354,co-investor,0.54,49,6082815,0.71,1.07,0,570,1,1230427,0.47,1.05,3,590,0
E02910,E02354,supplier,0.94,4,7208141,0.62,0.88,0,743,0,1230427,0.47,1.05,3,590,0
E01150,E02354,co-investor,0.85,31,3708457,0.39,1.52,1,738,0,1230427,0.47,1.05,3,590,0
E00974,E02222,shared_director,0.41,22,8136209,0.8,1.25,5,723,0,10369348,0.87,1.38,3,695,0
E02618,E02552,shared_director,0.16,32,770267,0.75,1.65,3,641,1,4660663,0.94,1.93,3,703,0
E00063,E02552,supplier,0.29,23,7160919,0.61,1.71,3,803,0,4660663,0.94,1.93,3,703,0
E02516,E02552,co-investor,0.69,20,5062151,0.32,0.52,2,831,0,4660663,0.94,1.93,3,703,0
E02618,E01376,shared_director,0.11,14,770267,0.75,1.65,3,641,1,7202311,0.83,1.22,7,782,0
E02517,E01376,supplier,0.62,19,3646658,0.29,1.49,2,616,0,7202311,0.83,1.22,7,782,0
E02542,E01376,supplier,0.56,44,3685030,0.5,1.62,0,570,0,7202311,0.83,1.22,7,782,0
E02166,E01376,co-investor,0.21,14,4538179,0.22,1.61,2,677,0,7202311,0.83,1.22,7,782,0
E02618,E02029,supplier,0.65,26,770267,0.75,1.65,3,641,1,3483829,0.29,0.88,3,646,0
E01715,E02029,co-investor,0.78,2,4154732,0.4,0.8,1,557,1,3483829,0.29,0.88,3,646,0
E00442,E02029,parent_company,0.92,45,6746317,0.54,1.04,2,594,0,3483829,0.29,0.88,3,646,0
E02445,E02196,supplier,0.67,37,7314692,0.79,1.28,1,545,0,356087,0.59,1.08,1,812,0
E02854,E02196,shared_director,0.97,6,5378222,0.51,1.11,1,771,0,356087,0.59,1.08,1,812,0
E00991,E00589,co-investor,0.49,40,2333685,0.75,1.36,1,639,0,3793352,0.2,1.66,4,592,0
E01441,E00589,supplier,0.22,19,2688749,0.99,1.35,2,795,0,3793352,0.2,1.66,4,592,0
E02167,E00589,shared_director,0.54,3,1595573,0.37,1.1,1,741,0,3793352,0.2,1.66,4,592,0
E00991,E01968,shared_director,0.74,28,2333685,0.75,1.36,1,639,0,5676693,0.34,1.07,0,588,0
E02444,E01968,parent_company,0.83,27,1426108,0.39,0.93,0,523,1,5676693,0.34,1.07,0,588,0
E01877,E01968,shared_director,0.88,5,5504120,0.85,1.26,1,795,0,5676693,0.34,1.07,0,588,0
E00991,E00082,supplier,0.2,8,2333685,0.75,1.36,1,639,0,2518719,0.78,1.41,3,548,1
E01991,E00082,supplier,0.87,6,2491402,0.11,0.9,1,557,0,2518719,0.78,1.41,3,548,1
E00699,E00082,co-investor,0.94,38,5502611,0.73,0.5,0,834,0,2518719,0.78,1.41,3,548,1
E02100,E00082,supplier,0.12,39,6120962,0.45,1.84,3,762,0,2518719,0.78,1.41,3,548,1
E02438,E00082,parent_company,0.25,50,5855234,0.39,1.54,0,581,1,2518719,0.78,1.41,3,548,1
E01446,E00986,shared_director,0.27,43,4943832,0.32,1.51,5,640,0,3791975,0.79,1.03,0,784,0
E01615,E00986,co-investor,0.26,3,5939143,0.17,0.97,1,603,0,3791975,0.79,1.03,0,784,0
E00452,E00986,supplier,0.9,12,5358549,0.81,1.47,2,707,0,3791975,0.79,1.03,0,784,0
E02162,E00986,shared_director,0.7,18,4644612,0.32,1.03,1,755,0,3791975,0.79,1.03,0,784,0
E00479,E00986,supplier,0.78,32,4481499,0.91,1.99,2,814,0,3791975,0.79,1.03,0,784,0
E00351,E02145,co-investor,0.16,34,3578256,0.14,1.7,0,689,0,5663885,0.63,0.65,1,661,0
E02763,E02145,parent_company,0.26,24,9889165,0.6,0.7,1,722,0,5663885,0.63,0.65,1,661,0
E00799,E02145,co-investor,0.32,25,4542034,0.27,1.33,1,660,0,5663885,0.63,0.65,1,661,0
E02174,E02145,supplier,0.85,31,3839712,0.4,0.53,1,577,0,5663885,0.63,0.65,1,661,0
E00881,E02145,co-investor,0.82,46,5521325,0.8,1.01,2,716,0,5663885,0.63,0.65,1,661,0
E00678,E02145,co-investor,0.91,5,6560156,0.48,1.7,0,653,0,5663885,0.63,0.65,1,661,0
E00351,E01276,co-investor,0.15,50,3578256,0.14,1.7,0,689,0,7342491,0.34,0.98,1,847,0
E00287,E01276,co-investor,0.4,2,6865993,0.31,1.17,3,612,0,7342491,0.34,0.98,1,847,0
E02229,E02079,supplier,0.45,31,2416948,0.17,1.34,1,516,0,7429594,0.11,1.2,2,513,0
E02211,E02079,parent_company,0.52,41,4151102,0.37,0.53,1,571,0,7429594,0.11,1.2,2,513,0
E01846,E02079,parent_company,0.93,32,5905062,0.51,1.5,1,557,0,7429594,0.11,1.2,2,513,0
E00209,E02079,co-investor,0.19,42,5825140,0.17,0.57,1,622,0,7429594,0.11,1.2,2,513,0
E02229,E02934,supplier,0.1,4,2416948,0.17,1.34,1,516,0,8557310,0.19,1.82,2,601,0
E00565,E02934,co-investor,0.11,20,4091511,0.35,0.84,1,635,0,8557310,0.19,1.82,2,601,0
E00449,E02934,supplier,0.5,28,1734095,0.49,1.32,1,512,0,8557310,0.19,1.82,2,601,0
E00772,E02934,supplier,0.9,33,9121117,0.97,1.37,3,663,0,8557310,0.19,1.82,2,601,0
E00069,E02934,parent_company,0.73,25,5001398,0.36,0.62,0,633,0,8557310,0.19,1.82,2,601,0
E02229,E01626,supplier,0.55,1,2416948,0.17,1.34,1,516,0,1793479,0.34,0.56,2,615,0
E00371,E01626,co-investor,0.55,43,5749955,0.4,0.75,3,518,0,1793479,0.34,0.56,2,615,0
E02069,E01626,supplier,0.71,16,4061701,0.39,1.2,2,826,0,1793479,0.34,0.56,2,615,0
E01811,E01626,parent_company,0.39,18,8328634,0.8,0.65,2,527,1,1793479,0.34,0.56,2,615,0
E00444,E01626,shared_director,0.28,22,3196798,0.92,1.76,3,732,0,1793479,0.34,0.56,2,615,0
E00664,E01626,co-investor,0.11,31,8453667,0.27,1.79,2,810,0,1793479,0.34,0.56,2,615,0
E02462,E01626,shared_director,0.29,27,3876824,0.84,0.78,2,562,1,1793479,0.34,0.56,2,615,0
E00179,E02604,shared_director,0.98,17,2824438,0.89,1.51,2,835,0,6834630,0.85,0.51,1,581,0
E01551,E02604,co-investor,0.56,34,3675738,0.24,1.58,0,806,0,6834630,0.85,0.51,1,581,0
E00179,E01486,parent_company,0.95,29,2824438,0.89,1.51,2,835,0,2167004,0.58,1.81,1,710,0
E02831,E01486,parent_company,0.84,39,5103567,0.73,1.25,2,743,0,2167004,0.58,1.81,1,710,0
E01886,E01486,co-investor,0.96,8,5329820,0.97,1.56,0,730,0,2167004,0.58,1.81,1,710,0
E02454,E01486,parent_company,0.88,43,7036314,0.22,1.13,1,610,0,2167004,0.58,1.81,1,710,0
E02309,E01486,co-investor,0.38,46,6010808,0.2,1.41,1,630,0,2167004,0.58,1.81,1,710,0
E00179,E00207,shared_director,0.61,47,2824438,0.89,1.51,2,835,0,4477945,0.98,1.98,0,661,0
E00099,E00207,shared_director,0.56,20,5197491,0.29,1.42,0,617,0,4477945,0.98,1.98,0,661,0
E00853,E00207,parent_company,0.99,28,2922396,0.58,0.54,0,756,0,4477945,0.98,1.98,0,661,0
E00179,E02409,supplier,0.91,43,2824438,0.89,1.51,2,835,0,3888861,0.28,0.52,0,550,0
E00860,E02409,co-investor,0.87,40,6155821,0.36,1.16,2,628,0,3888861,0.28,0.52,0,550,0
E01924,E02409,supplier,0.99,25,4424213,0.45,0.67,2,778,0,3888861,0.28,0.52,0,550,0
E02057,E02409,shared_director,0.79,39,3101151,0.5,1.71,4,546,0,3888861,0.28,0.52,0,550,0
E01026,E02409,co-investor,0.3,12,3463270,0.2,1.54,2,711,0,3888861,0.28,0.52,0,550,0
E00067,E01463,supplier,0.41,47,3401778,1.0,1.35,3,669,0,4547478,0.66,0.65,0,532,0
E01172,E01463,supplier,0.88,22,6283861,0.66,1.28,2,502,0,4547478,0.66,0.65,0,532,0
E02869,E01463,parent_company,0.83,35,5638320,0.51,1.97,1,709,0,4547478,0.66,0.65,0,532,0
E00762,E01463,co-investor,0.81,8,4651372,0.88,1.28,2,817,0,4547478,0.66,0.65,0,532,0
E00067,E00509,parent_company,0.5,1,3401778,1.0,1.35,3,669,0,3257732,0.53,0.68,2,731,0
E01205,E00509,shared_director,0.25,43,3211334,0.46,0.83,1,576,0,3257732,0.53,0.68,2,731,0
E00222,E00509,co-investor,0.24,42,100000,0.56,0.98,3,505,0,3257732,0.53,0.68,2,731,0
E02166,E00509,supplier,0.34,47,4538179,0.22,1.61,2,677,0,3257732,0.53,0.68,2,731,0
E00067,E00030,shared_director,0.82,26,3401778,1.0,1.35,3,669,0,5093830,0.9,1.41,1,512,0
E01913,E00030,supplier,0.2,22,2793953,0.9,1.19,2,583,1,5093830,0.9,1.41,1,512,0
E01184,E00030,parent_company,0.6,23,8499162,0.62,1.13,2,833,0,5093830,0.9,1.41,1,512,0
E00328,E00030,shared_director,0.26,35,5255605,0.36,0.87,1,510,0,5093830,0.9,1.41,1,512,0
E00779,E00030,shared_director,0.73,48,3250359,0.22,0.88,2,644,0,5093830,0.9,1.41,1,512,0
E00651,E00030,co-investor,0.5,31,3481919,0.79,1.38,1,560,0,5093830,0.9,1.41,1,512,0
E00067,E02097,shared_director,0.56,33,3401778,1.0,1.35,3,669,0,6407283,0.81,1.51,2,743,0
E00102,E02097,supplier,0.23,9,2893482,0.48,1.46,1,789,0,6407283,0.81,1.51,2,743,0
E00614,E02097,shared_director,0.24,25,6502751,0.43,1.97,2,575,1,6407283,0.81,1.51,2,743,0
E00067,E00555,co-investor,0.92,43,3401778,1.0,1.35,3,669,0,2413709,0.58,0.82,0,696,0
E00006,E00555,shared_director,0.98,1,3365997,0.34,0.79,4,835,0,2413709,0.58,0.82,0,696,0
E00937,E00555,parent_company,0.15,6,7397282,0.74,1.18,0,569,1,2413709,0.58,0.82,0,696,0
E01247,E00555,co-investor,0.18,3,7352350,0.51,0.82,1,802,0,2413709,0.58,0.82,0,696,0
E00067,E00133,parent_company,0.41,23,3401778,1.0,1.35,3,669,0,2423105,0.71,1.72,3,563,1
E01652,E00133,co-investor,0.99,44,4189179,0.8,1.58,4,522,0,2423105,0.71,1.72,3,563,1
E00239,E00133,supplier,0.61,18,9619445,0.16,0.92,2,646,1,2423105,0.71,1.72,3,563,1
E00029,E00133,shared_director,0.88,31,4594307,0.62,2.0,1,664,0,2423105,0.71,1.72,3,563,1
E00672,E00133,supplier,0.68,19,4386439,0.23,1.16,2,666,0,2423105,0.71,1.72,3,563,1
E01170,E00133,parent_company,0.15,2,7327017,0.83,1.29,2,748,1,2423105,0.71,1.72,3,563,1
E02692,E02574,supplier,0.79,48,4201802,0.31,0.64,1,650,0,3608277,0.13,1.06,3,636,0
E02715,E02574,co-investor,0.42,1,6314729,0.47,1.2,1,531,0,3608277,0.13,1.06,3,636,0
E02692,E00993,shared_director,0.23,18,4201802,0.31,0.64,1,650,0,5159986,0.99,0.72,1,800,0
E01565,E00993,parent_company,0.89,31,4474042,0.54,0.81,0,566,1,5159986,0.99,0.72,1,800,0
E01011,E00993,shared_director,0.13,24,4103239,0.54,0.53,0,516,0,5159986,0.99,0.72,1,800,0
E02692,E02540,shared_director,0.14,23,4201802,0.31,0.64,1,650,0,3449931,0.63,1.57,1,534,0
E02498,E02540,supplier,0.64,47,7522636,0.95,1.3,0,699,0,3449931,0.63,1.57,1,534,0
E02309,E02540,parent_company,0.11,27,6010808,0.2,1.41,1,630,0,3449931,0.63,1.57,1,534,0
E02692,E00833,co-investor,0.74,48,4201802,0.31,0.64,1,650,0,3810447,0.62,1.69,1,612,0
E01514,E00833,co-investor,0.95,37,100000,0.57,1.19,2,834,0,3810447,0.62,1.69,1,612,0
E00968,E00833,shared_director,0.18,16,3215088,0.82,1.68,4,707,0,3810447,0.62,1.69,1,612,0
E00050,E00833,supplier,0.1,23,358525,0.29,1.5,1,762,0,3810447,0.62,1.69,1,612,0
E02131,E00833,co-investor,0.45,39,3039477,0.59,1.26,2,501,0,3810447,0.62,1.69,1,612,0
E01477,E00833,parent_company,0.85,42,4123780,0.84,1.63,2,693,0,3810447,0.62,1.69,1,612,0
E02471,E00833,supplier,0.4,32,4535741,0.68,1.52,0,786,0,3810447,0.62,1.69,1,612,0
E01362,E00547,supplier,0.42,22,4460562,0.47,0.63,1,576,0,5240999,0.93,1.86,1,694,0
E00167,E00547,supplier,0.81,41,1620885,0.75,1.84,0,752,1,5240999,0.93,1.86,1,694,0
E00965,E00547,shared_director,0.75,15,5706965,0.45,0.63,0,837,0,5240999,0.93,1.86,1,694,0
E01525,E00547,shared_director,0.2,8,5241513,0.59,1.74,1,842,0,5240999,0.93,1.86,1,694,0
E01076,E00547,co-investor,0.31,24,4489496,0.85,0.92,1,817,1,5240999,0.93,1.86,1,694,0
E01362,E00812,supplier,0.98,49,4460562,0.47,0.63,1,576,0,3584294,0.49,1.44,0,512,0
E00536,E00812,shared_director,0.44,41,7870363,0.75,0.69,1,565,1,3584294,0.49,1.44,0,512,0
E00551,E00812,shared_director,0.26,8,3229673,0.7,1.64,0,840,0,3584294,0.49,1.44,0,512,0
E02291,E00812,shared_director,0.46,37,3370810,0.38,0.91,0,584,1,3584294,0.49,1.44,0,512,0
E01362,E02254,supplier,0.76,21,4460562,0.47,0.63,1,576,0,5750433,0.71,1.26,1,579,1
E00130,E02254,parent_company,0.72,5,6344514,0.23,0.78,2,509,0,5750433,0.71,1.26,1,579,1
E01537,E02254,co-investor,0.42,29,453007,0.19,0.52,1,666,0,5750433,0.71,1.26,1,579,1
E01537,E02254,supplier,0.67,42,453007,0.19,0.52,1,666,0,5750433,0.71,1.26,1,579,1
E01276,E02254,supplier,0.83,36,7342491,0.34,0.98,1,847,0,5750433,0.71,1.26,1,579,1
E01643,E02254,shared_director,0.42,14,1919504,0.19,0.7,2,623,0,5750433,0.71,1.26,1,579,1
E02086,E02254,parent_company,0.49,7,6259499,0.43,0.61,0,632,0,5750433,0.71,1.26,1,579,1
E02633,E00718,shared_director,0.98,31,8244386,0.53,0.98,2,520,0,4399719,0.95,1.93,2,565,1
E00153,E00718,shared_director,0.89,12,1951969,0.77,1.56,0,584,0,4399719,0.95,1.93,2,565,1
E00381,E00718,supplier,0.25,14,4446202,0.31,1.78,1,559,0,4399719,0.95,1.93,2,565,1
E00236,E00718,shared_director,0.5,13,6365246,0.77,1.67,2,534,0,4399719,0.95,1.93,2,565,1
E00929,E00718,co-investor,0.18,48,5379695,0.38,0.98,2,642,0,4399719,0.95,1.93,2,565,1
E00934,E00718,co-investor,0.36,14,5523325,0.99,1.72,2,768,1,4399719,0.95,1.93,2,565,1
E02633,E00798,shared_director,0.99,17,8244386,0.53,0.98,2,520,0,8444257,0.35,1.02,1,607,0
E01524,E00798,co-investor,0.65,31,3553074,0.22,0.91,2,817,0,8444257,0.35,1.02,1,607,0
E02840,E00798,co-investor,0.19,39,5264545,0.95,1.21,1,677,0,8444257,0.35,1.02,1,607,0
E00334,E00798,parent_company,0.31,18,7160138,0.72,1.42,3,848,0,8444257,0.35,1.02,1,607,0
E00961,E00798,parent_company,0.59,33,5709556,0.47,1.0,1,780,0,8444257,0.35,1.02,1,607,0
E02633,E00671,supplier,0.72,27,8244386,0.53,0.98,2,520,0,8166930,0.52,0.79,4,823,0
E01949,E00671,supplier,0.44,47,4328538,0.12,0.87,1,710,0,8166930,0.52,0.79,4,823,0
E02687,E00671,supplier,0.52,39,3364569,0.55,1.24,3,693,0,8166930,0.52,0.79,4,823,0
E01460,E00671,co-investor,0.33,12,3672559,0.81,1.59,2,507,0,8166930,0.52,0.79,4,823,0
E02633,E02064,co-investor,0.23,46,8244386,0.53,0.98,2,520,0,5133831,0.43,1.25,3,620,0
E01985,E02064,co-investor,0.78,31,4612101,0.21,1.51,1,801,0,5133831,0.43,1.25,3,620,0
E00696,E02064,shared_director,0.94,30,2737093,0.94,0.68,3,541,1,5133831,0.43,1.25,3,620,0
E01866,E02064,co-investor,0.37,15,2965352,0.95,1.31,0,593,1,5133831,0.43,1.25,3,620,0
E02420,E02064,supplier,0.56,14,3972322,0.28,1.77,3,550,0,5133831,0.43,1.25,3,620,0
E01748,E02064,shared_director,0.69,6,6619715,0.93,0.91,1,826,1,5133831,0.43,1.25,3,620,0
E01586,E02064,parent_company,0.17,43,5742188,0.6,0.63,2,783,0,5133831,0.43,1.25,3,620,0
E02633,E02298,shared_director,0.56,7,8244386,0.53,0.98,2,520,0,4107514,0.84,0.71,2,818,0
E00627,E02298,co-investor,0.19,10,4291784,0.35,1.54,1,840,0,4107514,0.84,0.71,2,818,0
E01387,E02298,supplier,0.41,26,5842759,0.54,1.02,2,712,0,4107514,0.84,0.71,2,818,0
E02867,E02298,supplier,0.24,7,1724790,0.89,1.52,2,516,0,4107514,0.84,0.71,2,818,0
E02185,E02298,supplier,0.3,2,5472835,0.33,0.87,2,572,0,4107514,0.84,0.71,2,818,0
E02588,E00747,parent_company,0.16,50,3431018,0.4,1.25,0,581,0,1931402,0.43,0.95,0,509,0
E02810,E00747,supplier,0.62,17,6688566,0.35,1.66,4,673,0,1931402,0.43,0.95,0,509,0
E02276,E00747,supplier,0.36,19,2779992,0.89,1.57,2,552,0,1931402,0.43,0.95,0,509,0
E02462,E00747,shared_director,0.94,33,3876824,0.84,0.78,2,562,1,1931402,0.43,0.95,0,509,0
E00629,E00747,shared_director,0.76,34,7449168,0.93,1.1,3,740,0,1931402,0.43,0.95,0,509,0
E02588,E02922,co-investor,0.48,44,3431018,0.4,1.25,0,581,0,1534911,0.54,1.28,3,610,0
E00708,E02922,shared_director,1.0,44,4527290,0.37,1.52,2,534,1,1534911,0.54,1.28,3,610,0
E02614,E02922,co-investor,0.87,31,6419858,0.13,1.88,1,577,0,1534911,0.54,1.28,3,610,0
E02511,E02922,parent_company,0.74,12,5166962,0.79,1.52,2,729,0,1534911,0.54,1.28,3,610,0
E01906,E02922,parent_company,0.16,18,5028664,0.5,1.16,2,507,0,1534911,0.54,1.28,3,610,0
E00007,E02922,co-investor,0.67,23,8019542,0.48,0.82,1,736,0,1534911,0.54,1.28,3,610,0
E00251,E02922,supplier,0.45,16,4253201,0.99,1.95,1,518,1,1534911,0.54,1.28,3,610,0
E02588,E02114,shared_director,0.11,25,3431018,0.4,1.25,0,581,0,2446454,0.22,0.78,0,785,0
E01000,E02114,parent_company,0.6,22,4100847,0.61,0.68,2,568,1,2446454,0.22,0.78,0,785,0
E02588,E02132,supplier,0.33,24,3431018,0.4,1.25,0,581,0,11123893,0.84,1.55,1,573,1
E02714,E02132,co-investor,0.66,45,9556803,0.33,0.55,4,548,0,11123893,0.84,1.55,1,573,1
E02588,E02661,parent_company,0.98,27,3431018,0.4,1.25,0,581,0,3479621,0.9,1.13,3,659,0
E02578,E02661,shared_director,0.49,8,4587370,0.43,1.21,5,565,0,3479621,0.9,1.13,3,659,0
E00368,E02661,supplier,0.65,27,5982809,0.66,1.59,1,848,0,3479621,0.9,1.13,3,659,0
E02588,E02271,co-investor,0.26,41,3431018,0.4,1.25,0,581,0,8878385,0.36,1.62,1,621,0
E01087,E02271,shared_director,0.65,44,4392676,0.5,1.53,0,590,0,8878385,0.36,1.62,1,621,0
E01875,E00152,co-investor,0.28,13,6586338,0.25,1.24,3,702,0,6162044,0.73,1.87,2,560,0
E00612,E00152,co-investor,0.88,8,4398191,0.38,1.02,3,726,0,6162044,0.73,1.87,2,560,0
E00068,E00152,co-investor,0.15,47,4670928,0.75,1.79,2,501,0,6162044,0.73,1.87,2,560,0
E00877,E00152,co-investor,0.61,28,6656909,0.25,0.82,4,629,0,6162044,0.73,1.87,2,560,0
E02576,E00152,shared_director,0.4,28,2716656,0.24,0.76,0,745,0,6162044,0.73,1.87,2,560,0
E01875,E02626,parent_company,0.98,19,6586338,0.25,1.24,3,702,0,4454610,0.72,1.86,0,623,0
E01679,E02626,co-investor,0.2,34,2940130,0.66,0.94,2,695,1,4454610,0.72,1.86,0,623,0
E02175,E02626,supplier,0.68,28,7738509,0.77,1.66,3,706,0,4454610,0.72,1.86,0,623,0
E01099,E02626,supplier,0.61,29,3674572,0.57,0.53,0,625,0,4454610,0.72,1.86,0,623,0
E00642,E02626,shared_director,0.88,45,7208098,0.97,1.17,1,563,0,4454610,0.72,1.86,0,623,0
E00172,E01293,co-investor,0.56,35,4330295,0.85,2.0,1,664,0,1742219,0.92,1.24,1,840,1
E00676,E01293,shared_director,0.79,10,2185711,0.28,1.08,1,741,0,1742219,0.92,1.24,1,840,1
E00408,E01293,shared_director,0.88,35,6246619,0.11,0.74,2,507,0,1742219,0.92,1.24,1,840,1
E00225,E01293,shared_director,0.98,2,1636359,1.0,0.72,0,667,0,1742219,0.92,1.24,1,840,1
E00172,E02851,shared_director,0.22,45,4330295,0.85,2.0,1,664,0,247134,0.54,1.75,3,510,0
E02711,E02851,supplier,0.36,18,3293393,0.2,1.47,0,574,0,247134,0.54,1.75,3,510,0
E01029,E02851,co-investor,0.63,41,4279053,0.62,0.71,1,608,0,247134,0.54,1.75,3,510,0
E01510,E02851,shared_director,0.58,49,5238036,0.89,0.63,1,841,0,247134,0.54,1.75,3,510,0
E00172,E00181,co-investor,0.11,9,4330295,0.85,2.0,1,664,0,1474266,0.2,1.44,0,697,0
E00011,E00181,supplier,0.32,31,7573949,0.11,0.84,0,765,0,1474266,0.2,1.44,0,697,0
E00172,E02264,supplier,0.66,4,4330295,0.85,2.0,1,664,0,3534214,0.85,1.95,0,615,1
E00075,E02264,shared_director,0.15,50,4770311,0.3,1.75,0,557,0,3534214,0.85,1.95,0,615,1
E01111,E02264,shared_director,0.45,7,7389348,0.69,1.83,2,517,1,3534214,0.85,1.95,0,615,1
E00172,E00261,shared_director,0.12,16,4330295,0.85,2.0,1,664,0,3319779,0.56,0.97,4,605,0
E02071,E00261,parent_company,0.27,13,3585413,0.62,1.14,1,617,0,3319779,0.56,0.97,4,605,0
E02515,E00261,shared_director,0.76,47,4635163,0.1,0.58,1,526,0,3319779,0.56,0.97,4,605,0
E01601,E00261,shared_director,0.27,7,3077023,0.61,0.67,0,699,0,3319779,0.56,0.97,4,605,0
E01511,E00261,parent_company,0.54,18,1949361,0.65,1.84,1,521,0,3319779,0.56,0.97,4,605,0
E01407,E00261,parent_company,0.85,18,7910042,0.58,1.27,2,730,0,3319779,0.56,0.97,4,605,0
E00172,E00625,co-investor,0.41,19,4330295,0.85,2.0,1,664,0,6048725,0.53,0.76,1,809,0
E02530,E00625,parent_company,0.32,50,5139858,0.96,1.61,1,533,1,6048725,0.53,0.76,1,809,0
E02849,E00625,shared_director,0.71,41,5572389,0.46,1.22,2,652,0,6048725,0.53,0.76,1,809,0
E01940,E01038,supplier,0.78,13,7110437,0.89,1.3,1,674,0,4989205,0.59,1.99,0,788,0
E00755,E01038,co-investor,0.52,5,3985784,0.88,0.73,0,516,0,4989205,0.59,1.99,0,788,0
E02245,E01038,co-investor,0.4,21,5803121,0.1,1.55,1,514,0,4989205,0.59,1.99,0,788,0
E01940,E00988,parent_company,0.37,46,7110437,0.89,1.3,1,674,0,3161639,0.83,0.7,2,544,1
E02269,E00988,supplier,0.45,36,4910513,0.24,1.33,0,633,0,3161639,0.83,0.7,2,544,1
E02839,E00988,shared_director,0.76,27,1911245,0.88,0.56,2,635,0,3161639,0.83,0.7,2,544,1
E02068,E00988,supplier,0.78,30,4415480,0.32,1.47,2,660,0,3161639,0.83,0.7,2,544,1
E01940,E01427,shared_director,0.45,34,7110437,0.89,1.3,1,674,0,3290654,0.63,1.53,0,644,0
E00502,E01427,co-investor,0.6,36,5018583,0.16,1.66,1,780,0,3290654,0.63,1.53,0,644,0
E02404,E01427,supplier,0.18,13,3726659,0.83,1.11,2,631,0,3290654,0.63,1.53,0,644,0
E01940,E02144,parent_company,0.15,32,7110437,0.89,1.3,1,674,0,5522533,0.92,1.1,1,720,0
E01288,E02144,co-investor,0.44,32,7426632,0.69,1.83,1,792,0,5522533,0.92,1.1,1,720,0
E01940,E01572,supplier,0.48,38,7110437,0.89,1.3,1,674,0,6169145,0.31,0.66,1,799,1
E01527,E01572,supplier,0.36,47,4524609,0.18,1.35,3,578,0,6169145,0.31,0.66,1,799,1
E00724,E01572,parent_company,0.6,22,3015373,0.5,1.3,2,534,0,6169145,0.31,0.66,1,799,1
E01172,E01731,supplier,0.57,2,6283861,0.66,1.28,2,502,0,4879422,0.43,1.41,0,672,0
E00722,E01731,shared_director,0.22,18,5127913,0.45,0.98,2,599,0,4879422,0.43,1.41,0,672,0
E00322,E01731,supplier,0.3,39,4190668,0.79,0.95,1,607,0,4879422,0.43,1.41,0,672,0
E00221,E01731,supplier,0.43,11,3980284,0.78,0.8,2,648,0,4879422,0.43,1.41,0,672,0
E01172,E01890,parent_company,0.48,40,6283861,0.66,1.28,2,502,0,2765851,0.13,1.71,2,779,0
E00986,E01890,parent_company,0.73,3,3791975,0.79,1.03,0,784,0,2765851,0.13,1.71,2,779,0
E01920,E01890,co-investor,0.81,21,8489278,0.87,1.63,3,601,0,2765851,0.13,1.71,2,779,0
E02900,E01890,co-investor,0.34,14,8198313,0.83,1.12,2,585,0,2765851,0.13,1.71,2,779,0
E01172,E02542,co-investor,0.54,35,6283861,0.66,1.28,2,502,0,3685030,0.5,1.62,0,570,0
E02014,E02542,co-investor,0.27,47,4764251,0.79,0.76,2,721,0,3685030,0.5,1.62,0,570,0
E02289,E02542,shared_director,0.21,37,5498357,0.53,1.25,1,733,0,3685030,0.5,1.62,0,570,0
E01120,E00510,co-investor,0.49,26,5251693,0.84,1.7,1,551,0,5806780,0.87,1.26,3,532,0
E01120,E02449,co-investor,0.86,25,5251693,0.84,1.7,1,551,0,4245911,0.88,0.63,1,658,1
E01829,E02449,supplier,0.32,3,8354925,0.56,0.99,1,769,0,4245911,0.88,0.63,1,658,1
E02770,E02449,supplier,0.45,49,4282592,0.7,1.58,2,747,1,4245911,0.88,0.63,1,658,1
E02534,E02449,co-investor,0.95,28,6310081,0.14,1.38,3,529,0,4245911,0.88,0.63,1,658,1
E01927,E02449,shared_director,0.57,48,2164752,0.55,0.8,0,765,0,4245911,0.88,0.63,1,658,1
E01120,E02363,parent_company,0.54,16,5251693,0.84,1.7,1,551,0,5245686,0.39,0.53,0,816,0
E02425,E02363,parent_company,0.59,31,8446930,0.92,1.96,2,824,0,5245686,0.39,0.53,0,816,0
E02220,E02363,supplier,0.96,34,2489784,0.74,1.67,2,576,0,5245686,0.39,0.53,0,816,0
E01120,E01657,shared_director,0.5,46,5251693,0.84,1.7,1,551,0,3898557,0.95,1.63,2,664,0
E00128,E01657,shared_director,0.6,36,7692088,0.87,1.45,1,585,1,3898557,0.95,1.63,2,664,0
E01058,E01657,shared_director,0.8,41,5966850,0.33,1.58,0,683,0,3898557,0.95,1.63,2,664,0
E02687,E01657,supplier,0.24,9,3364569,0.55,1.24,3,693,0,3898557,0.95,1.63,2,664,0
E00386,E01657,supplier,0.68,19,4008267,0.43,0.66,2,609,0,3898557,0.95,1.63,2,664,0
E01120,E02582,parent_company,0.14,19,5251693,0.84,1.7,1,551,0,5447496,0.55,1.64,1,500,0
E01563,E02582,parent_company,0.68,22,6277035,0.54,1.38,4,677,0,5447496,0.55,1.64,1,500,0
E02663,E02582,parent_company,0.34,36,8070297,0.84,0.84,3,552,0,5447496,0.55,1.64,1,500,0
E02729,E02582,shared_director,0.93,49,6197478,0.32,1.13,2,767,0,5447496,0.55,1.64,1,500,0
E01668,E02582,parent_company,0.7,34,6481181,0.24,1.27,1,638,0,5447496,0.55,1.64,1,500,0
E01802,E01584,co-investor,0.98,32,7495513,0.88,1.08,1,611,1,2535715,0.39,0.93,0,809,0
E01610,E01584,shared_director,0.97,5,4585044,0.39,0.66,2,509,0,2535715,0.39,0.93,0,809,0
E01965,E01584,supplier,0.73,17,7488996,0.47,2.0,2,656,0,2535715,0.39,0.93,0,809,0
E01802,E00679,parent_company,0.17,42,7495513,0.88,1.08,1,611,1,5150374,0.61,1.41,0,659,0
E01964,E00679,co-investor,0.97,42,6676473,0.65,1.92,4,573,0,5150374,0.61,1.41,0,659,0
E01802,E00414,co-investor,0.78,44,7495513,0.88,1.08,1,611,1,5715851,0.97,1.35,3,753,0
E00536,E00414,parent_company,0.75,38,7870363,0.75,0.69,1,565,1,5715851,0.97,1.35,3,753,0
E01222,E00414,supplier,0.55,4,7152292,0.71,1.58,1,524,1,5715851,0.97,1.35,3,753,0
E02192,E00414,supplier,0.14,21,4950685,0.72,1.58,3,609,0,5715851,0.97,1.35,3,753,0
E02063,E00414,parent_company,0.12,25,3923925,0.74,1.04,1,509,1,5715851,0.97,1.35,3,753,0
E02835,E02038,co-investor,0.93,34,7205855,0.76,1.52,4,506,0,4158122,0.6,1.72,2,687,0
E00153,E02038,shared_director,0.85,27,1951969,0.77,1.56,0,584,0,4158122,0.6,1.72,2,687,0
E02879,E02038,co-investor,0.76,39,5220779,0.67,1.59,2,543,1,4158122,0.6,1.72,2,687,0
E02713,E02038,supplier,0.18,43,7360981,0.27,1.33,2,626,0,4158122,0.6,1.72,2,687,0
E02835,E01471,co-investor,0.2,3,7205855,0.76,1.52,4,506,0,5383013,0.79,1.37,0,736,0
E01584,E01471,co-investor,0.92,27,2535715,0.39,0.93,0,809,0,5383013,0.79,1.37,0,736,0
E02115,E01471,shared_director,0.78,32,7225893,0.58,1.02,1,689,0,5383013,0.79,1.37,0,736,0
E02835,E02408,parent_company,0.43,33,7205855,0.76,1.52,4,506,0,4870664,0.31,0.68,0,534,1
E00047,E02408,parent_company,0.9,1,7141992,0.18,1.27,1,643,0,4870664,0.31,0.68,0,534,1
E02841,E02408,shared_director,0.65,39,3814980,0.57,1.1,2,628,0,4870664,0.31,0.68,0,534,1
E00222,E02408,co-investor,0.67,45,100000,0.56,0.98,3,505,0,4870664,0.31,0.68,0,534,1
E01225,E02408,supplier,0.23,15,2244598,0.37,1.12,0,803,0,4870664,0.31,0.68,0,534,1
E01093,E00339,shared_director,0.17,39,4003275,0.15,1.77,0,730,0,6297272,0.77,1.44,1,626,0
E01905,E00339,co-investor,0.72,7,2198652,0.4,1.65,3,753,0,6297272,0.77,1.44,1,626,0
E02617,E00339,supplier,0.47,29,4427662,0.47,1.34,1,615,0,6297272,0.77,1.44,1,626,0
E00478,E00339,supplier,0.54,43,5508347,0.53,0.57,4,784,0,6297272,0.77,1.44,1,626,0
E01093,E00118,shared_director,0.7,29,4003275,0.15,1.77,0,730,0,1493785,0.41,0.75,3,758,0
E00598,E00118,co-investor,0.98,16,3125543,0.13,0.85,4,588,1,1493785,0.41,0.75,3,758,0
E02653,E00118,supplier,0.46,32,6305292,0.75,1.97,2,810,0,1493785,0.41,0.75,3,758,0
E02917,E00118,parent_company,0.14,26,7736196,0.64,1.56,3,501,0,1493785,0.41,0.75,3,758,0
E01855,E00118,shared_director,0.72,8,5307663,0.98,1.91,2,660,0,1493785,0.41,0.75,3,758,0
E01093,E01712,supplier,0.54,42,4003275,0.15,1.77,0,730,0,4851578,0.18,1.22,2,712,0
E01833,E01712,shared_director,0.26,15,8136479,0.27,0.69,0,690,0,4851578,0.18,1.22,2,712,0
E00129,E01712,parent_company,0.53,35,9310479,0.79,1.17,1,698,0,4851578,0.18,1.22,2,712,0
E00740,E02235,co-investor,0.39,6,4178137,0.73,0.58,0,649,0,5760762,0.18,0.88,1,705,1
E02632,E02235,parent_company,0.66,36,5154289,0.47,1.29,0,616,0,5760762,0.18,0.88,1,705,1
E02653,E02235,supplier,0.13,2,6305292,0.75,1.97,2,810,0,5760762,0.18,0.88,1,705,1
E00740,E00690,co-investor,0.61,43,4178137,0.73,0.58,0,649,0,4522238,0.22,1.6,0,736,0
E02869,E00690,supplier,0.68,39,5638320,0.51,1.97,1,709,0,4522238,0.22,1.6,0,736,0
E02207,E00690,co-investor,0.98,19,8405392,0.37,1.5,1,790,0,4522238,0.22,1.6,0,736,0
E02033,E00690,parent_company,0.34,28,2255250,1.0,1.01,1,786,0,4522238,0.22,1.6,0,736,0
E02784,E00690,supplier,0.19,31,6607838,0.37,1.96,3,593,0,4522238,0.22,1.6,0,736,0
E01917,E00690,supplier,0.47,47,2925964,0.95,1.64,1,718,0,4522238,0.22,1.6,0,736,0
E00740,E01706,supplier,0.32,32,4178137,0.73,0.58,0,649,0,3087646,0.29,1.28,1,659,0
E02265,E01706,shared_director,0.46,10,4860843,0.62,1.16,1,814,0,3087646,0.29,1.28,1,659,0
E02775,E01706,supplier,0.87,27,6991743,0.45,0.76,1,527,0,3087646,0.29,1.28,1,659,0
E02150,E01706,shared_director,0.73,36,5423757,0.55,1.58,1,619,0,3087646,0.29,1.28,1,659,0
E00794,E01706,supplier,0.39,31,5336790,0.99,1.81,2,604,0,3087646,0.29,1.28,1,659,0
E00740,E01158,supplier,0.38,39,4178137,0.73,0.58,0,649,0,3272097,0.77,1.2,3,817,0
E02495,E01158,co-investor,0.72,31,3569956,0.52,1.8,1,760,0,3272097,0.77,1.2,3,817,0
E00483,E01158,supplier,0.81,32,3323225,0.5,1.24,4,547,0,3272097,0.77,1.2,3,817,0
E00824,E01158,co-investor,0.22,49,5077183,0.35,1.88,0,812,0,3272097,0.77,1.2,3,817,0
E00888,E01158,supplier,0.41,3,7909621,0.3,1.09,1,639,0,3272097,0.77,1.2,3,817,0
E00740,E01487,shared_director,0.86,37,4178137,0.73,0.58,0,649,0,7470243,0.62,0.82,2,731,0
E00365,E01487,co-investor,0.8,10,3111262,0.94,0.83,1,654,1,7470243,0.62,0.82,2,731,0
E01214,E01487,supplier,0.22,25,4639020,0.91,1.74,1,736,0,7470243,0.62,0.82,2,731,0
E01344,E02708,co-investor,0.38,39,8538233,0.9,0.88,1,803,0,4519694,0.43,0.56,6,501,0
E01779,E02708,co-investor,0.18,36,3985848,0.94,0.61,4,589,0,4519694,0.43,0.56,6,501,0
E01344,E01729,co-investor,0.7,38,8538233,0.9,0.88,1,803,0,3575011,0.74,0.69,2,554,0
E00130,E01729,parent_company,0.81,39,6344514,0.23,0.78,2,509,0,3575011,0.74,0.69,2,554,0
E00224,E01729,co-investor,0.28,13,5627723,0.64,0.61,1,831,0,3575011,0.74,0.69,2,554,0
E01598,E01729,co-investor,0.18,1,6144185,0.48,1.28,0,565,0,3575011,0.74,0.69,2,554,0
E00488,E01729,co-investor,0.7,1,4820954,0.98,0.5,1,782,0,3575011,0.74,0.69,2,554,0
E01344,E02761,parent_company,0.18,26,8538233,0.9,0.88,1,803,0,5345053,0.91,1.81,1,779,0
E00328,E02761,shared_director,0.11,48,5255605,0.36,0.87,1,510,0,5345053,0.91,1.81,1,779,0
E02417,E02761,co-investor,0.68,15,5672142,0.53,1.57,1,538,1,5345053,0.91,1.81,1,779,0
E00185,E02761,co-investor,0.5,17,7129137,0.97,0.77,2,764,0,5345053,0.91,1.81,1,779,0
E01344,E01147,supplier,0.15,32,8538233,0.9,0.88,1,803,0,6318761,0.14,0.9,1,548,1
E02551,E01147,parent_company,0.51,31,4656104,0.24,1.75,0,611,0,6318761,0.14,0.9,1,548,1
E02915,E01147,supplier,0.14,15,2997875,0.97,1.35,1,638,0,6318761,0.14,0.9,1,548,1
E01235,E01147,co-investor,0.51,28,3583423,0.19,1.12,3,708,0,6318761,0.14,0.9,1,548,1
E01718,E01147,supplier,0.2,13,6080048,0.55,1.6,1,727,0,6318761,0.14,0.9,1,548,1
E01344,E01886,shared_director,0.88,47,8538233,0.9,0.88,1,803,0,5329820,0.97,1.56,0,730,0
E02869,E01886,shared_director,0.52,43,5638320,0.51,1.97,1,709,0,5329820,0.97,1.56,0,730,0
E00992,E01886,co-investor,0.28,10,9829581,0.72,1.64,1,552,0,5329820,0.97,1.56,0,730,0
E01025,E01886,supplier,0.38,41,7323867,0.79,0.67,3,567,0,5329820,0.97,1.56,0,730,0
E02122,E01886,supplier,0.18,18,5746986,0.19,1.21,1,662,0,5329820,0.97,1.56,0,730,0
E01804,E01886,parent_company,0.39,13,7027351,0.42,1.21,2,574,0,5329820,0.97,1.56,0,730,0
E00116,E01886,co-investor,0.73,34,3367389,0.96,1.39,0,709,0,5329820,0.97,1.56,0,730,0
E02276,E01886,supplier,0.81,49,2779992,0.89,1.57,2,552,0,5329820,0.97,1.56,0,730,0
E02266,E01886,supplier,0.98,43,6779975,1.0,1.09,1,719,0,5329820,0.97,1.56,0,730,0
E01746,E00683,shared_director,0.42,3,2975810,0.88,0.55,1,538,1,3945061,0.83,1.66,0,698,0
E02478,E00683,shared_director,0.89,21,100000,0.28,1.88,2,638,0,3945061,0.83,1.66,0,698,0
E02345,E00683,parent_company,0.8,8,1585231,0.66,1.01,4,795,0,3945061,0.83,1.66,0,698,0
E01746,E02372,supplier,0.39,5,2975810,0.88,0.55,1,538,1,6718627,0.58,1.12,3,747,0
E01829,E02372,supplier,0.18,4,8354925,0.56,0.99,1,769,0,6718627,0.58,1.12,3,747,0
E02003,E02372,co-investor,0.79,5,7793193,0.22,1.74,0,572,0,6718627,0.58,1.12,3,747,0
E01445,E02519,shared_director,0.35,4,1333317,0.29,0.7,1,842,0,5193656,0.83,0.88,0,606,0
E01950,E02519,supplier,0.89,35,3421109,0.75,1.54,4,784,0,5193656,0.83,0.88,0,606,0
E00485,E02519,co-investor,0.95,23,6694158,0.29,1.12,0,773,0,5193656,0.83,0.88,0,606,0
E02602,E02519,supplier,0.71,3,8376884,0.42,1.48,3,818,0,5193656,0.83,0.88,0,606,0
E02463,E02519,parent_company,0.96,8,8979710,0.42,0.94,2,531,1,5193656,0.83,0.88,0,606,0
E02718,E02519,supplier,0.25,25,4961062,0.51,1.44,0,817,0,5193656,0.83,0.88,0,606,0
E02775,E02519,co-investor,0.95,38,6991743,0.45,0.76,1,527,0,5193656,0.83,0.88,0,606,0
E01964,E02519,shared_director,0.68,49,6676473,0.65,1.92,4,573,0,5193656,0.83,0.88,0,606,0
E01052,E02519,shared_director,0.52,7,5235442,0.66,1.48,0,707,0,5193656,0.83,0.88,0,606,0
E00583,E02519,shared_director,0.96,10,6941801,0.57,0.56,4,809,0,5193656,0.83,0.88,0,606,0
E00308,E02750,shared_director,0.43,48,5179912,0.21,0.63,2,748,0,5043887,0.21,1.64,1,616,0
E02110,E02750,co-investor,0.77,28,7342241,0.43,1.45,3,700,0,5043887,0.21,1.64,1,616,0
E02680,E02750,co-investor,0.19,14,3761854,0.44,0.89,3,831,0,5043887,0.21,1.64,1,616,0
E01638,E02750,shared_director,0.59,10,3804580,0.44,1.26,2,747,0,5043887,0.21,1.64,1,616,0
E01341,E02750,parent_company,0.47,46,1950957,0.49,0.69,0,691,0,5043887,0.21,1.64,1,616,0
E00308,E02241,supplier,0.4,40,5179912,0.21,0.63,2,748,0,3935375,0.41,0.83,1,668,0
E01749,E02241,co-investor,0.99,14,3701216,0.19,0.8,2,770,0,3935375,0.41,0.83,1,668,0
E00308,E01081,co-investor,0.72,25,5179912,0.21,0.63,2,748,0,3389256,0.68,1.39,3,640,0
E00101,E01081,shared_director,0.94,6,6000955,0.38,1.32,0,836,0,3389256,0.68,1.39,3,640,0
E00308,E01904,co-investor,0.69,32,5179912,0.21,0.63,2,748,0,719468,0.55,1.54,0,559,0
E02206,E01904,parent_company,0.67,47,4001231,0.83,0.66,0,548,0,719468,0.55,1.54,0,559,0
E00085,E01904,supplier,0.79,43,5579684,0.29,1.99,2,760,0,719468,0.55,1.54,0,559,0
E00251,E01904,co-investor,0.83,17,4253201,0.99,1.95,1,518,1,719468,0.55,1.54,0,559,0
E02783,E00656,supplier,0.23,39,4591409,0.89,1.44,1,552,0,5217085,0.66,0.82,1,530,1
E02581,E00656,shared_director,0.85,14,7105583,0.17,1.47,1,628,0,5217085,0.66,0.82,1,530,1
E00456,E00656,supplier,0.6,16,6554032,0.82,1.32,0,671,1,5217085,0.66,0.82,1,530,1
E00647,E00656,supplier,0.17,14,2798441,0.94,1.53,1,650,0,5217085,0.66,0.82,1,530,1
E02358,E00656,supplier,0.84,42,1298736,0.3,1.31,2,713,0,5217085,0.66,0.82,1,530,1
E02783,E00391,parent_company,0.97,27,4591409,0.89,1.44,1,552,0,4951646,0.26,1.91,0,575,0
E00324,E00391,co-investor,0.91,29,5349278,0.92,0.74,1,610,0,4951646,0.26,1.91,0,575,0
E00300,E00391,supplier,0.15,16,5989911,0.15,0.64,1,580,0,4951646,0.26,1.91,0,575,0
E00343,E00391,parent_company,0.29,32,4555174,0.18,1.58,2,532,0,4951646,0.26,1.91,0,575,0
E00017,E00391,co-investor,0.58,28,7771806,0.95,1.47,1,594,0,4951646,0.26,1.91,0,575,0
E01595,E00391,shared_director,0.96,27,6097416,0.29,1.81,0,606,0,4951646,0.26,1.91,0,575,0
E02783,E00518,parent_company,0.2,1,4591409,0.89,1.44,1,552,0,3165680,0.25,1.07,1,677,0
E00580,E00518,co-investor,0.55,1,3099303,0.54,1.63,1,724,0,3165680,0.25,1.07,1,677,0
E00258,E00518,parent_company,0.65,42,3592759,0.41,0.64,1,721,0,3165680,0.25,1.07,1,677,0
E02783,E00517,shared_director,0.7,12,4591409,0.89,1.44,1,552,0,6094431,0.49,0.75,0,796,0
E00581,E00517,supplier,0.39,23,3258854,0.18,0.89,1,773,0,6094431,0.49,0.75,0,796,0
E02348,E00517,co-investor,0.42,31,6187853,0.92,1.69,1,807,0,6094431,0.49,0.75,0,796,0
E00087,E00517,parent_company,0.41,1,4700244,0.68,0.67,1,568,0,6094431,0.49,0.75,0,796,0
E00388,E00517,parent_company,0.67,28,2812742,0.28,0.84,2,564,1,6094431,0.49,0.75,0,796,0
E02783,E01426,co-investor,0.66,35,4591409,0.89,1.44,1,552,0,7406225,0.36,0.54,4,738,0
E00468,E01426,co-investor,0.86,40,5638446,0.59,1.24,3,608,0,7406225,0.36,0.54,4,738,0
E01370,E01426,shared_director,0.47,8,7007133,0.11,0.71,4,776,0,7406225,0.36,0.54,4,738,0
E01885,E01426,supplier,0.69,3,5271437,0.84,1.02,0,702,1,7406225,0.36,0.54,4,738,0
E02593,E01426,supplier,0.17,14,7939165,0.12,0.89,2,535,0,7406225,0.36,0.54,4,738,0
E02783,E00740,supplier,0.43,7,4591409,0.89,1.44,1,552,0,4178137,0.73,0.58,0,649,0
E00478,E00740,shared_director,0.64,38,5508347,0.53,0.57,4,784,0,4178137,0.73,0.58,0,649,0
E02781,E00740,supplier,0.31,38,5247834,0.12,0.75,3,833,0,4178137,0.73,0.58,0,649,0
E02778,E01795,supplier,0.21,16,6839406,0.39,0.74,3,751,0,5175156,0.49,1.38,1,799,0
E00465,E01795,parent_company,0.44,36,531147,0.67,1.26,4,806,0,5175156,0.49,1.38,1,799,0
E01409,E01795,parent_company,0.56,38,4641579,0.59,0.56,2,520,0,5175156,0.49,1.38,1,799,0
E01520,E01795,parent_company,0.5,50,4916638,0.98,1.67,2,594,0,5175156,0.49,1.38,1,799,0
E00904,E01795,parent_company,0.12,16,3328475,0.18,1.62,2,644,0,5175156,0.49,1.38,1,799,0
E02643,E01501,co-investor,0.44,37,3004650,0.76,1.84,2,602,0,7150351,0.55,0.75,0,545,1
E00474,E01501,parent_company,0.55,17,3583842,0.97,1.37,4,756,0,7150351,0.55,0.75,0,545,1
E02746,E01501,shared_director,0.2,38,5676504,0.7,1.27,1,644,0,7150351,0.55,0.75,0,545,1
E02249,E01501,co-investor,0.52,33,3635218,0.2,1.37,0,698,0,7150351,0.55,0.75,0,545,1
E00532,E01501,parent_company,0.93,19,5593256,0.94,0.73,1,796,0,7150351,0.55,0.75,0,545,1
E02643,E02086,co-investor,0.55,30,3004650,0.76,1.84,2,602,0,6259499,0.43,0.61,0,632,0
E00551,E02086,supplier,0.34,17,3229673,0.7,1.64,0,840,0,6259499,0.43,0.61,0,632,0
E02426,E02086,parent_company,0.29,26,5998171,0.65,0.58,1,645,0,6259499,0.43,0.61,0,632,0
E00428,E02086,shared_director,0.97,50,3941403,0.96,1.24,1,694,0,6259499,0.43,0.61,0,632,0
E02643,E01982,shared_director,0.97,39,3004650,0.76,1.84,2,602,0,5088535,0.74,0.8,0,650,1
E01658,E01982,parent_company,0.84,35,2947560,0.62,0.99,3,725,0,5088535,0.74,0.8,0,650,1
E00525,E01982,shared_director,0.64,44,5395131,0.39,0.59,2,601,1,5088535,0.74,0.8,0,650,1
E00879,E01982,shared_director,0.91,6,7575964,0.41,0.8,1,846,0,5088535,0.74,0.8,0,650,1
E02643,E01991,shared_director,0.3,36,3004650,0.76,1.84,2,602,0,2491402,0.11,0.9,1,557,0
E00411,E01991,parent_company,0.58,1,5551021,0.38,1.54,1,695,0,2491402,0.11,0.9,1,557,0
E01156,E01991,supplier,0.78,16,6558468,0.66,1.83,0,784,0,2491402,0.11,0.9,1,557,0
E01129,E01991,supplier,0.63,25,3067375,0.92,1.52,2,643,0,2491402,0.11,0.9,1,557,0
E00334,E01991,supplier,0.27,23,7160138,0.72,1.42,3,848,0,2491402,0.11,0.9,1,557,0
E02643,E01534,supplier,0.15,43,3004650,0.76,1.84,2,602,0,2297108,0.89,0.9,2,631,0
E00291,E01534,parent_company,0.71,5,6004833,0.36,1.88,2,522,0,2297108,0.89,0.9,2,631,0
E00520,E01534,co-investor,0.87,10,9006814,0.58,1.44,0,603,0,2297108,0.89,0.9,2,631,0
E02031,E01534,co-investor,0.72,42,6701295,0.27,1.81,1,835,0,2297108,0.89,0.9,2,631,0
E02643,E00925,co-investor,0.99,35,3004650,0.76,1.84,2,602,0,3313478,0.38,0.57,2,799,0
E00255,E00925,shared_director,0.18,37,5687237,0.14,1.29,4,675,0,3313478,0.38,0.57,2,799,0
E00436,E00925,shared_director,0.24,45,6128554,0.77,0.51,0,798,0,3313478,0.38,0.57,2,799,0
E00933,E00925,parent_company,0.34,27,4300775,0.62,0.74,1,591,0,3313478,0.38,0.57,2,799,0
E00133,E02479,parent_company,0.71,24,2423105,0.71,1.72,3,563,1,6345886,0.64,1.09,0,848,0
E01396,E02479,shared_director,0.97,21,4951944,0.82,0.69,0,501,0,6345886,0.64,1.09,0,848,0
E02291,E02479,supplier,0.83,30,3370810,0.38,0.91,0,584,1,6345886,0.64,1.09,0,848,0
E01551,E02479,shared_director,0.44,23,3675738,0.24,1.58,0,806,0,6345886,0.64,1.09,0,848,0
E00769,E02479,supplier,0.31,6,3011787,0.84,0.98,1,825,0,6345886,0.64,1.09,0,848,0
E00587,E02479,supplier,0.62,46,8029035,0.49,0.83,0,776,0,6345886,0.64,1.09,0,848,0
E00133,E01470,shared_director,0.19,44,2423105,0.71,1.72,3,563,1,3367192,0.47,0.98,2,533,0
E01825,E01470,co-investor,0.54,7,5633080,0.62,1.45,2,727,0,3367192,0.47,0.98,2,533,0
E01364,E01470,shared_director,0.51,35,4326204,0.23,1.84,1,843,0,3367192,0.47,0.98,2,533,0
E01044,E01470,supplier,0.74,38,5401303,0.23,0.83,2,747,0,3367192,0.47,0.98,2,533,0
E00133,E00055,parent_company,0.37,31,2423105,0.71,1.72,3,563,1,1994469,0.68,0.71,0,809,0
E00717,E00055,supplier,0.69,50,9929755,0.26,1.06,3,680,0,1994469,0.68,0.71,0,809,0
E00879,E00055,parent_company,0.82,50,7575964,0.41,0.8,1,846,0,1994469,0.68,0.71,0,809,0
E00133,E01263,shared_director,0.38,16,2423105,0.71,1.72,3,563,1,5941957,0.44,0.78,1,826,0
E00133,E01119,co-investor,0.99,7,2423105,0.71,1.72,3,563,1,1127769,0.7,1.27,0,747,0
E00634,E01119,shared_director,0.75,10,1629378,0.59,1.45,0,520,1,1127769,0.7,1.27,0,747,0
E00968,E01119,shared_director,0.61,17,3215088,0.82,1.68,4,707,0,1127769,0.7,1.27,0,747,0
E00843,E01119,shared_director,0.72,30,2318893,0.95,1.54,2,743,1,1127769,0.7,1.27,0,747,0
E02739,E01119,shared_director,0.24,48,7851789,0.5,0.69,1,824,0,1127769,0.7,1.27,0,747,0
E00133,E02602,shared_director,0.32,45,2423105,0.71,1.72,3,563,1,8376884,0.42,1.48,3,818,0
E00805,E02602,co-investor,0.21,20,3038165,0.65,1.18,3,672,0,8376884,0.42,1.48,3,818,0
E02763,E02602,shared_director,0.57,23,9889165,0.6,0.7,1,722,0,8376884,0.42,1.48,3,818,0
E02790,E02602,shared_director,0.89,31,5345100,0.23,1.43,2,536,0,8376884,0.42,1.48,3,818,0
E00133,E02272,co-investor,0.19,7,2423105,0.71,1.72,3,563,1,2197994,0.81,1.3,5,820,0
E02453,E02272,parent_company,0.16,10,5306203,0.79,1.33,1,537,0,2197994,0.81,1.3,5,820,0
E02740,E02272,supplier,0.4,24,3841909,0.14,1.13,3,550,0,2197994,0.81,1.3,5,820,0
E01524,E01819,supplier,0.62,34,3553074,0.22,0.91,2,817,0,4780460,0.57,1.87,0,589,0
E02909,E01819,shared_director,0.25,37,579914,0.72,1.68,2,695,1,4780460,0.57,1.87,0,589,0
E01576,E01819,supplier,0.3,25,5449251,0.2,1.59,0,517,0,4780460,0.57,1.87,0,589,0
E01382,E01819,supplier,0.36,10,3632080,0.47,0.56,1,791,0,4780460,0.57,1.87,0,589,0
E01853,E01819,shared_director,0.52,22,4629918,0.17,0.62,3,799,0,4780460,0.57,1.87,0,589,0
E01782,E01819,supplier,0.61,45,5154947,0.63,1.69,1,601,0,4780460,0.57,1.87,0,589,0
E00753,E01819,supplier,0.7,6,4742985,0.62,0.64,2,826,0,4780460,0.57,1.87,0,589,0
E01524,E02174,parent_company,0.13,36,3553074,0.22,0.91,2,817,0,3839712,0.4,0.53,1,577,0
E01299,E02174,supplier,0.89,14,5010985,0.7,1.59,1,602,0,3839712,0.4,0.53,1,577,0
E02509,E02174,supplier,0.71,5,3812193,0.27,0.66,3,786,0,3839712,0.4,0.53,1,577,0
E01084,E02174,supplier,0.63,46,5608385,0.69,0.78,2,711,0,3839712,0.4,0.53,1,577,0
E00987,E02174,supplier,0.69,44,6769213,0.37,1.18,1,536,0,3839712,0.4,0.53,1,577,0
E01218,E02174,co-investor,0.74,14,5537322,0.25,1.3,0,849,0,3839712,0.4,0.53,1,577,0
E01504,E01631,co-investor,0.68,16,3477184,0.55,1.09,5,570,0,7383917,1.0,0.84,2,842,0
E00859,E01631,co-investor,0.11,11,6625378,1.0,1.77,1,527,0,7383917,1.0,0.84,2,842,0
E00729,E01631,supplier,0.28,6,100000,0.53,0.77,2,516,0,7383917,1.0,0.84,2,842,0
E01157,E01631,parent_company,0.38,26,7100221,0.62,0.83,0,755,1,7383917,1.0,0.84,2,842,0
E02872,E01631,co-investor,0.24,40,2975453,0.53,0.57,0,818,0,7383917,1.0,0.84,2,842,0
E01504,E00699,supplier,0.53,42,3477184,0.55,1.09,5,570,0,5502611,0.73,0.5,0,834,0
E01968,E00699,shared_director,0.23,44,5676693,0.34,1.07,0,588,0,5502611,0.73,0.5,0,834,0
E00065,E00699,parent_company,0.14,37,2965615,0.71,1.1,0,674,0,5502611,0.73,0.5,0,834,0
E00661,E00699,supplier,0.65,12,6389995,0.78,1.59,1,645,0,5502611,0.73,0.5,0,834,0
E02350,E00699,co-investor,0.18,31,6847940,0.21,1.31,1,661,0,5502611,0.73,0.5,0,834,0
E01766,E00699,parent_company,0.44,46,3685135,0.85,1.9,2,506,0,5502611,0.73,0.5,0,834,0
E00798,E00699,parent_company,0.95,39,8444257,0.35,1.02,1,607,0,5502611,0.73,0.5,0,834,0
E00465,E01973,shared_director,0.53,38,531147,0.67,1.26,4,806,0,5667455,0.15,0.53,5,582,0
E00557,E01973,parent_company,0.66,35,5339387,0.57,0.83,0,581,0,5667455,0.15,0.53,5,582,0
E02009,E01973,co-investor,0.26,40,7148494,0.17,0.94,4,752,0,5667455,0.15,0.53,5,582,0
E02317,E01973,co-investor,0.88,8,3074625,0.38,1.53,1,763,0,5667455,0.15,0.53,5,582,0
E00465,E02720,parent_company,0.92,7,531147,0.67,1.26,4,806,0,2841215,0.34,1.68,2,742,0
E02389,E02720,shared_director,0.64,50,5259000,0.29,1.55,0,571,0,2841215,0.34,1.68,2,742,0
E02301,E00483,co-investor,0.8,46,6485718,0.39,0.81,3,604,0,3323225,0.5,1.24,4,547,0
E01929,E00483,shared_director,0.16,20,4707826,0.52,1.68,0,640,0,3323225,0.5,1.24,4,547,0
E01437,E00483,co-investor,0.52,45,6686745,0.9,1.42,1,627,0,3323225,0.5,1.24,4,547,0
E00129,E00483,parent_company,0.43,49,9310479,0.79,1.17,1,698,0,3323225,0.5,1.24,4,547,0
E02301,E01105,supplier,0.12,14,6485718,0.39,0.81,3,604,0,4793953,0.71,0.53,0,540,0
E02881,E01105,co-investor,0.16,26,3168150,0.64,0.85,2,603,0,4793953,0.71,0.53,0,540,0
E00044,E01105,shared_director,0.16,12,6047905,0.48,1.73,1,802,0,4793953,0.71,0.53,0,540,0
E01861,E01105,co-investor,0.78,23,7213929,0.61,1.73,0,766,0,4793953,0.71,0.53,0,540,0
E01073,E01105,parent_company,0.57,29,7297466,0.12,0.97,0,692,0,4793953,0.71,0.53,0,540,0
E02301,E00935,parent_company,0.39,43,6485718,0.39,0.81,3,604,0,7294818,0.32,0.7,1,533,0
E02010,E00935,co-investor,0.6,25,8052372,0.53,1.59,2,557,0,7294818,0.32,0.7,1,533,0
E02046,E00935,parent_company,0.27,12,7210121,0.51,1.83,1,802,0,7294818,0.32,0.7,1,533,0
E01689,E00935,parent_company,0.21,19,4079473,0.29,1.21,2,760,0,7294818,0.32,0.7,1,533,0
E02301,E00937,co-investor,0.69,28,6485718,0.39,0.81,3,604,0,7397282,0.74,1.18,0,569,1
E02810,E00937,supplier,0.75,16,6688566,0.35,1.66,4,673,0,7397282,0.74,1.18,0,569,1
E01104,E00937,co-investor,0.52,20,7487705,0.42,1.86,1,680,0,7397282,0.74,1.18,0,569,1
E00457,E00937,supplier,0.85,12,5803251,0.86,1.83,2,640,0,7397282,0.74,1.18,0,569,1
E02168,E00937,parent_company,0.87,44,4074368,0.62,0.89,0,540,1,7397282,0.74,1.18,0,569,1
E02301,E01637,shared_director,0.72,33,6485718,0.39,0.81,3,604,0,3579837,0.36,1.09,3,635,0
E00860,E01637,shared_director,0.64,14,6155821,0.36,1.16,2,628,0,3579837,0.36,1.09,3,635,0
E02380,E01637,shared_director,0.77,46,3641118,0.66,1.61,2,515,0,3579837,0.36,1.09,3,635,0
E01828,E00879,co-investor,0.72,32,4121988,0.66,1.66,4,769,0,7575964,0.41,0.8,1,846,0
E01426,E00879,shared_director,0.75,48,7406225,0.36,0.54,4,738,0,7575964,0.41,0.8,1,846,0
E02537,E00879,shared_director,0.53,34,1029077,0.24,1.32,2,725,0,7575964,0.41,0.8,1,846,0
E01324,E00879,shared_director,0.44,42,3269921,0.21,1.41,1,733,0,7575964,0.41,0.8,1,846,0
E01828,E00653,parent_company,0.61,37,4121988,0.66,1.66,4,769,0,3756363,0.89,1.23,4,820,0
E02147,E00653,supplier,0.38,2,5857581,0.5,0.58,2,764,0,3756363,0.89,1.23,4,820,0
E00241,E00653,supplier,0.47,38,7334205,0.94,1.54,2,580,1,3756363,0.89,1.23,4,820,0
E01861,E00653,shared_director,0.24,11,7213929,0.61,1.73,0,766,0,3756363,0.89,1.23,4,820,0
E01828,E01183,parent_company,0.21,9,4121988,0.66,1.66,4,769,0,7443601,0.13,1.82,1,608,0
E02203,E01183,parent_company,0.8,37,7447706,0.77,1.08,1,557,1,7443601,0.13,1.82,1,608,0
E00049,E01183,shared_director,0.44,21,6704492,0.57,1.25,1,577,0,7443601,0.13,1.82,1,608,0
E01813,E01183,parent_company,0.83,28,3270868,0.5,1.53,1,832,0,7443601,0.13,1.82,1,608,0
E02220,E01183,supplier,0.96,9,2489784,0.74,1.67,2,576,0,7443601,0.13,1.82,1,608,0
E00400,E01183,co-investor,1.0,45,5075320,0.65,1.92,1,509,0,7443601,0.13,1.82,1,608,0
E00820,E00503,parent_company,0.87,29,3148758,0.93,0.82,1,530,0,5278685,0.91,0.75,0,506,1
E01679,E00503,co-investor,0.94,14,2940130,0.66,0.94,2,695,1,5278685,0.91,0.75,0,506,1
E01656,E00503,parent_company,0.85,47,2348980,0.66,1.0,2,802,0,5278685,0.91,0.75,0,506,1
E00864,E00503,co-investor,0.75,10,6447227,0.25,1.95,1,731,0,5278685,0.91,0.75,0,506,1
E00820,E01539,parent_company,0.17,38,3148758,0.93,0.82,1,530,0,4208342,0.42,1.49,2,692,0
E00030,E01539,co-investor,0.94,31,5093830,0.9,1.41,1,512,0,4208342,0.42,1.49,2,692,0
E01581,E01539,parent_company,0.63,37,3872599,0.51,1.37,2,737,0,4208342,0.42,1.49,2,692,0
E00820,E02646,parent_company,0.96,39,3148758,0.93,0.82,1,530,0,5489638,0.7,1.45,2,524,0
E01137,E02646,supplier,0.88,46,4624931,0.18,1.82,2,688,0,5489638,0.7,1.45,2,524,0
E01449,E02646,parent_company,0.98,50,3747619,0.31,0.67,1,708,1,5489638,0.7,1.45,2,524,0
E00820,E02336,co-investor,0.85,44,3148758,0.93,0.82,1,530,0,4255455,0.71,1.96,4,537,0
E01934,E02336,supplier,0.84,25,5890071,0.95,1.28,0,790,0,4255455,0.71,1.96,4,537,0
E01167,E02336,co-investor,0.2,8,3532424,0.67,1.86,3,599,1,4255455,0.71,1.96,4,537,0
E00820,E01885,co-investor,0.61,45,3148758,0.93,0.82,1,530,0,5271437,0.84,1.02,0,702,1
E02292,E01885,shared_director,0.59,1,3907481,0.76,0.75,0,742,0,5271437,0.84,1.02,0,702,1
E02287,E01885,co-investor,0.81,2,1893735,0.15,0.84,0,723,0,5271437,0.84,1.02,0,702,1
E01955,E01885,shared_director,0.88,48,4735825,0.54,0.95,1,783,0,5271437,0.84,1.02,0,702,1
E00004,E01885,supplier,0.62,45,5807641,0.54,0.93,2,722,0,5271437,0.84,1.02,0,702,1
E00820,E00253,shared_director,0.9,28,3148758,0.93,0.82,1,530,0,6591813,0.15,0.58,4,742,0
E00707,E00253,supplier,0.33,3,3985753,0.35,1.06,1,828,0,6591813,0.15,0.58,4,742,0
E00143,E00253,shared_director,0.82,9,2992484,0.96,0.56,2,723,0,6591813,0.15,0.58,4,742,0
E00782,E00253,co-investor,0.89,14,5414187,0.52,0.96,0,562,0,6591813,0.15,0.58,4,742,0
E02276,E00253,shared_director,0.81,9,2779992,0.89,1.57,2,552,0,6591813,0.15,0.58,4,742,0
E00708,E01995,co-investor,0.74,37,4527290,0.37,1.52,2,534,1,8523377,0.45,1.32,0,668,0
E00435,E01995,shared_director,0.33,13,2744345,0.3,0.8,1,532,0,8523377,0.45,1.32,0,668,0
E00055,E01995,shared_director,0.31,7,1994469,0.68,0.71,0,809,0,8523377,0.45,1.32,0,668,0
E01310,E02736,co-investor,0.74,36,6807845,0.34,1.09,3,551,0,7020827,0.95,1.21,3,554,0
E00947,E02736,co-investor,0.31,36,7065927,0.86,1.62,0,549,1,7020827,0.95,1.21,3,554,0
E00356,E02736,co-investor,0.85,24,4314048,0.79,1.82,2,552,1,7020827,0.95,1.21,3,554,0
E00709,E02736,co-investor,0.99,2,2624174,0.98,0.6,0,838,1,7020827,0.95,1.21,3,554,0
E00751,E02736,co-investor,0.2,4,2912054,0.92,1.6,4,567,0,7020827,0.95,1.21,3,554,0
E01337,E02736,co-investor,0.88,1,4104171,0.58,1.85,1,674,0,7020827,0.95,1.21,3,554,0
E01310,E02200,supplier,0.25,28,6807845,0.34,1.09,3,551,0,6363381,0.71,1.39,1,545,0
E02874,E02200,supplier,0.2,16,5204149,0.54,1.87,1,686,0,6363381,0.71,1.39,1,545,0
E00886,E02200,parent_company,0.44,39,2779553,0.83,0.54,0,504,0,6363381,0.71,1.39,1,545,0
E01770,E02200,shared_director,0.69,7,4693031,0.24,1.61,3,767,0,6363381,0.71,1.39,1,545,0
E02451,E02200,parent_company,0.14,45,2600280,0.14,1.06,1,771,0,6363381,0.71,1.39,1,545,0
E01310,E01871,shared_director,0.77,46,6807845,0.34,1.09,3,551,0,4041897,0.52,1.7,1,739,0
E00947,E01871,co-investor,0.34,4,7065927,0.86,1.62,0,549,1,4041897,0.52,1.7,1,739,0
E01370,E01871,parent_company,0.32,33,7007133,0.11,0.71,4,776,0,4041897,0.52,1.7,1,739,0
E00117,E01871,co-investor,0.42,44,7631533,0.44,1.98,0,757,0,4041897,0.52,1.7,1,739,0
E02809,E01871,supplier,0.13,8,3820181,0.49,1.37,0,737,0,4041897,0.52,1.7,1,739,0
E01443,E01871,parent_company,0.17,40,3522394,0.76,1.03,2,673,0,4041897,0.52,1.7,1,739,0
E01310,E01522,parent_company,0.73,23,6807845,0.34,1.09,3,551,0,5432633,0.51,0.87,2,534,0
E00319,E01522,co-investor,0.89,16,5351091,0.87,1.4,2,729,0,5432633,0.51,0.87,2,534,0
E02042,E01522,shared_director,0.73,3,2802898,0.17,1.27,2,548,0,5432633,0.51,0.87,2,534,0
E02337,E01522,shared_director,0.16,28,6649498,0.46,1.92,0,621,0,5432633,0.51,0.87,2,534,0
E00224,E01522,shared_director,0.28,7,5627723,0.64,0.61,1,831,0,5432633,0.51,0.87,2,534,0
E01906,E01522,parent_company,0.52,27,5028664,0.5,1.16,2,507,0,5432633,0.51,0.87,2,534,0
E02653,E01522,supplier,0.81,48,6305292,0.75,1.97,2,810,0,5432633,0.51,0.87,2,534,0
E02221,E01190,co-investor,0.87,46,4297607,0.84,1.3,1,558,0,194492,0.92,1.94,2,700,0
E00066,E01190,co-investor,0.51,42,6033338,0.94,1.01,1,846,0,194492,0.92,1.94,2,700,0
E02257,E01190,shared_director,0.51,38,4716396,0.47,1.73,1,571,0,194492,0.92,1.94,2,700,0
E00980,E01190,parent_company,0.2,8,2946718,0.15,0.51,1,544,0,194492,0.92,1.94,2,700,0
E02221,E02072,co-investor,0.47,26,4297607,0.84,1.3,1,558,0,5250730,0.24,1.93,0,810,0
E02466,E02072,parent_company,0.17,29,3994760,0.73,1.72,0,664,0,5250730,0.24,1.93,0,810,0
E01788,E02072,shared_director,0.75,10,1677513,0.84,0.54,0,694,0,5250730,0.24,1.93,0,810,0
E02221,E02572,shared_director,0.15,36,4297607,0.84,1.3,1,558,0,7364705,0.22,1.1,1,537,0
E01101,E02572,shared_director,0.44,5,6527182,0.98,1.67,2,546,1,7364705,0.22,1.1,1,537,0
E00261,E02572,shared_director,0.55,35,3319779,0.56,0.97,4,605,0,7364705,0.22,1.1,1,537,0
E02221,E01782,supplier,0.88,8,4297607,0.84,1.3,1,558,0,5154947,0.63,1.69,1,601,0
E01864,E01782,supplier,0.52,3,3498794,0.59,1.27,1,817,0,5154947,0.63,1.69,1,601,0
E01658,E01782,co-investor,0.53,10,2947560,0.62,0.99,3,725,0,5154947,0.63,1.69,1,601,0
E02907,E02869,parent_company,0.81,33,4499624,0.32,1.54,2,740,0,5638320,0.51,1.97,1,709,0
E02901,E02869,supplier,0.47,31,7402029,0.58,0.85,1,731,1,5638320,0.51,1.97,1,709,0
E00602,E02869,shared_director,0.5,14,5127376,0.14,1.29,1,535,0,5638320,0.51,1.97,1,709,0
E00166,E02869,shared_director,0.8,7,3682462,0.27,1.59,2,817,0,5638320,0.51,1.97,1,709,0
E00919,E00498,parent_company,0.81,16,6895651,0.35,1.63,2,814,0,2930090,0.98,1.91,2,842,0
E00153,E00498,shared_director,0.31,39,1951969,0.77,1.56,0,584,0,2930090,0.98,1.91,2,842,0
E01178,E00498,shared_director,0.45,41,4295973,0.87,1.18,1,573,0,2930090,0.98,1.91,2,842,0
E00919,E02653,parent_company,0.94,34,6895651,0.35,1.63,2,814,0,6305292,0.75,1.97,2,810,0
E02602,E02653,co-investor,0.5,2,8376884,0.42,1.48,3,818,0,6305292,0.75,1.97,2,810,0
E00919,E00895,co-investor,0.3,8,6895651,0.35,1.63,2,814,0,6178113,0.97,1.54,3,539,0
E00049,E00895,shared_director,0.23,23,6704492,0.57,1.25,1,577,0,6178113,0.97,1.54,3,539,0
E00839,E00895,supplier,0.37,44,4032377,0.38,0.52,1,589,0,6178113,0.97,1.54,3,539,0
E01927,E00895,parent_company,0.25,44,2164752,0.55,0.8,0,765,0,6178113,0.97,1.54,3,539,0
E00879,E00895,co-investor,0.19,17,7575964,0.41,0.8,1,846,0,6178113,0.97,1.54,3,539,0
E01682,E00895,supplier,0.24,21,6641110,0.56,0.83,1,826,1,6178113,0.97,1.54,3,539,0
E02159,E00895,parent_company,0.32,14,5686134,0.88,1.71,1,686,0,6178113,0.97,1.54,3,539,0
E00919,E00102,shared_director,0.18,12,6895651,0.35,1.63,2,814,0,2893482,0.48,1.46,1,789,0
E01159,E00102,co-investor,0.56,33,5856625,0.71,1.21,0,808,1,2893482,0.48,1.46,1,789,0
E02432,E00102,supplier,0.75,23,5974827,0.65,1.0,3,519,1,2893482,0.48,1.46,1,789,0
E00919,E02557,co-investor,0.95,45,6895651,0.35,1.63,2,814,0,8135592,0.54,1.86,2,665,0
E00536,E02557,supplier,0.76,2,7870363,0.75,0.69,1,565,1,8135592,0.54,1.86,2,665,0
E00683,E02557,co-investor,0.61,27,3945061,0.83,1.66,0,698,0,8135592,0.54,1.86,2,665,0
E01225,E02557,supplier,0.2,45,2244598,0.37,1.12,0,803,0,8135592,0.54,1.86,2,665,0
E00919,E02173,supplier,0.44,40,6895651,0.35,1.63,2,814,0,4236951,0.78,1.1,2,841,0
E00136,E02173,parent_company,0.86,16,6103727,0.68,0.67,1,844,0,4236951,0.78,1.1,2,841,0
E01612,E02173,parent_company,0.56,48,2461209,0.21,1.6,1,536,0,4236951,0.78,1.1,2,841,0
E01928,E02173,parent_company,0.46,35,6199718,0.99,0.62,2,786,0,4236951,0.78,1.1,2,841,0
E00295,E02173,parent_company,0.89,2,3701617,0.91,1.9,1,591,0,4236951,0.78,1.1,2,841,0
E01915,E02260,parent_company,0.65,6,3024382,0.38,1.31,1,699,0,4476589,0.37,0.93,2,535,0
E00151,E02260,co-investor,0.59,35,2131270,0.22,1.57,1,784,0,4476589,0.37,0.93,2,535,0
E02288,E02260,co-investor,0.61,43,4397005,0.42,1.22,1,663,0,4476589,0.37,0.93,2,535,0
E00572,E02260,co-investor,0.2,8,6450302,0.76,1.86,0,751,1,4476589,0.37,0.93,2,535,0
E02178,E02260,shared_director,0.53,9,5664130,0.41,1.48,0,820,0,4476589,0.37,0.93,2,535,0
E00769,E02260,parent_company,0.67,3,3011787,0.84,0.98,1,825,0,4476589,0.37,0.93,2,535,0
E02100,E02260,shared_director,0.14,31,6120962,0.45,1.84,3,762,0,4476589,0.37,0.93,2,535,0
E01915,E00976,parent_company,0.92,18,3024382,0.38,1.31,1,699,0,4971960,0.86,1.37,0,551,0
E00399,E00976,shared_director,0.5,21,3247362,0.15,1.79,2,648,0,4971960,0.86,1.37,0,551,0
E00761,E00976,supplier,0.29,1,4940219,0.17,1.9,1,743,0,4971960,0.86,1.37,0,551,0
E01915,E01831,parent_company,0.92,32,3024382,0.38,1.31,1,699,0,5031615,0.42,0.75,1,677,0
E00208,E01831,shared_director,0.7,8,5269969,0.32,1.5,0,648,0,5031615,0.42,0.75,1,677,0
E01915,E00119,shared_director,0.87,31,3024382,0.38,1.31,1,699,0,6512703,0.16,0.57,1,683,0
E00962,E00119,co-investor,0.34,14,2804275,0.73,1.39,2,789,0,6512703,0.16,0.57,1,683,0
E00963,E00119,parent_company,0.34,9,5790618,0.3,0.64,4,572,1,6512703,0.16,0.57,1,683,0
E00270,E01267,shared_director,1.0,47,2485319,0.78,1.12,2,718,0,3112298,0.38,0.52,4,506,1
E00371,E01267,parent_company,0.82,30,5749955,0.4,0.75,3,518,0,3112298,0.38,0.52,4,506,1
E00305,E01267,parent_company,0.3,28,6635505,0.8,0.71,2,764,0,3112298,0.38,0.52,4,506,1
E00270,E02180,supplier,0.35,40,2485319,0.78,1.12,2,718,0,4239516,0.32,1.72,0,639,0
E01335,E02180,shared_director,0.75,25,8921382,0.16,1.51,2,793,0,4239516,0.32,1.72,0,639,0
E01372,E02180,shared_director,0.39,14,5384565,0.75,0.69,1,604,0,4239516,0.32,1.72,0,639,0
E00270,E00022,shared_director,0.47,5,2485319,0.78,1.12,2,718,0,3974171,0.6,1.48,2,790,0
E00738,E00022,shared_director,0.82,8,4874686,0.7,1.06,1,590,0,3974171,0.6,1.48,2,790,0
E01961,E02694,supplier,0.69,5,9057257,0.39,0.9,0,704,1,5653248,0.63,0.53,1,809,0
E00371,E02694,co-investor,0.69,4,5749955,0.4,0.75,3,518,0,5653248,0.63,0.53,1,809,0
E01961,E01402,parent_company,0.49,45,9057257,0.39,0.9,0,704,1,4730462,0.52,1.09,2,802,0
E02143,E01402,parent_company,0.74,2,6863142,0.4,1.74,2,785,0,4730462,0.52,1.09,2,802,0
E02827,E01402,parent_company,0.91,4,7482294,0.95,1.1,0,610,0,4730462,0.52,1.09,2,802,0
E00264,E01402,supplier,0.63,31,6167600,0.11,0.61,1,665,0,4730462,0.52,1.09,2,802,0
E00303,E00514,co-investor,0.68,29,4548572,0.39,1.31,1,602,0,3698572,0.8,1.05,0,820,0
E02473,E00514,parent_company,0.9,28,6464469,0.21,0.56,2,555,1,3698572,0.8,1.05,0,820,0
E02489,E00514,supplier,0.89,8,5146869,0.58,1.91,1,843,0,3698572,0.8,1.05,0,820,0
E01631,E00514,parent_company,0.47,16,7383917,1.0,0.84,2,842,0,3698572,0.8,1.05,0,820,0
E00303,E01454,shared_director,0.92,41,4548572,0.39,1.31,1,602,0,7251175,0.4,1.38,2,639,0
E00303,E01029,supplier,0.19,1,4548572,0.39,1.31,1,602,0,4279053,0.62,0.71,1,608,0
E02348,E01029,supplier,0.9,38,6187853,0.92,1.69,1,807,0,4279053,0.62,0.71,1,608,0
E00856,E01029,shared_director,0.91,34,5060623,0.5,1.81,3,783,0,4279053,0.62,0.71,1,608,0
E00303,E02258,parent_company,0.72,49,4548572,0.39,1.31,1,602,0,2632229,0.36,1.33,0,667,0
E00544,E02258,shared_director,0.14,13,6270793,0.66,1.97,3,644,0,2632229,0.36,1.33,0,667,0
E01909,E02786,co-investor,0.22,50,5349635,0.89,0.82,3,557,0,4119406,0.78,0.68,5,762,0
E02753,E02786,parent_company,0.33,17,3144431,0.14,1.59,2,559,0,4119406,0.78,0.68,5,762,0
E00020,E02786,co-investor,0.29,27,5561928,0.18,1.34,3,536,0,4119406,0.78,0.68,5,762,0
E02324,E02786,co-investor,0.85,34,3401303,0.31,1.02,2,623,0,4119406,0.78,0.68,5,762,0
E00961,E02786,supplier,0.24,18,5709556,0.47,1.0,1,780,0,4119406,0.78,0.68,5,762,0
E01909,E00404,shared_director,0.79,21,5349635,0.89,0.82,3,557,0,3536245,0.23,0.8,3,626,0
E01350,E00404,parent_company,0.31,24,2654816,0.18,1.96,0,816,0,3536245,0.23,0.8,3,626,0
E01909,E01919,shared_director,0.2,12,5349635,0.89,0.82,3,557,0,5224209,0.42,2.0,5,770,0
E02351,E01919,parent_company,0.78,50,3995449,0.18,1.99,0,762,0,5224209,0.42,2.0,5,770,0
E00282,E01919,co-investor,0.29,47,2736367,0.4,1.31,2,743,0,5224209,0.42,2.0,5,770,0
E01497,E01919,co-investor,0.46,7,3515987,0.84,1.74,0,670,0,5224209,0.42,2.0,5,770,0
E02259,E02621,parent_company,0.79,9,3570905,0.6,1.18,4,783,0,4366469,0.27,0.5,0,527,0
E02667,E02621,co-investor,0.46,43,2404980,0.62,1.77,0,597,0,4366469,0.27,0.5,0,527,0
E02128,E02621,supplier,0.23,27,7661734,0.2,1.47,4,747,0,4366469,0.27,0.5,0,527,0
E02259,E00593,co-investor,0.18,46,3570905,0.6,1.18,4,783,0,3061600,0.55,1.84,3,685,0
E02526,E00593,co-investor,0.7,47,6868855,0.42,1.08,1,757,0,3061600,0.55,1.84,3,685,0
E02779,E00593,supplier,0.31,36,5369735,0.97,0.81,2,537,1,3061600,0.55,1.84,3,685,0
E01141,E00593,supplier,0.39,9,4129555,0.27,1.85,0,693,0,3061600,0.55,1.84,3,685,0
E01437,E00593,supplier,0.86,40,6686745,0.9,1.42,1,627,0,3061600,0.55,1.84,3,685,0
E02259,E01091,shared_director,0.46,46,3570905,0.6,1.18,4,783,0,4817661,0.73,1.88,0,608,0
E00318,E01091,shared_director,0.18,38,2117011,0.25,1.2,1,722,0,4817661,0.73,1.88,0,608,0
E02259,E00694,parent_company,0.92,42,3570905,0.6,1.18,4,783,0,1797961,0.71,0.93,4,775,0
E02780,E00694,supplier,0.65,21,7781464,0.68,1.68,2,807,0,1797961,0.71,0.93,4,775,0
E00083,E00694,supplier,0.3,24,2644943,0.38,1.9,2,587,0,1797961,0.71,0.93,4,775,0
E01773,E02060,supplier,0.85,34,2629075,0.55,1.36,5,742,0,4867224,0.63,0.51,2,644,0
E01466,E02060,supplier,0.36,44,8963383,0.79,1.97,1,849,0,4867224,0.63,0.51,2,644,0
E01040,E02060,supplier,0.65,3,6010848,0.72,1.16,0,518,1,4867224,0.63,0.51,2,644,0
E01773,E02037,parent_company,0.64,40,2629075,0.55,1.36,5,742,0,7311770,0.86,1.23,1,786,0
E01491,E02037,parent_company,0.29,46,4258818,0.14,1.74,3,559,0,7311770,0.86,1.23,1,786,0
E00095,E02037,parent_company,0.53,25,4821557,0.22,1.26,3,714,0,7311770,0.86,1.23,1,786,0
E02759,E02037,shared_director,0.41,21,8985665,0.92,1.24,1,568,0,7311770,0.86,1.23,1,786,0
E00627,E01246,parent_company,0.25,46,4291784,0.35,1.54,1,840,0,7314192,0.14,1.25,1,618,0
E01040,E01246,co-investor,0.29,39,6010848,0.72,1.16,0,518,1,7314192,0.14,1.25,1,618,0
E02881,E01246,shared_director,0.37,41,3168150,0.64,0.85,2,603,0,7314192,0.14,1.25,1,618,0
E01513,E01246,co-investor,0.78,29,4563928,0.97,0.97,1,589,0,7314192,0.14,1.25,1,618,0
E02052,E01246,supplier,0.55,46,6235749,0.55,0.92,0,546,0,7314192,0.14,1.25,1,618,0
E00627,E02474,supplier,0.57,16,4291784,0.35,1.54,1,840,0,4573215,0.86,0.53,0,659,0
E00627,E02670,co-investor,0.86,1,4291784,0.35,1.54,1,840,0,4399090,0.67,1.38,0,600,0
E00851,E02670,parent_company,0.15,38,6777197,0.25,1.13,5,558,0,4399090,0.67,1.38,0,600,0
E01386,E02670,parent_company,0.14,16,6431316,0.5,1.77,0,644,0,4399090,0.67,1.38,0,600,0
E02895,E02670,co-investor,0.47,50,1945408,0.98,0.88,1,805,0,4399090,0.67,1.38,0,600,0
E01849,E02670,co-investor,0.89,17,7834040,0.68,1.0,0,601,0,4399090,0.67,1.38,0,600,0
E00924,E00622,co-investor,0.91,43,3227915,0.42,1.75,2,597,0,3435964,0.36,1.81,0,576,1
E02754,E00622,parent_company,0.5,44,4521246,0.7,1.52,2,786,0,3435964,0.36,1.81,0,576,1
E02865,E00622,co-investor,0.47,43,4024013,0.95,0.51,0,742,0,3435964,0.36,1.81,0,576,1
E02478,E00622,supplier,0.76,26,100000,0.28,1.88,2,638,0,3435964,0.36,1.81,0,576,1
E00969,E00622,supplier,0.6,21,5710044,0.32,1.56,0,759,0,3435964,0.36,1.81,0,576,1
E00924,E01313,co-investor,0.91,33,3227915,0.42,1.75,2,597,0,6057915,0.18,1.39,0,750,0
E00789,E01313,supplier,0.95,11,7821136,0.54,1.26,0,715,0,6057915,0.18,1.39,0,750,0
E02486,E01313,shared_director,0.63,32,2642366,0.79,0.65,3,806,1,6057915,0.18,1.39,0,750,0
E01554,E01313,shared_director,0.26,47,3011639,0.2,1.63,3,845,0,6057915,0.18,1.39,0,750,0
E00298,E01313,parent_company,0.19,12,3332882,0.2,1.85,2,614,0,6057915,0.18,1.39,0,750,0
E01383,E01313,co-investor,0.6,7,3928773,0.33,0.68,1,565,0,6057915,0.18,1.39,0,750,0
E02782,E01313,co-investor,0.63,42,3416581,0.49,0.54,1,638,0,6057915,0.18,1.39,0,750,0
E00924,E01961,supplier,0.14,49,3227915,0.42,1.75,2,597,0,9057257,0.39,0.9,0,704,1
E01440,E01961,shared_director,0.86,19,7739417,0.32,1.13,0,765,0,9057257,0.39,0.9,0,704,1
E01065,E01961,parent_company,0.25,38,3528392,0.76,0.7,0,585,1,9057257,0.39,0.9,0,704,1
E00520,E01961,co-investor,0.19,43,9006814,0.58,1.44,0,603,0,9057257,0.39,0.9,0,704,1
E00805,E00040,co-investor,0.84,28,3038165,0.65,1.18,3,672,0,5200190,0.32,1.75,3,681,0
E01252,E00040,shared_director,0.83,23,6273192,0.25,1.3,1,688,0,5200190,0.32,1.75,3,681,0
E02129,E00040,parent_company,0.35,46,6693036,0.47,1.74,1,811,0,5200190,0.32,1.75,3,681,0
E00188,E00040,parent_company,0.7,11,6237323,0.34,0.87,2,814,0,5200190,0.32,1.75,3,681,0
E00241,E00040,co-investor,0.38,17,7334205,0.94,1.54,2,580,1,5200190,0.32,1.75,3,681,0
E01935,E00040,supplier,0.5,16,815785,0.79,1.75,2,610,1,5200190,0.32,1.75,3,681,0
E02517,E02186,supplier,0.55,11,3646658,0.29,1.49,2,616,0,2873964,0.6,1.86,0,652,0
E00828,E02186,parent_company,0.14,13,6186858,0.35,1.12,0,621,0,2873964,0.6,1.86,0,652,0
E02869,E02186,supplier,0.6,26,5638320,0.51,1.97,1,709,0,2873964,0.6,1.86,0,652,0
E00152,E02186,supplier,0.4,2,6162044,0.73,1.87,2,560,0,2873964,0.6,1.86,0,652,0
E00442,E02186,supplier,0.13,20,6746317,0.54,1.04,2,594,0,2873964,0.6,1.86,0,652,0
E00543,E02186,shared_director,0.87,20,6442932,0.44,1.84,1,808,0,2873964,0.6,1.86,0,652,0
E02884,E02186,supplier,0.69,7,3867742,0.57,1.96,3,808,0,2873964,0.6,1.86,0,652,0
E02517,E01777,supplier,0.57,24,3646658,0.29,1.49,2,616,0,4411470,0.67,1.21,2,613,0
E01296,E01777,shared_director,0.12,39,4075807,1.0,0.83,3,698,0,4411470,0.67,1.21,2,613,0
E02803,E01777,parent_company,0.56,44,10267075,0.98,0.89,1,800,1,4411470,0.67,1.21,2,613,0
E02517,E00296,co-investor,0.23,20,3646658,0.29,1.49,2,616,0,5961124,0.54,0.51,2,654,0
E01781,E00296,shared_director,0.85,35,2343370,0.59,1.53,0,816,0,5961124,0.54,0.51,2,654,0
E02517,E00213,shared_director,0.33,17,3646658,0.29,1.49,2,616,0,6735530,0.48,0.54,0,756,1
E02819,E00213,supplier,0.32,14,4413188,0.57,1.95,2,590,0,6735530,0.48,0.54,0,756,1
E01511,E00213,co-investor,0.89,43,1949361,0.65,1.84,1,521,0,6735530,0.48,0.54,0,756,1
E02425,E01518,supplier,0.49,32,8446930,0.92,1.96,2,824,0,5030038,0.82,0.96,0,833,1
E01371,E01518,parent_company,0.33,23,9666488,0.48,1.26,1,812,0,5030038,0.82,0.96,0,833,1
E01318,E01518,supplier,0.23,7,5500904,0.25,1.27,3,580,0,5030038,0.82,0.96,0,833,1
E02425,E00111,parent_company,0.12,1,8446930,0.92,1.96,2,824,0,3685533,0.43,1.03,0,556,0
E02373,E00111,parent_company,0.9,15,5933432,0.37,1.9,3,782,0,3685533,0.43,1.03,0,556,0
E00020,E00111,co-investor,0.51,33,5561928,0.18,1.34,3,536,0,3685533,0.43,1.03,0,556,0
E00621,E00111,supplier,0.9,47,5478954,0.73,0.55,2,732,1,3685533,0.43,1.03,0,556,0
E00467,E00111,co-investor,0.22,33,2688863,0.77,1.16,2,535,0,3685533,0.43,1.03,0,556,0
E02425,E00803,shared_director,0.82,44,8446930,0.92,1.96,2,824,0,3395014,0.22,1.29,2,582,0
E00735,E00803,parent_company,0.28,19,3066965,0.9,0.69,0,785,1,3395014,0.22,1.29,2,582,0
E00044,E00803,shared_director,0.42,13,6047905,0.48,1.73,1,802,0,3395014,0.22,1.29,2,582,0
E02479,E01383,supplier,0.84,2,6345886,0.64,1.09,0,848,0,3928773,0.33,0.68,1,565,0
E01664,E01383,shared_director,0.36,45,4262408,0.77,1.15,2,543,0,3928773,0.33,0.68,1,565,0
E02806,E01383,co-investor,0.79,32,5945326,0.43,1.79,2,643,0,3928773,0.33,0.68,1,565,0
E02299,E01383,shared_director,0.9,6,6508166,0.37,1.95,5,542,0,3928773,0.33,0.68,1,565,0
E02488,E01383,shared_director,0.33,6,4051309,0.27,1.18,2,809,0,3928773,0.33,0.68,1,565,0
E02479,E00494,co-investor,0.76,48,6345886,0.64,1.09,0,848,0,3898103,0.76,1.47,0,811,0
E00018,E00494,parent_company,0.53,26,7017205,0.26,1.01,1,782,0,3898103,0.76,1.47,0,811,0
E02479,E02306,supplier,0.49,24,6345886,0.64,1.09,0,848,0,5275689,0.19,1.2,0,622,0
E01738,E02306,supplier,0.27,44,5079872,0.62,1.94,1,562,1,5275689,0.19,1.2,0,622,0
E02824,E02306,parent_company,0.13,45,3881340,0.14,1.55,1,638,0,5275689,0.19,1.2,0,622,0
E02479,E01783,shared_director,0.27,45,6345886,0.64,1.09,0,848,0,8027195,0.69,1.37,3,613,0
E01264,E01783,shared_director,0.5,15,6691203,0.67,1.14,3,532,0,8027195,0.69,1.37,3,613,0
E02526,E01783,parent_company,0.71,24,6868855,0.42,1.08,1,757,0,8027195,0.69,1.37,3,613,0
E01307,E01783,parent_company,0.1,37,4813131,0.25,1.18,1,657,0,8027195,0.69,1.37,3,613,0
E02726,E01783,shared_director,0.46,37,7732309,0.94,0.92,2,507,0,8027195,0.69,1.37,3,613,0
E01759,E01783,co-investor,0.3,50,7435496,0.26,1.58,2,565,0,8027195,0.69,1.37,3,613,0
E02479,E01160,supplier,0.52,1,6345886,0.64,1.09,0,848,0,6798271,0.29,1.81,2,616,0
E01261,E01160,parent_company,0.77,27,6710920,0.8,0.63,3,521,1,6798271,0.29,1.81,2,616,0
E00883,E01160,parent_company,0.48,27,6439674,0.81,1.26,1,644,1,6798271,0.29,1.81,2,616,0
E00643,E01160,co-investor,0.12,41,5605370,0.44,1.36,2,547,0,6798271,0.29,1.81,2,616,0
E00333,E02659,supplier,0.58,43,6464247,0.24,0.79,3,780,0,1059999,0.19,1.42,2,512,0
E00241,E02659,parent_company,0.77,45,7334205,0.94,1.54,2,580,1,1059999,0.19,1.42,2,512,0
E01315,E02659,parent_company,0.6,2,5366600,0.98,1.13,4,636,0,1059999,0.19,1.42,2,512,0
E01791,E02659,co-investor,0.77,42,1505093,0.74,1.87,2,733,1,1059999,0.19,1.42,2,512,0
E00333,E00761,supplier,0.75,6,6464247,0.24,0.79,3,780,0,4940219,0.17,1.9,1,743,0
E01769,E00761,shared_director,0.18,40,6082113,0.87,0.64,0,736,0,4940219,0.17,1.9,1,743,0
E01535,E00761,co-investor,0.56,8,6340439,0.22,1.28,4,541,0,4940219,0.17,1.9,1,743,0
E00380,E00761,co-investor,0.27,50,6991504,0.28,1.58,2,796,0,4940219,0.17,1.9,1,743,0
E01247,E00761,shared_director,0.37,20,7352350,0.51,0.82,1,802,0,4940219,0.17,1.9,1,743,0
E02344,E01707,supplier,0.55,41,2765163,0.43,1.65,0,762,0,381632,0.17,0.9,1,751,0
E01352,E01707,supplier,0.44,34,5781045,0.89,1.66,0,680,0,381632,0.17,0.9,1,751,0
E00215,E01707,parent_company,0.9,9,2301072,0.28,1.0,2,744,0,381632,0.17,0.9,1,751,0
E02344,E00254,co-investor,0.22,17,2765163,0.43,1.65,0,762,0,7097061,0.27,1.91,3,628,0
E01142,E00254,supplier,0.93,41,6501173,0.27,1.17,3,769,0,7097061,0.27,1.91,3,628,0
E02344,E01242,shared_director,0.9,17,2765163,0.43,1.65,0,762,0,4018125,0.71,0.88,3,712,1
E02561,E01242,parent_company,0.31,32,6046790,0.54,0.94,2,516,0,4018125,0.71,0.88,3,712,1
E01336,E01242,co-investor,0.68,46,7254716,0.43,1.28,1,837,0,4018125,0.71,0.88,3,712,1
E02344,E00558,co-investor,0.36,46,2765163,0.43,1.65,0,762,0,3599768,0.28,1.16,0,567,0
E02435,E00558,co-investor,0.39,45,629406,0.68,1.28,1,525,0,3599768,0.28,1.16,0,567,0
E00796,E00558,shared_director,0.49,14,5125370,0.19,0.65,1,800,0,3599768,0.28,1.16,0,567,0
E02501,E00558,parent_company,0.47,1,7992204,0.18,2.0,3,811,0,3599768,0.28,1.16,0,567,0
E02249,E00558,parent_company,0.14,32,3635218,0.2,1.37,0,698,0,3599768,0.28,1.16,0,567,0
E02235,E01187,co-investor,0.53,44,5760762,0.18,0.88,1,705,1,3069004,0.26,0.66,1,589,0
E02143,E01187,parent_company,0.37,19,6863142,0.4,1.74,2,785,0,3069004,0.26,0.66,1,589,0
E00154,E01187,supplier,0.99,19,3403121,0.71,1.51,2,534,0,3069004,0.26,0.66,1,589,0
E02342,E01187,supplier,0.57,8,6398027,0.91,1.98,1,811,0,3069004,0.26,0.66,1,589,0
E00529,E01187,supplier,0.96,4,2820813,0.49,1.29,4,700,0,3069004,0.26,0.66,1,589,0
E00760,E01187,supplier,0.34,45,6524396,0.73,0.86,1,724,0,3069004,0.26,0.66,1,589,0
E00957,E01187,supplier,0.62,6,100000,0.21,1.78,0,837,0,3069004,0.26,0.66,1,589,0
E01416,E01187,shared_director,0.31,22,3740189,0.3,0.86,3,739,0,3069004,0.26,0.66,1,589,0
E01664,E01219,shared_director,0.17,4,4262408,0.77,1.15,2,543,0,5207088,0.97,1.17,2,557,0
E00965,E01219,parent_company,0.87,11,5706965,0.45,0.63,0,837,0,5207088,0.97,1.17,2,557,0
E01187,E01219,supplier,0.69,43,3069004,0.26,0.66,1,589,0,5207088,0.97,1.17,2,557,0
E00579,E01219,shared_director,0.89,47,4932626,0.77,1.05,3,793,0,5207088,0.97,1.17,2,557,0
E01664,E00011,supplier,0.62,6,4262408,0.77,1.15,2,543,0,7573949,0.11,0.84,0,765,0
E01529,E00011,shared_director,0.48,31,6961706,0.87,0.98,0,716,0,7573949,0.11,0.84,0,765,0
E02384,E00011,supplier,0.76,30,6164488,0.27,0.67,1,817,0,7573949,0.11,0.84,0,765,0
E01021,E00011,shared_director,0.31,15,3743030,0.74,1.79,1,516,1,7573949,0.11,0.84,0,765,0
E01325,E00011,parent_company,0.77,22,5122231,0.62,0.79,2,697,0,7573949,0.11,0.84,0,765,0
E00648,E01801,shared_director,0.54,14,3577402,0.62,1.75,1,724,0,7997165,0.39,1.84,3,767,0
E00745,E01801,supplier,0.68,12,5031373,0.7,1.7,0,608,0,7997165,0.39,1.84,3,767,0
E00759,E01801,supplier,0.26,23,6757287,0.97,0.72,2,623,0,7997165,0.39,1.84,3,767,0
E00648,E00124,parent_company,0.43,6,3577402,0.62,1.75,1,724,0,3910155,0.83,1.92,1,587,0
E02843,E00124,co-investor,0.57,34,2567348,0.31,1.18,1,766,0,3910155,0.83,1.92,1,587,0
E02288,E00124,co-investor,0.23,9,4397005,0.42,1.22,1,663,0,3910155,0.83,1.92,1,587,0
E02124,E00124,co-investor,0.97,7,8639897,0.28,0.67,3,739,0,3910155,0.83,1.92,1,587,0
E02295,E00124,supplier,0.88,46,7858234,0.82,1.19,1,586,0,3910155,0.83,1.92,1,587,0
E00647,E00124,parent_company,0.75,38,2798441,0.94,1.53,1,650,0,3910155,0.83,1.92,1,587,0
E00648,E02021,parent_company,0.59,6,3577402,0.62,1.75,1,724,0,8729250,0.82,1.57,2,727,0
E01110,E02021,shared_director,0.12,48,3419867,0.21,0.7,1,768,0,8729250,0.82,1.57,2,727,0
E00648,E00232,supplier,0.47,13,3577402,0.62,1.75,1,724,0,2898176,0.3,1.22,1,843,0
E01394,E02485,parent_company,0.38,46,5423634,0.61,0.63,4,517,1,7616023,0.85,1.86,3,683,1
E02571,E02485,shared_director,0.77,6,4249012,0.8,1.92,2,664,0,7616023,0.85,1.86,3,683,1
E01840,E02485,shared_director,0.88,11,3258965,0.58,0.94,1,720,0,7616023,0.85,1.86,3,683,1
E01235,E02485,supplier,0.35,29,3583423,0.19,1.12,3,708,0,7616023,0.85,1.86,3,683,1
E01394,E02426,parent_company,0.77,8,5423634,0.61,0.63,4,517,1,5998171,0.65,0.58,1,645,0
E02256,E02426,supplier,0.17,18,6377781,0.99,0.97,4,812,1,5998171,0.65,0.58,1,645,0
E00705,E02426,parent_company,0.27,28,6136882,0.16,1.41,0,771,0,5998171,0.65,0.58,1,645,0
E01394,E02590,supplier,0.71,50,5423634,0.61,0.63,4,517,1,5419426,0.49,0.51,3,658,0
E00260,E02590,shared_director,0.3,46,6875676,0.71,1.62,1,644,0,5419426,0.49,0.51,3,658,0
E01440,E02590,parent_company,0.63,33,7739417,0.32,1.13,0,765,0,5419426,0.49,0.51,3,658,0
E01394,E00477,supplier,0.37,18,5423634,0.61,0.63,4,517,1,809684,0.48,1.7,0,653,0
E01531,E00477,co-investor,0.73,4,676879,0.19,1.78,1,662,0,809684,0.48,1.7,0,653,0
E01394,E00621,co-investor,0.85,25,5423634,0.61,0.63,4,517,1,5478954,0.73,0.55,2,732,1
E01017,E00621,shared_director,0.52,29,7794452,0.52,1.12,2,592,0,5478954,0.73,0.55,2,732,1
E00118,E00621,shared_director,0.97,41,1493785,0.41,0.75,3,758,0,5478954,0.73,0.55,2,732,1
E01382,E00621,shared_director,0.58,26,3632080,0.47,0.56,1,791,0,5478954,0.73,0.55,2,732,1
E00058,E00621,supplier,0.18,26,4701926,0.94,1.11,2,822,1,5478954,0.73,0.55,2,732,1
E02904,E00621,shared_director,0.11,33,5564005,0.25,1.57,0,550,0,5478954,0.73,0.55,2,732,1
E01308,E01194,shared_director,0.97,16,5457964,0.37,1.08,0,689,0,6222287,0.55,1.99,1,645,0
E02177,E01194,shared_director,0.65,29,4241191,0.22,0.57,1,695,0,6222287,0.55,1.99,1,645,0
E01986,E01194,supplier,0.82,15,3673391,0.58,1.63,3,579,0,6222287,0.55,1.99,1,645,0
E01277,E01194,supplier,0.41,12,8171292,0.92,0.86,1,662,1,6222287,0.55,1.99,1,645,0
E01308,E02386,supplier,0.53,24,5457964,0.37,1.08,0,689,0,5901311,0.79,0.88,1,678,0
E01308,E00846,co-investor,0.32,45,5457964,0.37,1.08,0,689,0,5531796,0.92,0.6,1,621,0
E02914,E00846,supplier,0.54,39,3343205,0.7,0.69,2,781,1,5531796,0.92,0.6,1,621,0
E02894,E00846,co-investor,0.29,36,6191288,0.19,1.33,1,573,0,5531796,0.92,0.6,1,621,0
E02110,E02301,supplier,0.39,30,7342241,0.43,1.45,3,700,0,6485718,0.39,0.81,3,604,0
E00272,E02301,supplier,0.73,50,3098632,0.58,1.02,2,501,0,6485718,0.39,0.81,3,604,0
E00953,E02301,supplier,0.45,39,2777173,0.28,1.14,0,838,0,6485718,0.39,0.81,3,604,0
E02110,E00523,shared_director,0.91,38,7342241,0.43,1.45,3,700,0,4102158,0.29,0.92,2,693,0
E00267,E00523,supplier,0.93,29,3298887,0.99,1.39,0,646,0,4102158,0.29,0.92,2,693,0
E00248,E00523,co-investor,0.63,33,3754259,0.75,1.28,2,635,1,4102158,0.29,0.92,2,693,0
E01701,E00523,co-investor,0.89,26,1823070,0.94,1.4,1,631,0,4102158,0.29,0.92,2,693,0
E01421,E00523,shared_director,0.29,45,1918413,0.48,1.49,3,618,0,4102158,0.29,0.92,2,693,0
E00502,E01096,shared_director,0.32,7,5018583,0.16,1.66,1,780,0,3320238,0.94,0.74,1,587,1
E02282,E01096,parent_company,0.87,33,5003691,0.49,1.03,1,749,0,3320238,0.94,0.74,1,587,1
E00502,E02692,supplier,0.48,12,5018583,0.16,1.66,1,780,0,4201802,0.31,0.64,1,650,0
E02682,E02692,shared_director,0.43,22,5549483,0.19,0.98,4,817,0,4201802,0.31,0.64,1,650,0
E01698,E02692,parent_company,0.35,30,3861232,0.73,1.09,0,622,1,4201802,0.31,0.64,1,650,0
E00208,E01189,shared_director,0.88,27,5269969,0.32,1.5,0,648,0,4486824,0.54,1.93,1,829,0
E01419,E01189,parent_company,0.58,48,4443217,0.93,1.6,1,614,0,4486824,0.54,1.93,1,829,0
E00483,E01189,co-investor,0.53,17,3323225,0.5,1.24,4,547,0,4486824,0.54,1.93,1,829,0
E02064,E01189,parent_company,0.19,38,5133831,0.43,1.25,3,620,0,4486824,0.54,1.93,1,829,0
E00297,E01189,supplier,0.58,22,4259353,0.4,1.62,3,806,0,4486824,0.54,1.93,1,829,0
E02240,E01189,supplier,0.45,4,3007900,0.94,0.57,1,843,0,4486824,0.54,1.93,1,829,0
E00208,E00689,shared_director,0.84,26,5269969,0.32,1.5,0,648,0,3591424,0.85,0.92,1,793,0
E01573,E00689,co-investor,0.29,4,5007606,0.81,1.9,2,805,0,3591424,0.85,0.92,1,793,0
E02819,E00689,supplier,0.16,23,4413188,0.57,1.95,2,590,0,3591424,0.85,0.92,1,793,0
E00726,E00689,supplier,0.47,40,5107976,0.31,0.65,2,649,0,3591424,0.85,0.92,1,793,0
E02444,E00689,supplier,0.98,46,1426108,0.39,0.93,0,523,1,3591424,0.85,0.92,1,793,0
E00208,E00095,co-investor,0.72,16,5269969,0.32,1.5,0,648,0,4821557,0.22,1.26,3,714,0
E02342,E00095,shared_director,0.7,39,6398027,0.91,1.98,1,811,0,4821557,0.22,1.26,3,714,0
E02570,E00095,supplier,0.2,39,6945993,0.71,1.85,0,617,1,4821557,0.22,1.26,3,714,0
E02424,E00095,supplier,0.99,47,5106614,0.44,1.47,3,720,0,4821557,0.22,1.26,3,714,0
E00208,E02807,parent_company,0.29,37,5269969,0.32,1.5,0,648,0,7758325,0.68,1.21,0,834,0
E00612,E02807,shared_director,0.55,11,4398191,0.38,1.02,3,726,0,7758325,0.68,1.21,0,834,0
E01616,E02807,shared_director,0.98,29,6428206,0.28,1.96,2,818,0,7758325,0.68,1.21,0,834,0
E01707,E02807,co-investor,0.97,4,381632,0.17,0.9,1,751,0,7758325,0.68,1.21,0,834,0
E01403,E02807,supplier,0.95,19,5060381,0.32,0.89,2,529,0,7758325,0.68,1.21,0,834,0
E01017,E00655,co-investor,0.94,47,7794452,0.52,1.12,2,592,0,7062125,0.91,0.71,1,848,0
E02198,E00655,shared_director,0.21,10,8282319,0.81,1.08,3,639,0,7062125,0.91,0.71,1,848,0
E02302,E00655,parent_company,0.25,8,5227738,0.52,0.78,3,728,0,7062125,0.91,0.71,1,848,0
E02508,E00655,shared_director,0.6,3,3985457,0.13,0.96,1,515,1,7062125,0.91,0.71,1,848,0
E01218,E00655,parent_company,0.37,1,5537322,0.25,1.3,0,849,0,7062125,0.91,0.71,1,848,0
E01281,E00778,parent_company,0.55,33,4493490,0.75,1.25,1,681,0,4110108,0.27,1.5,1,793,0
E00202,E00778,co-investor,0.5,20,6773034,0.5,1.85,2,550,0,4110108,0.27,1.5,1,793,0
E01799,E00778,supplier,0.43,39,5394654,0.45,1.89,2,575,0,4110108,0.27,1.5,1,793,0
E01281,E02803,parent_company,0.72,45,4493490,0.75,1.25,1,681,0,10267075,0.98,0.89,1,800,1
E00903,E02803,co-investor,0.61,3,5362233,0.43,1.2,1,719,0,10267075,0.98,0.89,1,800,1
E01281,E02737,co-investor,0.34,10,4493490,0.75,1.25,1,681,0,7447420,0.48,1.09,1,630,0
E02865,E02737,supplier,0.36,23,4024013,0.95,0.51,0,742,0,7447420,0.48,1.09,1,630,0
E01873,E02737,co-investor,0.95,7,3619226,0.62,0.65,1,514,1,7447420,0.48,1.09,1,630,0
E01913,E02043,co-investor,0.55,6,2793953,0.9,1.19,2,583,1,5196620,0.33,1.04,4,699,0
E01132,E02043,shared_director,0.33,10,446017,0.14,1.66,3,822,0,5196620,0.33,1.04,4,699,0
E00126,E02043,shared_director,0.8,47,4938083,0.37,1.49,5,515,0,5196620,0.33,1.04,4,699,0
E01693,E02043,shared_director,0.8,30,3803148,0.82,1.79,2,526,0,5196620,0.33,1.04,4,699,0
E01913,E00150,co-investor,0.47,17,2793953,0.9,1.19,2,583,1,5397116,0.87,1.37,1,661,0
E00062,E00150,shared_director,0.98,7,4685572,0.51,1.4,3,702,0,5397116,0.87,1.37,1,661,0
E01046,E00150,co-investor,0.22,35,7736843,0.58,1.17,0,641,0,5397116,0.87,1.37,1,661,0
E00518,E00150,parent_company,0.17,24,3165680,0.25,1.07,1,677,0,5397116,0.87,1.37,1,661,0
E01913,E00054,supplier,0.12,38,2793953,0.9,1.19,2,583,1,3363051,0.11,1.01,0,713,0
E02010,E00054,co-investor,0.67,22,8052372,0.53,1.59,2,557,0,3363051,0.11,1.01,0,713,0
E01611,E02071,shared_director,0.97,14,6257250,0.92,1.77,0,578,0,3585413,0.62,1.14,1,617,0
E02010,E02071,shared_director,0.87,8,8052372,0.53,1.59,2,557,0,3585413,0.62,1.14,1,617,0
E00861,E02071,co-investor,0.6,29,5060957,0.58,0.53,0,722,0,3585413,0.62,1.14,1,617,0
E01395,E02071,parent_company,0.63,7,3359517,0.93,1.99,1,624,0,3585413,0.62,1.14,1,617,0
E01611,E01887,shared_director,0.28,23,6257250,0.92,1.77,0,578,0,3611284,0.9,1.05,1,550,1
E01611,E01887,supplier,0.44,45,6257250,0.92,1.77,0,578,0,3611284,0.9,1.05,1,550,1
E02205,E01887,co-investor,0.23,19,2631279,0.42,1.54,2,599,0,3611284,0.9,1.05,1,550,1
E00479,E01887,supplier,0.42,38,4481499,0.91,1.99,2,814,0,3611284,0.9,1.05,1,550,1
E00112,E01887,parent_company,0.16,33,3125288,0.78,1.11,1,649,1,3611284,0.9,1.05,1,550,1
E01611,E02206,parent_company,0.37,31,6257250,0.92,1.77,0,578,0,4001231,0.83,0.66,0,548,0
E01274,E02206,supplier,0.29,50,3613626,0.33,1.89,1,609,0,4001231,0.83,0.66,0,548,0
E02659,E02206,parent_company,0.98,19,1059999,0.19,1.42,2,512,0,4001231,0.83,0.66,0,548,0
E02154,E02206,supplier,0.81,1,5149552,0.91,0.91,3,608,0,4001231,0.83,0.66,0,548,0
E02390,E01446,supplier,0.15,32,4396732,0.39,1.39,2,817,0,4943832,0.32,1.51,5,640,0
E01024,E01446,parent_company,0.81,32,3979127,0.83,1.51,1,542,0,4943832,0.32,1.51,5,640,0
E02830,E01446,shared_director,0.52,30,8493477,0.53,1.38,1,669,0,4943832,0.32,1.51,5,640,0
E02390,E02034,supplier,0.8,15,4396732,0.39,1.39,2,817,0,5062089,0.12,1.53,2,552,0
E02246,E02034,parent_company,0.72,31,5936631,0.31,1.08,1,786,0,5062089,0.12,1.53,2,552,0
E00425,E02034,supplier,0.67,33,4260956,0.43,1.55,1,642,0,5062089,0.12,1.53,2,552,0
E01628,E02034,co-investor,0.71,38,5300810,0.15,1.36,1,583,0,5062089,0.12,1.53,2,552,0
E02305,E02034,shared_director,0.54,12,8067709,0.38,1.62,1,548,0,5062089,0.12,1.53,2,552,0
E01743,E02034,parent_company,0.57,26,3007216,0.86,0.93,3,752,0,5062089,0.12,1.53,2,552,0
E01407,E02034,supplier,0.83,30,7910042,0.58,1.27,2,730,0,5062089,0.12,1.53,2,552,0
E02390,E00813,parent_company,0.27,30,4396732,0.39,1.39,2,817,0,3436574,0.58,0.73,4,562,0
E00144,E00813,supplier,0.28,40,6020592,0.4,1.05,0,717,0,3436574,0.58,0.73,4,562,0
E00112,E00813,co-investor,0.89,44,3125288,0.78,1.11,1,649,1,3436574,0.58,0.73,4,562,0
E00620,E00813,shared_director,0.21,23,3343612,0.64,1.56,1,827,0,3436574,0.58,0.73,4,562,0
E02390,E01672,parent_company,0.27,23,4396732,0.39,1.39,2,817,0,7105057,0.33,1.9,4,605,0
E01373,E01672,co-investor,0.52,19,8914127,0.5,1.21,1,594,0,7105057,0.33,1.9,4,605,0
E01506,E01672,shared_director,0.33,47,4703554,0.54,0.76,2,587,0,7105057,0.33,1.9,4,605,0
E02448,E02680,shared_director,0.36,1,3641230,0.83,1.4,1,577,0,3761854,0.44,0.89,3,831,0
E00168,E02680,parent_company,0.61,27,6974244,0.56,0.68,1,700,0,3761854,0.44,0.89,3,831,0
E02448,E01502,parent_company,0.87,37,3641230,0.83,1.4,1,577,0,2262590,0.16,0.69,2,688,0
E02923,E01502,parent_company,0.25,19,2639432,0.59,1.23,0,664,0,2262590,0.16,0.69,2,688,0
E02448,E00836,parent_company,0.78,36,3641230,0.83,1.4,1,577,0,1104232,0.5,1.64,1,738,0
E02389,E00836,supplier,0.81,24,5259000,0.29,1.55,0,571,0,1104232,0.5,1.64,1,738,0
E01916,E00836,shared_director,0.7,15,6069557,0.56,1.77,0,521,0,1104232,0.5,1.64,1,738,0
E02448,E02137,parent_company,0.93,17,3641230,0.83,1.4,1,577,0,5302220,0.73,1.3,1,738,0
E02934,E02137,parent_company,0.17,41,8557310,0.19,1.82,2,601,0,5302220,0.73,1.3,1,738,0
E00441,E01766,parent_company,0.89,47,6865758,0.5,1.02,1,612,0,3685135,0.85,1.9,2,506,0
E00768,E01766,shared_director,0.6,33,2762737,0.28,1.07,2,642,0,3685135,0.85,1.9,2,506,0
E01815,E01766,parent_company,0.38,13,5087559,0.43,1.54,1,614,0,3685135,0.85,1.9,2,506,0
E02421,E01766,shared_director,0.61,22,2705356,0.29,1.05,0,597,0,3685135,0.85,1.9,2,506,0
E02802,E01766,co-investor,0.52,48,4014454,0.24,0.79,1,517,0,3685135,0.85,1.9,2,506,0
E00957,E01766,shared_director,0.54,20,100000,0.21,1.78,0,837,0,3685135,0.85,1.9,2,506,0
E00441,E02092,shared_director,0.47,30,6865758,0.5,1.02,1,612,0,8509551,0.7,1.29,0,749,1
E01885,E02092,shared_director,0.4,1,5271437,0.84,1.02,0,702,1,8509551,0.7,1.29,0,749,1
E00441,E01703,shared_director,0.28,29,6865758,0.5,1.02,1,612,0,6940786,0.24,1.93,1,705,0
E02519,E01703,supplier,0.29,10,5193656,0.83,0.88,0,606,0,6940786,0.24,1.93,1,705,0
E00441,E00210,shared_director,0.96,37,6865758,0.5,1.02,1,612,0,1140630,0.7,0.99,3,640,0
E00003,E00210,shared_director,0.15,7,4025209,0.65,1.5,2,764,0,1140630,0.7,0.99,3,640,0
E00441,E00060,co-investor,0.42,32,6865758,0.5,1.02,1,612,0,2361709,0.24,1.13,1,680,0
E01499,E02739,shared_director,0.47,24,7549183,0.59,1.39,0,762,0,7851789,0.5,0.69,1,824,0
E01409,E02739,parent_company,0.47,12,4641579,0.59,0.56,2,520,0,7851789,0.5,0.69,1,824,0
E02577,E02739,supplier,0.28,9,4246599,0.26,1.41,0,697,0,7851789,0.5,0.69,1,824,0
E02523,E02739,shared_director,0.29,1,1532347,0.88,1.16,1,532,0,7851789,0.5,0.69,1,824,0
E00621,E02739,parent_company,0.43,8,5478954,0.73,0.55,2,732,1,7851789,0.5,0.69,1,824,0
E01499,E02045,parent_company,0.97,20,7549183,0.59,1.39,0,762,0,2155986,0.9,1.53,2,532,0
E02871,E02045,shared_director,0.88,5,4332442,0.86,1.04,2,512,0,2155986,0.9,1.53,2,532,0
E02486,E02045,shared_director,0.49,11,2642366,0.79,0.65,3,806,1,2155986,0.9,1.53,2,532,0
E01156,E02045,shared_director,0.65,24,6558468,0.66,1.83,0,784,0,2155986,0.9,1.53,2,532,0
E02769,E02045,parent_company,0.66,12,2764500,0.27,1.89,1,505,0,2155986,0.9,1.53,2,532,0
E02336,E02302,parent_company,0.43,19,4255455,0.71,1.96,4,537,0,5227738,0.52,0.78,3,728,0
E02897,E02302,co-investor,0.3,38,3805153,0.48,0.54,1,511,0,5227738,0.52,0.78,3,728,0
E02336,E00045,parent_company,0.42,19,4255455,0.71,1.96,4,537,0,3823826,0.65,0.56,1,542,0
E00732,E00045,co-investor,0.83,43,3413436,0.46,1.1,2,812,0,3823826,0.65,0.56,1,542,0
E02192,E00045,shared_director,0.51,31,4950685,0.72,1.58,3,609,0,3823826,0.65,0.56,1,542,0
E00302,E01583,shared_director,0.79,18,5800824,0.37,1.9,3,579,0,4598501,0.13,1.37,0,844,0
E00215,E01583,shared_director,0.4,27,2301072,0.28,1.0,2,744,0,4598501,0.13,1.37,0,844,0
E00302,E01993,supplier,0.29,27,5800824,0.37,1.9,3,579,0,4626456,0.54,1.28,0,634,0
E00302,E00362,supplier,0.98,44,5800824,0.37,1.9,3,579,0,6445080,0.66,0.54,1,681,0
E02763,E00362,co-investor,0.63,24,9889165,0.6,0.7,1,722,0,6445080,0.66,0.54,1,681,0
E01784,E00362,supplier,0.34,24,3773278,0.33,1.86,2,673,0,6445080,0.66,0.54,1,681,0
E00521,E00362,supplier,0.78,16,6925931,0.67,1.59,2,793,0,6445080,0.66,0.54,1,681,0
E00302,E02341,parent_company,0.14,36,5800824,0.37,1.9,3,579,0,6132171,0.93,1.64,2,624,0
E01285,E02341,co-investor,0.98,49,5099157,0.23,0.93,2,533,0,6132171,0.93,1.64,2,624,0
E00289,E02341,co-investor,0.8,2,5811235,0.27,1.93,0,503,1,6132171,0.93,1.64,2,624,0
E02707,E02341,supplier,0.67,36,4407907,0.95,1.19,2,693,1,6132171,0.93,1.64,2,624,0
E01545,E02341,parent_company,0.94,24,3609912,0.89,1.39,3,589,0,6132171,0.93,1.64,2,624,0
E02706,E02341,co-investor,0.34,15,5699539,0.94,1.44,2,658,0,6132171,0.93,1.64,2,624,0
E00131,E02341,supplier,0.68,27,3754290,0.72,1.26,1,663,0,6132171,0.93,1.64,2,624,0
E00302,E00797,shared_director,0.98,17,5800824,0.37,1.9,3,579,0,5177293,0.75,1.85,2,670,0
E02831,E00797,shared_director,0.93,16,5103567,0.73,1.25,2,743,0,5177293,0.75,1.85,2,670,0
E01636,E00797,shared_director,0.13,17,2510337,0.24,1.66,1,841,0,5177293,0.75,1.85,2,670,0
E00302,E02000,parent_company,1.0,25,5800824,0.37,1.9,3,579,0,9220271,0.47,0.93,3,808,0
E02927,E02000,parent_company,0.84,47,2206131,0.74,1.73,2,694,0,9220271,0.47,0.93,3,808,0
E00302,E02663,parent_company,0.24,21,5800824,0.37,1.9,3,579,0,8070297,0.84,0.84,3,552,0
E01616,E02663,co-investor,0.19,5,6428206,0.28,1.96,2,818,0,8070297,0.84,0.84,3,552,0
E02176,E02663,supplier,0.41,17,2722865,0.24,0.76,0,810,0,8070297,0.84,0.84,3,552,0
E02910,E02663,parent_company,0.55,45,7208141,0.62,0.88,0,743,0,8070297,0.84,0.84,3,552,0
E00490,E02663,parent_company,0.42,30,7597477,0.7,1.52,1,761,0,8070297,0.84,0.84,3,552,0
E02553,E02787,supplier,0.22,7,3387274,0.44,1.45,1,656,0,4556622,0.65,1.36,0,822,0
E01100,E02787,supplier,0.78,38,940652,0.16,1.17,1,608,0,4556622,0.65,1.36,0,822,0
E02821,E02787,shared_director,0.67,45,5651681,0.43,1.68,1,625,0,4556622,0.65,1.36,0,822,0
E02553,E00395,supplier,0.69,34,3387274,0.44,1.45,1,656,0,9804052,0.72,1.07,2,578,0
E02580,E00395,shared_director,0.77,17,7230866,0.66,0.55,3,551,1,9804052,0.72,1.07,2,578,0
E02069,E00395,supplier,0.17,16,4061701,0.39,1.2,2,826,0,9804052,0.72,1.07,2,578,0
E00700,E00395,parent_company,0.58,21,4996898,0.79,0.69,2,569,0,9804052,0.72,1.07,2,578,0
E00411,E00395,co-investor,0.58,36,5551021,0.38,1.54,1,695,0,9804052,0.72,1.07,2,578,0
E00773,E00395,supplier,0.39,3,2613880,0.56,0.6,1,583,0,9804052,0.72,1.07,2,578,0
E00119,E00395,shared_director,0.14,10,6512703,0.16,0.57,1,683,0,9804052,0.72,1.07,2,578,0
E01614,E01529,co-investor,0.6,24,2831617,0.54,0.72,1,587,0,6961706,0.87,0.98,0,716,0
E01868,E01529,supplier,0.66,43,928938,0.16,1.92,1,842,0,6961706,0.87,0.98,0,716,0
E00817,E01529,supplier,0.9,49,2494821,0.9,1.12,2,752,1,6961706,0.87,0.98,0,716,0
E02797,E01529,supplier,0.25,34,3586540,0.86,0.89,1,622,1,6961706,0.87,0.98,0,716,0
E02562,E01529,co-investor,0.66,2,4348825,0.54,0.55,1,575,0,6961706,0.87,0.98,0,716,0
E02654,E01529,supplier,0.6,36,2724625,0.78,1.38,0,655,0,6961706,0.87,0.98,0,716,0
E01617,E01529,shared_director,0.54,42,4692347,0.95,0.89,6,776,1,6961706,0.87,0.98,0,716,0
E02732,E01529,shared_director,0.59,37,6617849,0.91,1.85,4,511,0,6961706,0.87,0.98,0,716,0
E00672,E01529,co-investor,0.75,35,4386439,0.23,1.16,2,666,0,6961706,0.87,0.98,0,716,0
E01614,E00553,parent_company,0.14,10,2831617,0.54,0.72,1,587,0,1894545,0.64,1.56,2,673,0
E01995,E00553,co-investor,0.4,10,8523377,0.45,1.32,0,668,0,1894545,0.64,1.56,2,673,0
E02155,E00553,shared_director,0.8,27,7384993,0.91,1.32,0,737,0,1894545,0.64,1.56,2,673,0
E00591,E02303,shared_director,0.22,44,4731463,0.32,1.43,1,815,0,3720016,0.36,0.69,1,716,0
E01028,E02303,supplier,0.46,45,5189987,0.85,1.92,0,713,0,3720016,0.36,0.69,1,716,0
E01488,E02303,co-investor,0.54,25,4359816,0.68,0.63,1,682,0,3720016,0.36,0.69,1,716,0
E01537,E02303,shared_director,0.16,9,453007,0.19,0.52,1,666,0,3720016,0.36,0.69,1,716,0
E00591,E01213,supplier,0.13,42,4731463,0.32,1.43,1,815,0,5754701,0.34,1.41,0,759,0
E00591,E02369,parent_company,0.45,45,4731463,0.32,1.43,1,815,0,8818837,0.92,1.36,0,802,1
E00893,E02369,supplier,0.14,23,3365629,0.56,1.24,1,772,0,8818837,0.92,1.36,0,802,1
E01159,E02369,supplier,0.79,4,5856625,0.71,1.21,0,808,1,8818837,0.92,1.36,0,802,1
E01130,E02369,shared_director,0.36,37,5300272,0.84,0.6,1,698,0,8818837,0.92,1.36,0,802,1
E00591,E02546,parent_company,0.48,28,4731463,0.32,1.43,1,815,0,259495,0.58,1.94,3,726,0
E02414,E02546,supplier,0.48,15,527341,0.31,1.79,2,514,0,259495,0.58,1.94,3,726,0
E00591,E00393,co-investor,0.54,45,4731463,0.32,1.43,1,815,0,4473356,0.9,1.35,2,689,0
E00392,E00393,co-investor,0.81,2,3857990,0.2,1.86,4,518,0,4473356,0.9,1.35,2,689,0
E01646,E00393,shared_director,0.31,39,10268444,0.67,1.13,2,610,0,4473356,0.9,1.35,2,689,0
E01338,E00393,supplier,0.54,6,2448335,1.0,0.75,2,528,0,4473356,0.9,1.35,2,689,0
E00591,E02894,co-investor,0.27,9,4731463,0.32,1.43,1,815,0,6191288,0.19,1.33,1,573,0
E00160,E00562,co-investor,0.82,34,4390892,0.53,1.13,2,629,0,3634015,0.49,1.69,3,736,0
E01243,E00562,co-investor,0.93,31,6023848,0.71,1.72,2,820,0,3634015,0.49,1.69,3,736,0
E02315,E00562,parent_company,0.47,3,5662683,0.48,0.55,1,847,0,3634015,0.49,1.69,3,736,0
E00160,E01311,co-investor,0.85,9,4390892,0.53,1.13,2,629,0,1920666,0.83,0.62,1,548,1
E01705,E01311,co-investor,0.84,37,5066655,0.86,1.62,5,541,0,1920666,0.83,0.62,1,548,1
E02056,E01311,parent_company,0.59,27,6519092,0.23,1.42,3,642,0,1920666,0.83,0.62,1,548,1
E00316,E01311,parent_company,0.94,28,5095908,0.32,1.6,4,524,0,1920666,0.83,0.62,1,548,1
E02817,E01311,parent_company,0.75,28,4531330,0.13,0.98,0,554,0,1920666,0.83,0.62,1,548,1
E00736,E01311,supplier,0.4,33,5834380,0.24,1.13,2,506,0,1920666,0.83,0.62,1,548,1
E00050,E01311,supplier,0.2,36,358525,0.29,1.5,1,762,0,1920666,0.83,0.62,1,548,1
E00160,E01525,shared_director,0.77,29,4390892,0.53,1.13,2,629,0,5241513,0.59,1.74,1,842,0
E02841,E01525,supplier,0.31,7,3814980,0.57,1.1,2,628,0,5241513,0.59,1.74,1,842,0
E00049,E01525,supplier,0.23,43,6704492,0.57,1.25,1,577,0,5241513,0.59,1.74,1,842,0
E01646,E01525,shared_director,0.99,50,10268444,0.67,1.13,2,610,0,5241513,0.59,1.74,1,842,0
E00313,E01525,co-investor,0.56,8,5533161,0.59,0.62,1,646,0,5241513,0.59,1.74,1,842,0
E00296,E01525,co-investor,0.26,48,5961124,0.54,0.51,2,654,0,5241513,0.59,1.74,1,842,0
E01521,E01525,supplier,0.22,15,9035815,0.55,1.9,1,527,0,5241513,0.59,1.74,1,842,0
E01872,E00611,parent_company,0.4,40,1452991,0.51,1.92,2,558,1,7298839,0.4,1.78,3,575,0
E02218,E00611,parent_company,0.63,50,5689890,0.19,1.06,0,801,0,7298839,0.4,1.78,3,575,0
E02578,E00611,supplier,0.57,10,4587370,0.43,1.21,5,565,0,7298839,0.4,1.78,3,575,0
E00014,E00611,supplier,0.39,45,3894708,0.76,1.46,1,747,0,7298839,0.4,1.78,3,575,0
E01872,E00174,parent_company,0.57,26,1452991,0.51,1.92,2,558,1,4905470,0.19,1.5,4,827,0
E00182,E00174,co-investor,0.21,34,7288270,0.47,1.0,1,719,0,4905470,0.19,1.5,4,827,0
E02218,E00174,shared_director,0.43,21,5689890,0.19,1.06,0,801,0,4905470,0.19,1.5,4,827,0
E01748,E00174,supplier,0.72,21,6619715,0.93,0.91,1,826,1,4905470,0.19,1.5,4,827,0
E00728,E00174,supplier,0.36,6,3706940,0.37,1.69,0,753,0,4905470,0.19,1.5,4,827,0
E01872,E01883,co-investor,0.46,38,1452991,0.51,1.92,2,558,1,6085408,0.14,1.03,1,724,0
E00710,E01883,co-investor,0.59,44,4293967,0.68,1.09,0,670,0,6085408,0.14,1.03,1,724,0
E00330,E01883,co-investor,0.68,12,3948389,0.44,0.89,1,701,0,6085408,0.14,1.03,1,724,0
E02006,E01883,co-investor,0.57,49,6248142,0.3,1.55,1,593,0,6085408,0.14,1.03,1,724,0
E01305,E00666,shared_director,0.99,48,1392437,0.98,1.61,1,656,0,3638225,0.53,1.38,3,798,0
E01355,E00666,shared_director,0.68,46,2103887,0.76,1.79,2,814,1,3638225,0.53,1.38,3,798,0
E02173,E00666,co-investor,0.31,33,4236951,0.78,1.1,2,841,0,3638225,0.53,1.38,3,798,0
E01953,E00666,supplier,0.15,36,4054297,0.59,0.95,3,526,1,3638225,0.53,1.38,3,798,0
E00933,E00666,shared_director,0.67,38,4300775,0.62,0.74,1,591,0,3638225,0.53,1.38,3,798,0
E01305,E00731,parent_company,0.14,48,1392437,0.98,1.61,1,656,0,5566598,0.42,1.08,4,712,0
E02428,E00731,parent_company,0.18,38,3586878,0.94,1.79,2,628,0,5566598,0.42,1.08,4,712,0
E01211,E00731,shared_director,0.24,47,5960292,0.33,1.19,2,561,0,5566598,0.42,1.08,4,712,0
E02125,E00731,co-investor,0.4,9,6905196,0.43,1.92,2,626,0,5566598,0.42,1.08,4,712,0
E01800,E00731,supplier,0.74,46,3374544,0.96,1.1,2,775,0,5566598,0.42,1.08,4,712,0
E01305,E00800,parent_company,0.71,2,1392437,0.98,1.61,1,656,0,5180085,0.14,1.04,2,782,0
E00560,E00800,shared_director,0.97,33,8067956,0.27,1.68,2,666,0,5180085,0.14,1.04,2,782,0
E02204,E00800,supplier,0.54,2,5273643,0.7,0.74,1,512,1,5180085,0.14,1.04,2,782,0
E02487,E00800,parent_company,0.88,37,7693339,0.13,1.41,5,761,0,5180085,0.14,1.04,2,782,0
E01226,E02432,co-investor,0.56,33,1284015,0.18,0.84,0,580,0,5974827,0.65,1.0,3,519,1
E00544,E02432,parent_company,0.57,29,6270793,0.66,1.97,3,644,0,5974827,0.65,1.0,3,519,1
E00020,E02432,parent_company,0.17,32,5561928,0.18,1.34,3,536,0,5974827,0.65,1.0,3,519,1
E02181,E02007,co-investor,0.53,2,1163800,0.16,1.24,1,541,0,2711477,0.8,0.94,2,815,1
E02528,E02007,co-investor,0.88,16,6560140,0.6,0.75,0,523,0,2711477,0.8,0.94,2,815,1
E02181,E02859,supplier,0.46,40,1163800,0.16,1.24,1,541,0,7026911,0.14,0.66,4,755,1
E01307,E02859,supplier,0.15,27,4813131,0.25,1.18,1,657,0,7026911,0.14,0.66,4,755,1
E02383,E02859,co-investor,0.24,29,1511338,0.49,1.3,2,636,0,7026911,0.14,0.66,4,755,1
E02464,E02859,parent_company,0.43,22,5701885,0.59,1.58,1,732,0,7026911,0.14,0.66,4,755,1
E01509,E01357,supplier,0.98,38,1512303,0.26,1.47,2,681,0,6279574,0.56,1.49,2,553,0
E01189,E01357,supplier,0.19,47,4486824,0.54,1.93,1,829,0,6279574,0.56,1.49,2,553,0
E01756,E01357,parent_company,0.32,31,2796413,0.75,0.67,2,791,1,6279574,0.56,1.49,2,553,0
E01509,E02515,parent_company,0.49,28,1512303,0.26,1.47,2,681,0,4635163,0.1,0.58,1,526,0
E01983,E02515,supplier,0.24,48,5383078,0.93,1.26,0,746,0,4635163,0.1,0.58,1,526,0
E01509,E02601,supplier,0.48,3,1512303,0.26,1.47,2,681,0,6803246,0.21,1.84,3,715,0
E02454,E02601,co-investor,0.19,15,7036314,0.22,1.13,1,610,0,6803246,0.21,1.84,3,715,0
E00679,E02601,parent_company,0.86,49,5150374,0.61,1.41,0,659,0,6803246,0.21,1.84,3,715,0
E01509,E02165,shared_director,0.29,20,1512303,0.26,1.47,2,681,0,1540204,0.39,0.69,0,735,0
E01778,E02165,parent_company,0.18,2,3943926,0.42,1.9,2,625,0,1540204,0.39,0.69,0,735,0
E00769,E02165,supplier,0.46,16,3011787,0.84,0.98,1,825,0,1540204,0.39,0.69,0,735,0
E01233,E02165,supplier,0.8,3,5289735,0.68,1.82,2,754,0,1540204,0.39,0.69,0,735,0
E01509,E02249,shared_director,0.18,36,1512303,0.26,1.47,2,681,0,3635218,0.2,1.37,0,698,0
E01758,E02249,shared_director,0.42,33,1969809,0.52,1.55,4,579,0,3635218,0.2,1.37,0,698,0
E00223,E02249,shared_director,0.68,5,6839655,0.39,1.39,2,647,0,3635218,0.2,1.37,0,698,0
E01261,E02819,supplier,0.64,17,6710920,0.8,0.63,3,521,1,4413188,0.57,1.95,2,590,0
E02332,E02819,shared_director,0.52,17,5969757,0.29,0.8,0,558,0,4413188,0.57,1.95,2,590,0
E00477,E02819,shared_director,0.78,28,809684,0.48,1.7,0,653,0,4413188,0.57,1.95,2,590,0
E01261,E01356,supplier,0.16,48,6710920,0.8,0.63,3,521,1,3314514,0.39,0.96,2,724,0
E00155,E01356,supplier,0.96,45,7682623,0.33,1.09,3,504,0,3314514,0.39,0.96,2,724,0
E02686,E02370,parent_company,0.75,38,7029290,0.29,1.56,1,584,1,6619778,0.96,1.89,1,830,0
E01014,E02370,parent_company,0.35,25,2931254,0.55,0.91,4,711,0,6619778,0.96,1.89,1,830,0
E02328,E02370,supplier,0.27,26,2690610,0.53,0.83,4,600,0,6619778,0.96,1.89,1,830,0
E02686,E02013,supplier,0.52,41,7029290,0.29,1.56,1,584,1,5301740,0.83,1.57,1,630,0
E01060,E02013,co-investor,0.48,1,3968565,0.95,0.64,4,687,0,5301740,0.83,1.57,1,630,0
E00266,E02013,parent_company,0.55,10,7167219,0.51,0.88,0,730,0,5301740,0.83,1.57,1,630,0
E02299,E02013,co-investor,0.68,4,6508166,0.37,1.95,5,542,0,5301740,0.83,1.57,1,630,0
E02686,E02647,co-investor,0.54,43,7029290,0.29,1.56,1,584,1,5222553,0.21,0.96,2,563,0
E02347,E02647,co-investor,0.62,32,4459680,0.97,1.13,0,658,0,5222553,0.21,0.96,2,563,0
E00951,E02647,parent_company,0.54,13,4615777,0.96,0.84,0,591,1,5222553,0.21,0.96,2,563,0
E01968,E02388,shared_director,0.71,35,5676693,0.34,1.07,0,588,0,4707880,0.79,1.94,0,679,0
E02291,E02388,co-investor,0.41,18,3370810,0.38,0.91,0,584,1,4707880,0.79,1.94,0,679,0
E02337,E02388,co-investor,0.55,19,6649498,0.46,1.92,0,621,0,4707880,0.79,1.94,0,679,0
E01046,E02388,parent_company,0.46,39,7736843,0.58,1.17,0,641,0,4707880,0.79,1.94,0,679,0
E00976,E02388,shared_director,0.24,9,4971960,0.86,1.37,0,551,0,4707880,0.79,1.94,0,679,0
E00085,E02388,supplier,0.23,2,5579684,0.29,1.99,2,760,0,4707880,0.79,1.94,0,679,0
E01968,E01002,co-investor,0.57,50,5676693,0.34,1.07,0,588,0,10326364,0.53,0.96,3,769,0
E00054,E01002,shared_director,0.4,41,3363051,0.11,1.01,0,713,0,10326364,0.53,0.96,3,769,0
E02606,E01002,supplier,0.79,38,8655361,0.31,1.82,3,555,0,10326364,0.53,0.96,3,769,0
E01624,E01002,parent_company,0.11,15,1867300,0.69,1.73,1,641,0,10326364,0.53,0.96,3,769,0
E02413,E01002,parent_company,0.85,17,3415582,0.15,1.72,0,821,0,10326364,0.53,0.96,3,769,0
E00993,E00130,supplier,0.27,29,5159986,0.99,0.72,1,800,0,6344514,0.23,0.78,2,509,0
E01934,E00130,co-investor,0.47,50,5890071,0.95,1.28,0,790,0,6344514,0.23,0.78,2,509,0
E00154,E00130,co-investor,0.31,38,3403121,0.71,1.51,2,534,0,6344514,0.23,0.78,2,509,0
E00469,E00130,supplier,0.52,12,5748560,0.28,1.77,0,815,0,6344514,0.23,0.78,2,509,0
E00993,E00613,parent_company,0.75,46,5159986,0.99,0.72,1,800,0,4449353,0.2,1.96,0,583,0
E00692,E00613,parent_company,0.69,41,6416178,0.78,0.76,1,819,0,4449353,0.2,1.96,0,583,0
E00997,E00613,supplier,0.56,31,4146485,0.92,0.52,1,778,1,4449353,0.2,1.96,0,583,0
E00993,E00644,co-investor,0.52,4,5159986,0.99,0.72,1,800,0,3931703,0.64,1.15,0,649,0
E02027,E00644,shared_director,0.8,35,3739375,0.24,0.78,4,713,0,3931703,0.64,1.15,0,649,0
E01602,E00644,supplier,0.22,27,6661704,0.28,2.0,0,834,0,3931703,0.64,1.15,0,649,0
E00993,E02265,shared_director,0.8,12,5159986,0.99,0.72,1,800,0,4860843,0.62,1.16,1,814,0
E01066,E02265,parent_company,0.95,14,5407344,0.35,1.2,1,538,0,4860843,0.62,1.16,1,814,0
E02820,E02265,shared_director,0.83,48,2101160,0.37,0.74,1,838,1,4860843,0.62,1.16,1,814,0
E01285,E01716,parent_company,0.47,14,5099157,0.23,0.93,2,533,0,6353196,0.46,1.94,2,702,0
E00562,E01716,supplier,0.56,40,3634015,0.49,1.69,3,736,0,6353196,0.46,1.94,2,702,0
E00755,E01716,co-investor,0.73,4,3985784,0.88,0.73,0,516,0,6353196,0.46,1.94,2,702,0
E01425,E01716,supplier,0.6,13,1694162,0.7,1.21,3,525,0,6353196,0.46,1.94,2,702,0
E02381,E01716,supplier,0.66,47,5846683,0.41,1.44,0,662,0,6353196,0.46,1.94,2,702,0
E01285,E01765,supplier,0.13,42,5099157,0.23,0.93,2,533,0,8626687,0.7,0.52,0,765,0
E00933,E01765,supplier,0.72,7,4300775,0.62,0.74,1,591,0,8626687,0.7,0.52,0,765,0
E00677,E01765,parent_company,0.12,30,5145993,0.79,0.57,3,777,1,8626687,0.7,0.52,0,765,0
E01681,E02056,shared_director,0.89,48,7434747,0.85,1.72,2,624,0,6519092,0.23,1.42,3,642,0
E01207,E02056,supplier,0.81,15,4590129,0.36,1.11,0,592,0,6519092,0.23,1.42,3,642,0
E01638,E02056,shared_director,0.22,7,3804580,0.44,1.26,2,747,0,6519092,0.23,1.42,3,642,0
E00383,E02056,parent_company,0.74,17,4653930,0.68,0.53,2,625,0,6519092,0.23,1.42,3,642,0
E01681,E01309,shared_director,0.53,48,7434747,0.85,1.72,2,624,0,5479153,0.19,1.97,1,599,0
E01571,E01309,co-investor,0.26,37,5075723,0.62,1.97,2,515,0,5479153,0.19,1.97,1,599,0
E02242,E01309,supplier,0.59,41,7390278,0.24,1.56,1,660,0,5479153,0.19,1.97,1,599,0
E00036,E01309,supplier,0.33,9,2720491,0.61,1.87,2,621,0,5479153,0.19,1.97,1,599,0
E00256,E02891,parent_company,0.57,36,4246894,0.45,1.42,2,779,0,6005429,0.61,0.84,0,535,0
E00870,E02891,co-investor,0.49,32,6247097,0.59,1.43,0,654,0,6005429,0.61,0.84,0,535,0
E01834,E02891,supplier,0.26,49,7580736,0.96,1.18,4,567,0,6005429,0.61,0.84,0,535,0
E00256,E01513,supplier,0.1,36,4246894,0.45,1.42,2,779,0,4563928,0.97,0.97,1,589,0
E00595,E01513,parent_company,0.46,24,8693253,0.16,1.76,0,738,0,4563928,0.97,0.97,1,589,0
E02282,E01513,supplier,0.39,5,5003691,0.49,1.03,1,749,0,4563928,0.97,0.97,1,589,0
E02812,E01513,co-investor,0.48,44,2860209,0.14,1.75,0,656,0,4563928,0.97,0.97,1,589,0
E01332,E02676,co-investor,0.73,16,9668327,0.26,0.81,3,679,0,1822363,0.34,1.97,2,595,0
E00226,E02676,co-investor,0.13,3,1482802,0.49,0.61,0,508,0,1822363,0.34,1.97,2,595,0
E01332,E02219,parent_company,0.72,36,9668327,0.26,0.81,3,679,0,5523900,0.31,1.51,1,702,0
E01831,E02219,co-investor,0.19,40,5031615,0.42,0.75,1,677,0,5523900,0.31,1.51,1,702,0
E00693,E02219,parent_company,0.92,1,3303802,0.95,1.29,2,827,0,5523900,0.31,1.51,1,702,0
E00710,E00472,shared_director,0.79,31,4293967,0.68,1.09,0,670,0,2508467,0.53,0.89,1,645,0
E02397,E00472,co-investor,0.76,33,5859126,0.56,0.8,1,831,0,2508467,0.53,0.89,1,645,0
E01010,E01143,co-investor,0.3,20,4884032,0.31,1.18,3,618,0,5391950,0.15,0.91,3,759,0
E01054,E01143,shared_director,0.79,27,6312721,0.2,0.5,1,641,0,5391950,0.15,0.91,3,759,0
E01010,E00221,shared_director,0.74,22,4884032,0.31,1.18,3,618,0,3980284,0.78,0.8,2,648,0
E01668,E00221,parent_company,0.84,49,6481181,0.24,1.27,1,638,0,3980284,0.78,0.8,2,648,0
E01010,E02344,shared_director,0.62,39,4884032,0.31,1.18,3,618,0,2765163,0.43,1.65,0,762,0
E00668,E02344,parent_company,0.87,42,6258827,0.65,1.3,1,529,1,2765163,0.43,1.65,0,762,0
E02901,E02344,parent_company,0.41,46,7402029,0.58,0.85,1,731,1,2765163,0.43,1.65,0,762,0
E02210,E02344,shared_director,0.53,11,2062153,0.44,1.9,3,644,0,2765163,0.43,1.65,0,762,0
E02427,E02344,co-investor,0.73,2,4730398,0.47,1.36,2,759,0,2765163,0.43,1.65,0,762,0
E02870,E02344,co-investor,0.6,39,5262041,0.59,1.81,0,598,0,2765163,0.43,1.65,0,762,0
E02150,E02344,parent_company,0.41,48,5423757,0.55,1.58,1,619,0,2765163,0.43,1.65,0,762,0
E01010,E00295,shared_director,0.68,15,4884032,0.31,1.18,3,618,0,3701617,0.91,1.9,1,591,0
E02779,E00295,parent_company,0.71,6,5369735,0.97,0.81,2,537,1,3701617,0.91,1.9,1,591,0
E01097,E00295,supplier,0.61,44,3869430,0.68,1.14,3,592,0,3701617,0.91,1.9,1,591,0
E01184,E02888,parent_company,0.72,32,8499162,0.62,1.13,2,833,0,10290073,0.49,1.56,0,798,0
E01980,E02888,co-investor,0.2,31,6881392,0.68,0.85,3,791,0,10290073,0.49,1.56,0,798,0
E02289,E02888,supplier,0.6,50,5498357,0.53,1.25,1,733,0,10290073,0.49,1.56,0,798,0
E00998,E02888,shared_director,0.37,24,3916330,0.24,0.7,2,561,0,10290073,0.49,1.56,0,798,0
E02840,E02888,co-investor,0.7,23,5264545,0.95,1.21,1,677,0,10290073,0.49,1.56,0,798,0
E01184,E00575,parent_company,0.38,29,8499162,0.62,1.13,2,833,0,4494628,0.4,1.53,0,828,0
E00035,E00575,supplier,0.76,41,5500487,0.92,1.05,1,804,0,4494628,0.4,1.53,0,828,0
E01184,E02435,parent_company,0.38,21,8499162,0.62,1.13,2,833,0,629406,0.68,1.28,1,525,0
E02815,E02435,supplier,0.4,3,5263289,0.37,0.82,2,749,0,629406,0.68,1.28,1,525,0
E01864,E02435,co-investor,0.84,46,3498794,0.59,1.27,1,817,0,629406,0.68,1.28,1,525,0
E01920,E02435,parent_company,0.16,41,8489278,0.87,1.63,3,601,0,629406,0.68,1.28,1,525,0
E01128,E02435,supplier,0.79,10,6300763,0.19,1.11,1,706,0,629406,0.68,1.28,1,525,0
E02214,E02435,shared_director,0.7,19,7108863,0.94,1.23,0,713,0,629406,0.68,1.28,1,525,0
E01184,E00005,parent_company,0.96,26,8499162,0.62,1.13,2,833,0,2817219,0.22,1.19,2,800,0
E00947,E00005,supplier,0.71,36,7065927,0.86,1.62,0,549,1,2817219,0.22,1.19,2,800,0
E00581,E00005,parent_company,0.12,28,3258854,0.18,0.89,1,773,0,2817219,0.22,1.19,2,800,0
E01523,E00005,parent_company,0.86,7,7107224,0.78,1.37,2,730,0,2817219,0.22,1.19,2,800,0
E01184,E02316,shared_director,0.25,49,8499162,0.62,1.13,2,833,0,6066801,0.4,1.78,2,719,0
E02202,E02316,supplier,0.68,45,6611780,0.61,0.57,1,816,0,6066801,0.4,1.78,2,719,0
E00310,E02316,supplier,0.98,50,2299503,0.92,1.87,1,779,0,6066801,0.4,1.78,2,719,0
E01299,E01966,co-investor,0.6,47,5010985,0.7,1.59,1,602,0,5264041,0.14,0.85,0,765,0
E01151,E01966,supplier,0.57,2,3178592,0.41,0.76,1,836,0,5264041,0.14,0.85,0,765,0
E00066,E01966,co-investor,0.25,30,6033338,0.94,1.01,1,846,0,5264041,0.14,0.85,0,765,0
E01006,E01966,supplier,0.19,48,8623009,0.61,0.6,4,822,0,5264041,0.14,0.85,0,765,0
E02702,E01966,shared_director,0.67,18,7878891,0.83,1.4,2,842,0,5264041,0.14,0.85,0,765,0
E01987,E01966,co-investor,0.32,12,4410441,0.21,0.67,1,606,0,5264041,0.14,0.85,0,765,0
E01299,E00560,shared_director,0.94,5,5010985,0.7,1.59,1,602,0,8067956,0.27,1.68,2,666,0
E00748,E00560,co-investor,0.2,30,6824870,0.98,1.46,0,701,0,8067956,0.27,1.68,2,666,0
E01150,E00560,supplier,0.87,30,3708457,0.39,1.52,1,738,0,8067956,0.27,1.68,2,666,0
E02166,E00560,shared_director,0.14,15,4538179,0.22,1.61,2,677,0,8067956,0.27,1.68,2,666,0
E01299,E01717,supplier,0.65,9,5010985,0.7,1.59,1,602,0,3928081,0.15,1.27,2,579,1
E00985,E01717,parent_company,0.82,45,4780901,0.72,1.97,3,757,0,3928081,0.15,1.27,2,579,1
E00863,E01717,co-investor,0.43,26,5988886,0.47,1.27,0,737,0,3928081,0.15,1.27,2,579,1
E00003,E01717,shared_director,0.61,4,4025209,0.65,1.5,2,764,0,3928081,0.15,1.27,2,579,1
E00309,E01717,supplier,0.48,38,6506608,0.16,1.45,2,549,0,3928081,0.15,1.27,2,579,1
E01121,E01179,supplier,0.62,35,7057365,0.32,1.06,0,518,0,6771606,0.36,1.11,3,622,0
E00605,E01179,supplier,0.41,8,7412306,0.34,1.46,1,606,0,6771606,0.36,1.11,3,622,0
E02548,E01179,co-investor,0.32,5,2627861,0.81,1.16,1,509,0,6771606,0.36,1.11,3,622,0
E01121,E02193,shared_director,0.11,47,7057365,0.32,1.06,0,518,0,1228466,0.11,0.79,1,530,1
E02508,E02193,co-investor,0.96,17,3985457,0.13,0.96,1,515,1,1228466,0.11,0.79,1,530,1
E01121,E02362,parent_company,0.81,49,7057365,0.32,1.06,0,518,0,4523323,0.12,1.25,2,642,0
E02616,E02362,co-investor,0.71,45,5650873,0.89,0.84,0,522,0,4523323,0.12,1.25,2,642,0
E01145,E02362,co-investor,0.25,9,6777325,0.86,1.08,0,611,0,4523323,0.12,1.25,2,642,0
E00021,E02362,shared_director,0.99,6,2883229,0.66,0.88,0,560,0,4523323,0.12,1.25,2,642,0
E02799,E02362,parent_company,0.37,22,6119154,0.17,1.32,3,619,0,4523323,0.12,1.25,2,642,0
E01556,E01617,co-investor,0.96,10,7825989,0.83,1.46,0,718,0,4692347,0.95,0.89,6,776,1
E02115,E01617,supplier,0.69,7,7225893,0.58,1.02,1,689,0,4692347,0.95,0.89,6,776,1
E02195,E01617,shared_director,0.4,27,2628278,0.42,0.61,0,626,0,4692347,0.95,0.89,6,776,1
E01032,E01617,parent_company,0.95,31,4936163,0.58,1.94,1,724,0,4692347,0.95,0.89,6,776,1
E00501,E01617,parent_company,0.83,7,3822472,0.68,1.8,0,663,0,4692347,0.95,0.89,6,776,1
E01556,E00550,co-investor,0.35,2,7825989,0.83,1.46,0,718,0,1712518,0.27,1.88,4,649,0
E01953,E00550,shared_director,0.74,24,4054297,0.59,0.95,3,526,1,1712518,0.27,1.88,4,649,0
E01902,E00550,shared_director,0.56,7,5018076,0.99,1.01,2,752,0,1712518,0.27,1.88,4,649,0
E02916,E00550,parent_company,0.5,50,4432630,0.26,0.71,0,586,0,1712518,0.27,1.88,4,649,0
E01190,E00173,co-investor,0.96,6,194492,0.92,1.94,2,700,0,8950054,0.74,0.92,4,731,0
E02578,E00173,supplier,0.33,41,4587370,0.43,1.21,5,565,0,8950054,0.74,0.92,4,731,0
E01568,E00173,supplier,0.63,42,6239852,0.46,0.94,1,664,0,8950054,0.74,0.92,4,731,0
E01712,E00173,supplier,0.91,9,4851578,0.18,1.22,2,712,0,8950054,0.74,0.92,4,731,0
E00607,E00173,parent_company,0.32,39,4432116,0.14,0.66,1,790,0,8950054,0.74,0.92,4,731,0
E01190,E00169,parent_company,0.93,2,194492,0.92,1.94,2,700,0,4295654,0.64,1.99,2,519,0
E00224,E00169,supplier,0.35,36,5627723,0.64,0.61,1,831,0,4295654,0.64,1.99,2,519,0
E00749,E00169,parent_company,0.36,15,5999053,0.48,0.93,4,781,0,4295654,0.64,1.99,2,519,0
E00491,E00169,supplier,0.22,1,4393383,0.86,0.68,1,530,1,4295654,0.64,1.99,2,519,0
E02320,E00169,shared_director,0.9,42,7076755,0.11,1.69,4,581,1,4295654,0.64,1.99,2,519,0
E01419,E01812,co-investor,0.77,14,4443217,0.93,1.6,1,614,0,6449447,0.44,1.24,4,794,0
E01260,E01812,co-investor,0.15,25,6465298,0.2,0.97,0,736,0,6449447,0.44,1.24,4,794,0
E00426,E01812,co-investor,0.65,22,5409098,0.78,1.69,1,743,1,6449447,0.44,1.24,4,794,0
E02208,E01812,co-investor,0.37,11,4850511,0.61,0.93,2,593,0,6449447,0.44,1.24,4,794,0
E01901,E01812,parent_company,0.34,37,6415272,0.72,0.81,2,841,0,6449447,0.44,1.24,4,794,0
E00094,E01812,parent_company,0.98,48,3454665,0.45,1.05,1,599,0,6449447,0.44,1.24,4,794,0
E01589,E01812,parent_company,0.44,46,4152447,0.97,0.61,2,531,0,6449447,0.44,1.24,4,794,0
E00828,E02207,co-investor,0.94,45,6186858,0.35,1.12,0,621,0,8405392,0.37,1.5,1,790,0
E02037,E02207,shared_director,0.58,15,7311770,0.86,1.23,1,786,0,8405392,0.37,1.5,1,790,0
E00828,E01863,supplier,0.33,45,6186858,0.35,1.12,0,621,0,9282766,0.97,0.83,1,642,0
E00913,E01863,shared_director,0.2,31,3750420,0.91,1.68,3,602,0,9282766,0.97,0.83,1,642,0
E02028,E01863,co-investor,0.56,27,2983889,0.3,1.79,2,738,0,9282766,0.97,0.83,1,642,0
E01420,E01863,parent_company,0.39,29,6266722,0.74,1.9,1,641,1,9282766,0.97,0.83,1,642,0
E01113,E00563,supplier,0.65,38,4195866,0.64,1.82,1,670,0,5118284,0.69,1.76,3,695,0
E02010,E00563,parent_company,0.91,15,8052372,0.53,1.59,2,557,0,5118284,0.69,1.76,3,695,0
E01569,E00563,shared_director,0.28,34,2821839,0.4,1.27,0,683,0,5118284,0.69,1.76,3,695,0
E00347,E00563,shared_director,0.87,45,2545480,0.35,0.99,1,829,0,5118284,0.69,1.76,3,695,0
E00523,E00563,parent_company,0.17,42,4102158,0.29,0.92,2,693,0,5118284,0.69,1.76,3,695,0
E02726,E00563,co-investor,0.95,36,7732309,0.94,0.92,2,507,0,5118284,0.69,1.76,3,695,0
E01328,E00563,co-investor,0.54,1,1350551,0.86,1.94,0,797,1,5118284,0.69,1.76,3,695,0
E01113,E01306,supplier,0.65,28,4195866,0.64,1.82,1,670,0,4290025,0.97,0.88,2,817,0
E00121,E01306,shared_director,0.97,20,7493389,0.2,0.88,1,510,0,4290025,0.97,0.88,2,817,0
E01460,E01306,shared_director,0.72,27,3672559,0.81,1.59,2,507,0,4290025,0.97,0.88,2,817,0
E00784,E01306,parent_company,0.38,30,2758355,0.25,0.76,2,563,0,4290025,0.97,0.88,2,817,0
E01113,E00274,shared_director,0.35,32,4195866,0.64,1.82,1,670,0,4983443,0.87,2.0,0,724,0
E02699,E00274,supplier,0.85,9,4999761,0.54,1.73,1,666,0,4983443,0.87,2.0,0,724,0
E02433,E00274,supplier,0.78,9,4567095,0.14,0.73,1,673,0,4983443,0.87,2.0,0,724,0
E02354,E00274,co-investor,0.56,27,1230427,0.47,1.05,3,590,0,4983443,0.87,2.0,0,724,0
E02020,E00274,co-investor,0.62,37,5621182,0.86,1.96,1,580,0,4983443,0.87,2.0,0,724,0
E00411,E00274,parent_company,0.11,37,5551021,0.38,1.54,1,695,0,4983443,0.87,2.0,0,724,0
E02133,E00274,parent_company,0.88,40,2793634,0.25,1.38,3,563,0,4983443,0.87,2.0,0,724,0
E01113,E02215,co-investor,0.95,29,4195866,0.64,1.82,1,670,0,3947675,0.59,1.25,0,503,0
E00199,E02215,parent_company,0.13,39,7258138,0.42,1.48,2,679,0,3947675,0.59,1.25,0,503,0
E02464,E02215,co-investor,0.12,19,5701885,0.59,1.58,1,732,0,3947675,0.59,1.25,0,503,0
E00981,E00994,supplier,0.7,34,5494154,0.73,0.86,1,814,1,5695812,0.3,1.36,2,787,0
E02551,E00994,shared_director,0.43,32,4656104,0.24,1.75,0,611,0,5695812,0.3,1.36,2,787,0
E01725,E00994,parent_company,0.85,4,217451,0.43,1.25,3,728,0,5695812,0.3,1.36,2,787,0
E01239,E00994,co-investor,0.21,35,3223704,0.42,1.34,3,634,0,5695812,0.3,1.36,2,787,0
E00190,E00994,co-investor,0.14,32,7124419,0.95,0.98,3,715,1,5695812,0.3,1.36,2,787,0
E00981,E02028,shared_director,0.2,32,5494154,0.73,0.86,1,814,1,2983889,0.3,1.79,2,738,0
E02526,E02028,supplier,0.38,27,6868855,0.42,1.08,1,757,0,2983889,0.3,1.79,2,738,0
E02675,E02028,shared_director,0.72,27,7836480,0.51,1.43,4,596,1,2983889,0.3,1.79,2,738,0
E00682,E02028,shared_director,0.47,29,5450685,0.5,1.61,1,845,0,2983889,0.3,1.79,2,738,0
E02660,E02028,supplier,0.4,7,6417437,0.97,1.57,2,546,0,2983889,0.3,1.79,2,738,0
E00981,E02319,parent_company,0.41,20,5494154,0.73,0.86,1,814,1,6982517,0.15,1.53,2,818,0
E00535,E02319,shared_director,0.81,44,5681200,0.15,0.97,3,639,1,6982517,0.15,1.53,2,818,0
E02370,E02319,co-investor,0.65,27,6619778,0.96,1.89,1,830,0,6982517,0.15,1.53,2,818,0
E01149,E02319,co-investor,0.13,26,5679028,0.84,0.6,4,650,0,6982517,0.15,1.53,2,818,0
E01421,E02319,parent_company,0.46,11,1918413,0.48,1.49,3,618,0,6982517,0.15,1.53,2,818,0
E01444,E02319,shared_director,0.32,44,6779832,0.72,1.88,1,544,1,6982517,0.15,1.53,2,818,0
E00981,E01169,co-investor,0.22,23,5494154,0.73,0.86,1,814,1,5695060,0.2,1.31,1,849,0
E02839,E01169,co-investor,0.3,49,1911245,0.88,0.56,2,635,0,5695060,0.2,1.31,1,849,0
E01037,E01169,co-investor,0.61,17,3053106,0.36,1.71,1,839,0,5695060,0.2,1.31,1,849,0
E00981,E01337,supplier,0.53,22,5494154,0.73,0.86,1,814,1,4104171,0.58,1.85,1,674,0
E02871,E01337,co-investor,0.51,15,4332442,0.86,1.04,2,512,0,4104171,0.58,1.85,1,674,0
E00858,E01337,parent_company,0.92,21,4828213,0.76,1.38,2,675,0,4104171,0.58,1.85,1,674,0
E00981,E00168,co-investor,0.89,50,5494154,0.73,0.86,1,814,1,6974244,0.56,0.68,1,700,0
E02536,E00168,co-investor,0.43,42,3902501,0.45,1.23,1,679,0,6974244,0.56,0.68,1,700,0
E00151,E00168,shared_director,0.2,17,2131270,0.22,1.57,1,784,0,6974244,0.56,0.68,1,700,0
E01813,E00168,parent_company,0.59,43,3270868,0.5,1.53,1,832,0,6974244,0.56,0.68,1,700,0
E02491,E00168,parent_company,0.62,34,7564726,0.85,0.82,3,760,0,6974244,0.56,0.68,1,700,0
E00925,E02614,parent_company,0.15,27,3313478,0.38,0.57,2,799,0,6419858,0.13,1.88,1,577,0
E00003,E02614,shared_director,0.76,2,4025209,0.65,1.5,2,764,0,6419858,0.13,1.88,1,577,0
E00106,E02614,co-investor,0.19,45,3119172,0.46,0.84,7,539,1,6419858,0.13,1.88,1,577,0
E01837,E02614,supplier,0.51,25,5718366,0.15,1.45,1,769,0,6419858,0.13,1.88,1,577,0
E00925,E01121,supplier,0.19,15,3313478,0.38,0.57,2,799,0,7057365,0.32,1.06,0,518,0
E02596,E01121,co-investor,0.62,37,3551506,0.38,1.86,2,780,0,7057365,0.32,1.06,0,518,0
E01725,E01121,shared_director,0.76,46,217451,0.43,1.25,3,728,0,7057365,0.32,1.06,0,518,0
E00925,E00161,shared_director,0.87,47,3313478,0.38,0.57,2,799,0,5190641,0.86,1.6,0,637,1
E01840,E00161,parent_company,0.21,37,3258965,0.58,0.94,1,720,0,5190641,0.86,1.6,0,637,1
E01879,E00161,shared_director,0.46,36,8498448,0.4,0.71,3,572,0,5190641,0.86,1.6,0,637,1
E01200,E00161,shared_director,0.67,13,584498,0.72,0.92,1,786,1,5190641,0.86,1.6,0,637,1
E01353,E01935,supplier,0.71,9,5510546,0.31,1.01,1,836,0,815785,0.79,1.75,2,610,1
E00718,E01935,parent_company,0.39,19,4399719,0.95,1.93,2,565,1,815785,0.79,1.75,2,610,1
E01353,E00329,parent_company,0.15,50,5510546,0.31,1.01,1,836,0,5734204,0.36,1.62,2,702,0
E00358,E00329,shared_director,0.91,19,4942150,0.98,1.92,2,612,0,5734204,0.36,1.62,2,702,0
E01353,E01644,supplier,0.29,1,5510546,0.31,1.01,1,836,0,8966772,0.47,1.83,1,759,0
E02458,E01644,co-investor,0.49,32,4488138,0.78,0.58,1,827,0,8966772,0.47,1.83,1,759,0
E00868,E01644,parent_company,0.82,34,5156858,0.64,1.66,3,580,0,8966772,0.47,1.83,1,759,0
E00093,E01644,supplier,0.85,25,5970631,0.97,0.58,1,611,1,8966772,0.47,1.83,1,759,0
E01353,E01443,shared_director,0.93,29,5510546,0.31,1.01,1,836,0,3522394,0.76,1.03,2,673,0
E01905,E01443,parent_company,0.53,1,2198652,0.4,1.65,3,753,0,3522394,0.76,1.03,2,673,0
E02173,E01443,shared_director,0.13,12,4236951,0.78,1.1,2,841,0,3522394,0.76,1.03,2,673,0
E02434,E01443,shared_director,0.62,32,3739427,0.46,1.77,0,782,0,3522394,0.76,1.03,2,673,0
E02521,E01443,parent_company,0.92,10,5688768,0.27,0.9,0,722,0,3522394,0.76,1.03,2,673,0
E02022,E01443,supplier,0.99,12,7219859,0.56,0.98,2,845,1,3522394,0.76,1.03,2,673,0
E01353,E01791,shared_director,0.38,10,5510546,0.31,1.01,1,836,0,1505093,0.74,1.87,2,733,1
E02866,E01791,shared_director,0.22,12,6641933,0.28,0.97,2,849,0,1505093,0.74,1.87,2,733,1
E01353,E01048,shared_director,0.9,5,5510546,0.31,1.01,1,836,0,6073487,0.2,1.81,1,692,0
E00319,E01048,shared_director,0.98,2,5351091,0.87,1.4,2,729,0,6073487,0.2,1.81,1,692,0
E02030,E01048,parent_company,0.75,20,3625231,0.81,1.07,0,680,0,6073487,0.2,1.81,1,692,0
E02185,E01048,supplier,0.88,24,5472835,0.33,0.87,2,572,0,6073487,0.2,1.81,1,692,0
E00022,E02255,parent_company,0.47,31,3974171,0.6,1.48,2,790,0,7708038,0.17,0.54,2,623,0
E02096,E02255,shared_director,0.12,6,3893615,0.27,1.91,2,829,0,7708038,0.17,0.54,2,623,0
E01751,E02255,supplier,0.36,9,7223157,0.77,1.7,0,569,1,7708038,0.17,0.54,2,623,0
E01713,E02255,co-investor,0.9,49,7174928,0.95,1.43,2,823,0,7708038,0.17,0.54,2,623,0
E00493,E02255,co-investor,0.21,23,4346238,0.24,1.12,0,849,0,7708038,0.17,0.54,2,623,0
E00093,E02255,co-investor,0.22,31,5970631,0.97,0.58,1,611,1,7708038,0.17,0.54,2,623,0
E00103,E02255,shared_director,0.43,18,4298636,0.68,0.89,4,803,0,7708038,0.17,0.54,2,623,0
E00022,E00374,parent_company,0.52,39,3974171,0.6,1.48,2,790,0,4367804,0.42,0.56,1,766,0
E00608,E00374,parent_company,0.97,26,5802384,0.5,1.69,1,848,0,4367804,0.42,0.56,1,766,0
E01086,E00374,shared_director,0.27,25,5701570,0.92,1.57,2,803,0,4367804,0.42,0.56,1,766,0
E00745,E00374,parent_company,0.83,24,5031373,0.7,1.7,0,608,0,4367804,0.42,0.56,1,766,0
E02402,E00374,parent_company,0.84,47,3962784,0.54,1.66,2,570,0,4367804,0.42,0.56,1,766,0
E00022,E01857,co-investor,0.98,48,3974171,0.6,1.48,2,790,0,1564411,0.74,0.63,0,833,0
E02111,E01857,parent_company,0.89,41,6116583,0.83,1.66,2,828,1,1564411,0.74,0.63,0,833,0
E01339,E01857,supplier,0.79,42,4939711,0.53,1.71,0,678,0,1564411,0.74,0.63,0,833,0
E00022,E01473,shared_director,0.61,5,3974171,0.6,1.48,2,790,0,2889225,0.91,1.92,1,808,0
E00328,E01473,shared_director,0.44,31,5255605,0.36,0.87,1,510,0,2889225,0.91,1.92,1,808,0
E02745,E01473,co-investor,0.34,4,4823911,0.88,0.71,1,561,1,2889225,0.91,1.92,1,808,0
E00022,E00015,shared_director,0.47,39,3974171,0.6,1.48,2,790,0,6927700,0.12,0.61,0,518,0
E00143,E00015,parent_company,0.76,2,2992484,0.96,0.56,2,723,0,6927700,0.12,0.61,0,518,0
E00831,E00015,co-investor,0.11,32,6113641,1.0,1.97,2,826,1,6927700,0.12,0.61,0,518,0
E00949,E00015,parent_company,0.62,12,4262339,0.3,1.08,1,519,0,6927700,0.12,0.61,0,518,0
E00467,E00015,co-investor,0.87,35,2688863,0.77,1.16,2,535,0,6927700,0.12,0.61,0,518,0
E00022,E02367,shared_director,0.27,34,3974171,0.6,1.48,2,790,0,6704357,0.67,0.9,3,776,0
E00012,E02367,co-investor,0.21,50,4110724,0.55,0.92,3,515,0,6704357,0.67,0.9,3,776,0
E01956,E02665,parent_company,0.78,19,5353509,0.16,1.37,2,555,0,4244890,0.52,0.74,1,507,0
E00624,E02665,co-investor,0.17,42,2524358,0.51,0.69,2,620,0,4244890,0.52,0.74,1,507,0
E00346,E02665,shared_director,0.89,2,6266535,0.14,0.87,2,796,0,4244890,0.52,0.74,1,507,0
E01956,E01283,shared_director,0.84,11,5353509,0.16,1.37,2,555,0,3071191,0.44,1.59,2,550,0
E01555,E01283,co-investor,0.22,26,5786538,0.56,1.47,2,746,0,3071191,0.44,1.59,2,550,0
E00764,E01283,parent_company,0.92,27,4969613,0.16,1.81,0,845,0,3071191,0.44,1.59,2,550,0
E01956,E01532,parent_company,0.31,22,5353509,0.16,1.37,2,555,0,5511147,0.18,1.41,2,556,1
E00498,E01532,supplier,0.13,4,2930090,0.98,1.91,2,842,0,5511147,0.18,1.41,2,556,1
E02106,E01532,parent_company,0.34,27,8194745,0.93,1.04,3,544,0,5511147,0.18,1.41,2,556,1
E02077,E01532,shared_director,0.94,35,4805326,0.48,1.89,0,833,0,5511147,0.18,1.41,2,556,1
E01956,E00308,parent_company,0.88,2,5353509,0.16,1.37,2,555,0,5179912,0.21,0.63,2,748,0
E01491,E00308,shared_director,0.38,20,4258818,0.14,1.74,3,559,0,5179912,0.21,0.63,2,748,0
E02104,E00308,parent_company,0.49,33,6098631,0.21,0.62,3,584,0,5179912,0.21,0.63,2,748,0
E02096,E00308,supplier,0.91,42,3893615,0.27,1.91,2,829,0,5179912,0.21,0.63,2,748,0
E01238,E00308,parent_company,0.32,21,581696,0.84,1.33,1,574,1,5179912,0.21,0.63,2,748,0
E02486,E00308,parent_company,0.61,32,2642366,0.79,0.65,3,806,1,5179912,0.21,0.63,2,748,0
E02037,E00308,shared_director,0.64,27,7311770,0.86,1.23,1,786,0,5179912,0.21,0.63,2,748,0
E02607,E00308,parent_company,0.92,19,6835935,0.9,1.84,1,841,0,5179912,0.21,0.63,2,748,0
E01956,E01953,shared_director,0.35,29,5353509,0.16,1.37,2,555,0,4054297,0.59,0.95,3,526,1
E01316,E01953,supplier,0.47,5,2639414,0.67,1.15,2,661,0,4054297,0.59,0.95,3,526,1
E01972,E01953,supplier,0.98,16,7860311,0.83,1.23,2,533,0,4054297,0.59,0.95,3,526,1
E02549,E01953,co-investor,0.87,45,6216884,0.46,0.78,2,816,0,4054297,0.59,0.95,3,526,1
E01703,E01953,supplier,0.42,38,6940786,0.24,1.93,1,705,0,4054297,0.59,0.95,3,526,1
E01316,E01170,supplier,0.92,6,2639414,0.67,1.15,2,661,0,7327017,0.83,1.29,2,748,1
E01833,E01170,shared_director,0.71,40,8136479,0.27,0.69,0,690,0,7327017,0.83,1.29,2,748,1
E01406,E01170,co-investor,0.12,45,4561112,0.96,1.58,2,631,0,7327017,0.83,1.29,2,748,1
E01316,E02279,supplier,0.46,50,2639414,0.67,1.15,2,661,0,5042560,0.88,0.76,1,550,0
E01853,E02279,parent_company,0.12,7,4629918,0.17,0.62,3,799,0,5042560,0.88,0.76,1,550,0
E01906,E02279,supplier,0.21,46,5028664,0.5,1.16,2,507,0,5042560,0.88,0.76,1,550,0
E01316,E02417,supplier,0.85,3,2639414,0.67,1.15,2,661,0,5672142,0.53,1.57,1,538,1
E02164,E02417,parent_company,0.87,2,3590263,0.33,1.27,0,507,1,5672142,0.53,1.57,1,538,1
E02743,E02417,shared_director,0.75,45,5436050,0.53,1.19,4,780,0,5672142,0.53,1.57,1,538,1
E02672,E02352,parent_company,0.58,47,10531959,0.74,0.86,3,788,0,4014489,0.92,1.1,1,716,1
E01653,E02352,shared_director,0.82,25,4278217,0.25,0.81,0,699,1,4014489,0.92,1.1,1,716,1
E00453,E02352,shared_director,0.23,6,6065719,0.95,0.57,0,584,1,4014489,0.92,1.1,1,716,1
E01161,E02352,parent_company,0.25,20,6804938,0.42,1.64,1,675,0,4014489,0.92,1.1,1,716,1
E00837,E02352,co-investor,0.43,16,6158885,0.56,0.53,0,845,0,4014489,0.92,1.1,1,716,1
E01225,E02352,parent_company,0.61,29,2244598,0.37,1.12,0,803,0,4014489,0.92,1.1,1,716,1
E01133,E02352,shared_director,0.98,13,5281656,0.86,1.74,1,786,0,4014489,0.92,1.1,1,716,1
E02672,E01969,parent_company,0.53,47,10531959,0.74,0.86,3,788,0,828368,0.72,0.51,0,735,1
E01813,E01969,shared_director,0.22,35,3270868,0.5,1.53,1,832,0,828368,0.72,0.51,0,735,1
E02766,E01969,supplier,0.33,27,7980758,0.75,0.53,2,778,0,828368,0.72,0.51,0,735,1
E00092,E01969,co-investor,0.17,37,4860820,0.72,1.68,4,768,0,828368,0.72,0.51,0,735,1
E00153,E02876,supplier,0.14,26,1951969,0.77,1.56,0,584,0,8540335,0.27,0.69,1,632,0
E00153,E02080,shared_director,0.8,24,1951969,0.77,1.56,0,584,0,3804862,0.17,0.63,1,648,0
E01526,E02080,shared_director,0.23,16,8095140,0.59,0.51,0,624,0,3804862,0.17,0.63,1,648,0
E00153,E02275,supplier,0.67,42,1951969,0.77,1.56,0,584,0,3801267,0.31,0.82,2,636,0
E02203,E02275,shared_director,0.29,21,7447706,0.77,1.08,1,557,1,3801267,0.31,0.82,2,636,0
E02843,E02275,parent_company,0.33,35,2567348,0.31,1.18,1,766,0,3801267,0.31,0.82,2,636,0
E02822,E02275,parent_company,0.46,46,7416695,0.16,1.98,2,836,0,3801267,0.31,0.82,2,636,0
E02034,E02275,co-investor,0.13,12,5062089,0.12,1.53,2,552,0,3801267,0.31,0.82,2,636,0
E00149,E01627,shared_director,0.27,48,4303973,0.38,0.75,2,679,1,5495023,0.7,0.97,1,840,0
E00979,E01627,supplier,0.49,5,1474335,0.38,0.81,1,506,0,5495023,0.7,0.97,1,840,0
E00770,E01627,parent_company,0.62,30,4938122,0.6,1.52,2,799,0,5495023,0.7,0.97,1,840,0
E01833,E01627,supplier,0.75,19,8136479,0.27,0.69,0,690,0,5495023,0.7,0.97,1,840,0
E01626,E01627,parent_company,0.88,9,1793479,0.34,0.56,2,615,0,5495023,0.7,0.97,1,840,0
E02300,E01627,parent_company,0.89,16,2763451,0.46,1.73,2,658,0,5495023,0.7,0.97,1,840,0
E00149,E02730,supplier,1.0,10,4303973,0.38,0.75,2,679,1,3159522,0.22,0.84,2,788,0
E02467,E02730,supplier,0.93,4,4402806,0.96,1.58,0,693,0,3159522,0.22,0.84,2,788,0
E02309,E02730,supplier,0.9,9,6010808,0.2,1.41,1,630,0,3159522,0.22,0.84,2,788,0
E00149,E01821,co-investor,0.47,10,4303973,0.38,0.75,2,679,1,4229233,0.34,1.18,3,797,0
E01209,E01821,co-investor,0.31,3,7168959,0.42,1.71,4,770,0,4229233,0.34,1.18,3,797,0
E00343,E01821,supplier,0.76,35,4555174,0.18,1.58,2,532,0,4229233,0.34,1.18,3,797,0
E00166,E01821,shared_director,0.24,27,3682462,0.27,1.59,2,817,0,4229233,0.34,1.18,3,797,0
E00149,E02123,parent_company,0.43,41,4303973,0.38,0.75,2,679,1,4204591,0.76,1.93,2,571,0
E02691,E02123,co-investor,0.28,39,3415403,0.79,1.42,0,701,1,4204591,0.76,1.93,2,571,0
E01372,E02123,shared_director,0.69,25,5384565,0.75,0.69,1,604,0,4204591,0.76,1.93,2,571,0
E01186,E00154,supplier,0.37,39,6565740,0.74,1.99,3,535,0,3403121,0.71,1.51,2,534,0
E02665,E00154,shared_director,0.89,17,4244890,0.52,0.74,1,507,0,3403121,0.71,1.51,2,534,0
E00510,E00154,parent_company,0.7,35,5806780,0.87,1.26,3,532,0,3403121,0.71,1.51,2,534,0
E01186,E02346,co-investor,0.96,33,6565740,0.74,1.99,3,535,0,1892832,0.24,0.76,1,681,0
E00033,E02346,co-investor,0.93,40,5433722,0.49,0.89,6,622,0,1892832,0.24,0.76,1,681,0
E00505,E02346,supplier,0.78,34,4732840,0.4,1.65,0,752,0,1892832,0.24,0.76,1,681,0
E00214,E02346,parent_company,0.36,31,5566064,0.81,1.18,1,824,0,1892832,0.24,0.76,1,681,0
E00841,E02346,shared_director,0.28,44,5420941,0.37,1.05,1,634,0,1892832,0.24,0.76,1,681,0
E00937,E02346,supplier,0.37,49,7397282,0.74,1.18,0,569,1,1892832,0.24,0.76,1,681,0
E00656,E02346,supplier,0.84,15,5217085,0.66,0.82,1,530,1,1892832,0.24,0.76,1,681,0
E01186,E02735,supplier,0.96,32,6565740,0.74,1.99,3,535,0,6532392,0.2,1.42,2,582,0
E00027,E02735,shared_director,0.64,25,5361061,0.12,1.41,0,505,1,6532392,0.2,1.42,2,582,0
E00216,E02735,co-investor,0.69,38,6171006,0.84,1.16,0,585,1,6532392,0.2,1.42,2,582,0
E02648,E02735,co-investor,0.28,4,5304869,0.95,1.97,1,841,0,6532392,0.2,1.42,2,582,0
E01505,E02735,co-investor,0.45,45,5384585,0.79,0.84,1,795,0,6532392,0.2,1.42,2,582,0
E01706,E02735,supplier,0.16,49,3087646,0.29,1.28,1,659,0,6532392,0.2,1.42,2,582,0
E01022,E02735,supplier,0.38,12,6204954,0.2,0.68,2,802,0,6532392,0.2,1.42,2,582,0
E00440,E01373,co-investor,0.51,42,4778533,0.97,0.79,2,836,0,8914127,0.5,1.21,1,594,0
E00040,E01373,supplier,0.78,25,5200190,0.32,1.75,3,681,0,8914127,0.5,1.21,1,594,0
E02645,E01373,shared_director,0.47,46,8803118,0.66,1.71,1,516,0,8914127,0.5,1.21,1,594,0
E00700,E01373,parent_company,0.25,10,4996898,0.79,0.69,2,569,0,8914127,0.5,1.21,1,594,0
E01117,E01373,co-investor,0.34,7,7751732,0.51,1.49,5,535,0,8914127,0.5,1.21,1,594,0
E00265,E01373,parent_company,0.66,4,6086998,0.8,1.82,1,695,1,8914127,0.5,1.21,1,594,0
E00142,E01373,co-investor,0.25,33,8140989,0.22,1.73,0,778,0,8914127,0.5,1.21,1,594,0
E00786,E01373,shared_director,0.35,39,4186553,0.95,0.52,2,629,1,8914127,0.5,1.21,1,594,0
E01127,E01373,co-investor,0.48,6,5545395,0.27,1.12,1,735,0,8914127,0.5,1.21,1,594,0
E02226,E02148,shared_director,0.9,9,6727583,0.31,0.87,1,508,1,4317784,0.78,1.07,0,631,0
E00556,E02148,supplier,0.26,13,3798052,0.4,1.53,0,705,0,4317784,0.78,1.07,0,631,0
E02702,E02148,supplier,0.51,24,7878891,0.83,1.4,2,842,0,4317784,0.78,1.07,0,631,0
E01275,E02148,supplier,0.79,39,1328684,0.16,1.74,2,785,0,4317784,0.78,1.07,0,631,0
E02226,E01851,parent_company,0.22,11,6727583,0.31,0.87,1,508,1,5308673,0.84,1.31,2,549,0
E02067,E01851,supplier,0.1,35,6341481,0.96,0.77,0,763,0,5308673,0.84,1.31,2,549,0
E00044,E01851,parent_company,0.22,21,6047905,0.48,1.73,1,802,0,5308673,0.84,1.31,2,549,0
E01421,E01851,shared_director,0.97,49,1918413,0.48,1.49,3,618,0,5308673,0.84,1.31,2,549,0
E02335,E01851,shared_director,0.32,24,9151275,0.29,0.72,0,834,0,5308673,0.84,1.31,2,549,0
E02066,E01918,co-investor,0.27,8,7329330,0.78,1.02,3,664,0,6487631,0.14,0.59,4,725,0
E01181,E01918,supplier,0.26,25,9210404,0.38,0.87,3,642,0,6487631,0.14,0.59,4,725,0
E02066,E00138,shared_director,0.58,31,7329330,0.78,1.02,3,664,0,6435183,0.21,1.25,3,521,0
E01106,E00138,co-investor,0.55,49,7450264,0.7,1.34,1,758,0,6435183,0.21,1.25,3,521,0
E00727,E00138,shared_director,0.87,47,1395182,0.15,1.91,1,567,0,6435183,0.21,1.25,3,521,0
E00577,E00138,co-investor,0.55,5,4622206,0.11,1.88,1,673,0,6435183,0.21,1.25,3,521,0
E02066,E00485,shared_director,0.86,41,7329330,0.78,1.02,3,664,0,6694158,0.29,1.12,0,773,0
E02736,E00485,shared_director,0.38,26,7020827,0.95,1.21,3,554,0,6694158,0.29,1.12,0,773,0
E02466,E00485,parent_company,0.47,22,3994760,0.73,1.72,0,664,0,6694158,0.29,1.12,0,773,0
E02184,E00485,parent_company,0.39,10,5564374,0.67,1.55,0,803,0,6694158,0.29,1.12,0,773,0
E02827,E00485,parent_company,0.62,24,7482294,0.95,1.1,0,610,0,6694158,0.29,1.12,0,773,0
E01367,E00485,co-investor,0.93,6,7331612,0.63,1.57,3,679,0,6694158,0.29,1.12,0,773,0
E00701,E00485,supplier,0.25,9,4230316,0.94,1.9,0,760,1,6694158,0.29,1.12,0,773,0
E01518,E00485,co-investor,0.31,32,5030038,0.82,0.96,0,833,1,6694158,0.29,1.12,0,773,0
E02335,E00485,co-investor,0.32,1,9151275,0.29,0.72,0,834,0,6694158,0.29,1.12,0,773,0
E02066,E01027,shared_director,0.51,32,7329330,0.78,1.02,3,664,0,2107743,0.68,1.16,3,702,0
E01993,E01027,shared_director,0.83,16,4626456,0.54,1.28,0,634,0,2107743,0.68,1.16,3,702,0
E00597,E01027,shared_director,0.39,22,5320952,0.21,1.12,1,528,0,2107743,0.68,1.16,3,702,0
E02905,E01027,shared_director,0.66,45,5319435,0.91,1.37,1,819,0,2107743,0.68,1.16,3,702,0
E01355,E00110,shared_director,0.29,17,2103887,0.76,1.79,2,814,1,2985821,0.92,1.68,3,835,0
E00721,E00110,parent_company,0.62,41,100000,0.78,1.88,3,566,1,2985821,0.92,1.68,3,835,0
E00920,E00110,supplier,0.24,20,6364068,0.76,1.72,1,585,0,2985821,0.92,1.68,3,835,0
E01355,E00861,shared_director,0.22,6,2103887,0.76,1.79,2,814,1,5060957,0.58,0.53,0,722,0
E02321,E00861,parent_company,0.57,33,2823361,0.82,0.96,2,524,0,5060957,0.58,0.53,0,722,0
E00763,E00058,co-investor,0.81,37,4216870,0.53,1.05,0,831,0,4701926,0.94,1.11,2,822,1
E01042,E00058,shared_director,0.17,5,3863715,0.25,0.94,2,605,0,4701926,0.94,1.11,2,822,1
E02619,E00058,co-investor,0.61,24,4581957,0.93,1.43,0,696,0,4701926,0.94,1.11,2,822,1
E00763,E01647,co-investor,0.11,28,4216870,0.53,1.05,0,831,0,3389781,0.82,1.28,4,789,1
E01000,E01647,parent_company,0.84,41,4100847,0.61,0.68,2,568,1,3389781,0.82,1.28,4,789,1
E02350,E01647,parent_company,0.66,6,6847940,0.21,1.31,1,661,0,3389781,0.82,1.28,4,789,1
E02718,E01647,parent_company,0.43,50,4961062,0.51,1.44,0,817,0,3389781,0.82,1.28,4,789,1
E01706,E01647,supplier,0.52,48,3087646,0.29,1.28,1,659,0,3389781,0.82,1.28,4,789,1
E00763,E00360,parent_company,0.63,38,4216870,0.53,1.05,0,831,0,4539887,0.8,1.01,2,749,0
E00289,E00360,co-investor,0.65,14,5811235,0.27,1.93,0,503,1,4539887,0.8,1.01,2,749,0
E00563,E00360,shared_director,0.57,44,5118284,0.69,1.76,3,695,0,4539887,0.8,1.01,2,749,0
E00763,E00665,supplier,0.45,3,4216870,0.53,1.05,0,831,0,5192867,0.78,1.16,1,703,0
E01347,E00665,supplier,0.51,3,3669029,0.67,1.12,2,777,0,5192867,0.78,1.16,1,703,0
E01007,E00665,supplier,0.33,4,4834704,0.67,1.79,0,599,0,5192867,0.78,1.16,1,703,0
E00763,E02297,parent_company,0.39,49,4216870,0.53,1.05,0,831,0,5650028,0.6,1.6,1,693,0
E01999,E02297,shared_director,0.65,43,4582091,0.37,1.67,3,575,1,5650028,0.6,1.6,1,693,0
E01594,E02297,co-investor,0.26,42,5082758,0.78,0.91,2,791,1,5650028,0.6,1.6,1,693,0
E02904,E02297,shared_director,0.53,13,5564005,0.25,1.57,0,550,0,5650028,0.6,1.6,1,693,0
E00763,E00939,co-investor,0.34,3,4216870,0.53,1.05,0,831,0,2493303,0.18,1.65,2,632,0
E00098,E00939,co-investor,0.41,14,3543369,0.62,1.03,5,806,0,2493303,0.18,1.65,2,632,0
E02174,E00939,supplier,0.3,29,3839712,0.4,0.53,1,577,0,2493303,0.18,1.65,2,632,0
E02763,E00792,parent_company,0.65,41,9889165,0.6,0.7,1,722,0,6598998,0.51,0.94,0,676,0
E02763,E01915,supplier,0.24,38,9889165,0.6,0.7,1,722,0,3024382,0.38,1.31,1,699,0
E01841,E01915,shared_director,0.3,5,8410028,0.56,0.92,0,741,1,3024382,0.38,1.31,1,699,0
E02707,E01915,co-investor,0.94,35,4407907,0.95,1.19,2,693,1,3024382,0.38,1.31,1,699,0
E01697,E01915,parent_company,0.71,25,5960609,0.23,1.84,2,645,0,3024382,0.38,1.31,1,699,0
E00285,E01915,supplier,0.91,16,5480045,0.38,1.05,1,762,0,3024382,0.38,1.31,1,699,0
E02678,E01915,supplier,0.14,13,3809793,0.53,1.55,1,620,0,3024382,0.38,1.31,1,699,0
E02521,E01915,supplier,0.18,49,5688768,0.27,0.9,0,722,0,3024382,0.38,1.31,1,699,0
E02763,E01338,shared_director,0.69,13,9889165,0.6,0.7,1,722,0,2448335,1.0,0.75,2,528,0
E02766,E01338,parent_company,0.25,48,7980758,0.75,0.53,2,778,0,2448335,1.0,0.75,2,528,0
E02763,E00749,shared_director,0.68,23,9889165,0.6,0.7,1,722,0,5999053,0.48,0.93,4,781,0
E01103,E00749,parent_company,0.55,13,1963102,0.53,1.45,1,591,0,5999053,0.48,0.93,4,781,0
E02763,E01726,parent_company,0.29,25,9889165,0.6,0.7,1,722,0,4850248,0.44,0.7,1,742,1
E00718,E01726,parent_company,0.71,17,4399719,0.95,1.93,2,565,1,4850248,0.44,0.7,1,742,1
E01116,E01726,shared_director,0.82,27,6555062,0.5,1.71,0,551,0,4850248,0.44,0.7,1,742,1
E02763,E02569,co-investor,0.51,49,9889165,0.6,0.7,1,722,0,6033034,0.57,1.79,1,727,0
E00338,E02569,shared_director,0.34,40,4644519,0.82,1.49,3,520,1,6033034,0.57,1.79,1,727,0
E01064,E02569,co-investor,0.21,49,2673621,0.2,1.72,0,569,0,6033034,0.57,1.79,1,727,0
E01349,E02569,co-investor,0.49,9,4750764,0.23,0.69,2,585,0,6033034,0.57,1.79,1,727,0
E02027,E02569,supplier,0.33,14,3739375,0.24,0.78,4,713,0,6033034,0.57,1.79,1,727,0
E02414,E02569,supplier,0.53,27,527341,0.31,1.79,2,514,0,6033034,0.57,1.79,1,727,0
E02763,E00992,shared_director,0.67,31,9889165,0.6,0.7,1,722,0,9829581,0.72,1.64,1,552,0
E00962,E00992,co-investor,0.29,13,2804275,0.73,1.39,2,789,0,9829581,0.72,1.64,1,552,0
E00906,E00992,shared_director,0.65,12,4407965,0.46,1.7,0,776,0,9829581,0.72,1.64,1,552,0
E01447,E00992,supplier,0.73,41,5670477,0.35,0.51,0,526,0,9829581,0.72,1.64,1,552,0
E01661,E01752,co-investor,0.18,43,5022283,0.16,1.97,1,664,0,8869411,0.78,1.34,1,719,0
E02592,E01752,parent_company,0.4,9,6085656,0.68,0.65,6,654,0,8869411,0.78,1.34,1,719,0
E00016,E01752,supplier,0.37,43,6947114,0.63,0.7,1,602,0,8869411,0.78,1.34,1,719,0
E02261,E01752,shared_director,0.54,34,6658259,0.18,0.95,3,811,0,8869411,0.78,1.34,1,719,0
E00836,E01752,co-investor,0.9,8,1104232,0.5,1.64,1,738,0,8869411,0.78,1.34,1,719,0
E01661,E02401,parent_company,0.57,48,5022283,0.16,1.97,1,664,0,7307126,0.45,1.3,1,561,0
E02446,E02401,parent_company,0.54,49,7573194,0.55,0.9,1,716,0,7307126,0.45,1.3,1,561,0
E01863,E02401,parent_company,0.3,50,9282766,0.97,0.83,1,642,0,7307126,0.45,1.3,1,561,0
E01661,E00437,supplier,0.99,30,5022283,0.16,1.97,1,664,0,3995488,0.93,1.44,3,664,0
E01478,E00437,supplier,0.1,20,5279553,0.81,1.41,1,803,1,3995488,0.93,1.44,3,664,0
E01812,E00437,shared_director,0.85,3,6449447,0.44,1.24,4,794,0,3995488,0.93,1.44,3,664,0
E00391,E00757,parent_company,0.53,16,4951646,0.26,1.91,0,575,0,7415618,0.53,1.99,2,808,0
E01982,E00757,supplier,0.24,16,5088535,0.74,0.8,0,650,1,7415618,0.53,1.99,2,808,0
E00028,E01930,supplier,0.12,6,10287143,0.88,1.81,3,805,0,3814146,0.15,1.75,2,792,0
E02014,E01930,shared_director,0.93,22,4764251,0.79,0.76,2,721,0,3814146,0.15,1.75,2,792,0
E01138,E01930,co-investor,0.88,34,3114869,0.78,1.23,5,543,1,3814146,0.15,1.75,2,792,0
E01658,E01930,supplier,0.59,9,2947560,0.62,0.99,3,725,0,3814146,0.15,1.75,2,792,0
E00028,E02287,supplier,0.59,13,10287143,0.88,1.81,3,805,0,1893735,0.15,0.84,0,723,0
E02288,E02287,shared_director,0.77,50,4397005,0.42,1.22,1,663,0,1893735,0.15,0.84,0,723,0
E01904,E02287,supplier,0.7,7,719468,0.55,1.54,0,559,0,1893735,0.15,0.84,0,723,0
E01094,E01351,co-investor,0.62,37,6985377,0.48,1.18,1,542,0,4973056,0.12,0.85,4,844,0
E01518,E01351,shared_director,0.6,50,5030038,0.82,0.96,0,833,1,4973056,0.12,0.85,4,844,0
E01588,E01351,shared_director,0.6,13,5663687,0.5,0.88,0,783,0,4973056,0.12,0.85,4,844,0
E01094,E00660,co-investor,0.72,10,6985377,0.48,1.18,1,542,0,2533063,0.92,1.93,2,634,0
E00584,E00660,parent_company,0.3,17,3765106,0.65,1.76,0,718,0,2533063,0.92,1.93,2,634,0
E01367,E00660,co-investor,0.48,20,7331612,0.63,1.57,3,679,0,2533063,0.92,1.93,2,634,0
E01094,E01515,shared_director,0.8,25,6985377,0.48,1.18,1,542,0,6557959,0.17,1.09,2,665,0
E01752,E01515,shared_director,0.44,19,8869411,0.78,1.34,1,719,0,6557959,0.17,1.09,2,665,0
E02196,E01515,parent_company,0.44,49,356087,0.59,1.08,1,812,0,6557959,0.17,1.09,2,665,0
E01094,E00245,supplier,0.2,29,6985377,0.48,1.18,1,542,0,3964932,0.41,1.34,0,802,0
E00452,E00245,co-investor,0.42,50,5358549,0.81,1.47,2,707,0,3964932,0.41,1.34,0,802,0
E01094,E02814,parent_company,0.72,42,6985377,0.48,1.18,1,542,0,8058593,0.85,1.32,3,677,0
E00862,E02814,shared_director,0.18,8,2016127,0.58,0.61,1,743,0,8058593,0.85,1.32,3,677,0
E00450,E02814,parent_company,0.97,5,3854463,0.86,1.48,0,819,0,8058593,0.85,1.32,3,677,0
E02013,E02814,shared_director,0.31,28,5301740,0.83,1.57,1,630,0,8058593,0.85,1.32,3,677,0
E02194,E02814,parent_company,0.98,6,4212396,0.44,1.16,1,511,0,8058593,0.85,1.32,3,677,0
E01094,E02526,shared_director,0.88,29,6985377,0.48,1.18,1,542,0,6868855,0.42,1.08,1,757,0
E02310,E02526,supplier,0.23,15,5391690,0.3,1.53,2,723,0,6868855,0.42,1.08,1,757,0
E01730,E02526,parent_company,0.73,38,7888840,0.27,1.9,1,835,0,6868855,0.42,1.08,1,757,0
E00047,E01072,co-investor,0.72,4,7141992,0.18,1.27,1,643,0,4909946,0.94,0.76,3,566,0
E01264,E01072,co-investor,0.56,32,6691203,0.67,1.14,3,532,0,4909946,0.94,0.76,3,566,0
E00597,E01072,co-investor,0.79,6,5320952,0.21,1.12,1,528,0,4909946,0.94,0.76,3,566,0
E02766,E01072,shared_director,0.14,44,7980758,0.75,0.53,2,778,0,4909946,0.94,0.76,3,566,0
E02790,E01072,supplier,0.57,1,5345100,0.23,1.43,2,536,0,4909946,0.94,0.76,3,566,0
E00047,E02684,parent_company,0.72,37,7141992,0.18,1.27,1,643,0,5182376,0.99,0.89,2,689,1
E02877,E02684,shared_director,0.45,45,100000,0.91,2.0,1,513,0,5182376,0.99,0.89,2,689,1
E02736,E01212,co-investor,0.96,22,7020827,0.95,1.21,3,554,0,10461734,0.92,1.41,1,838,0
E01469,E01212,parent_company,0.68,6,6044487,0.95,0.71,1,727,0,10461734,0.92,1.41,1,838,0
E01841,E01212,co-investor,0.59,30,8410028,0.56,0.92,0,741,1,10461734,0.92,1.41,1,838,0
E02597,E01212,shared_director,0.79,16,6172665,0.18,0.51,1,833,0,10461734,0.92,1.41,1,838,0
E00531,E01212,supplier,0.21,1,3456743,0.75,1.75,2,528,1,10461734,0.92,1.41,1,838,0
E02224,E01212,co-investor,0.61,3,6321446,0.18,0.93,0,606,0,10461734,0.92,1.41,1,838,0
E01402,E01212,supplier,0.56,48,4730462,0.52,1.09,2,802,0,10461734,0.92,1.41,1,838,0
E02811,E02059,co-investor,0.72,41,4650110,0.9,1.0,0,582,1,4079847,0.57,1.44,2,526,0
E00134,E02059,co-investor,0.45,44,5201634,0.4,1.6,1,811,0,4079847,0.57,1.44,2,526,0
E02211,E02059,parent_company,0.98,18,4151102,0.37,0.53,1,571,0,4079847,0.57,1.44,2,526,0
E02811,E00630,supplier,0.51,22,4650110,0.9,1.0,0,582,1,8246793,0.15,1.0,0,527,0
E00164,E00630,co-investor,0.64,50,1961640,0.85,0.79,0,590,1,8246793,0.15,1.0,0,527,0
E02433,E00630,supplier,0.3,39,4567095,0.14,0.73,1,673,0,8246793,0.15,1.0,0,527,0
E02758,E00630,supplier,0.87,10,2764442,0.87,1.46,2,618,1,8246793,0.15,1.0,0,527,0
E01326,E00630,supplier,0.17,46,5987903,0.94,0.88,2,758,0,8246793,0.15,1.0,0,527,0
E02811,E00948,supplier,0.77,11,4650110,0.9,1.0,0,582,1,4610109,0.51,1.37,1,685,0
E00926,E00948,shared_director,0.58,22,4729514,0.54,1.78,2,675,0,4610109,0.51,1.37,1,685,0
E02508,E00948,parent_company,0.72,10,3985457,0.13,0.96,1,515,1,4610109,0.51,1.37,1,685,0
E01982,E00948,supplier,0.82,50,5088535,0.74,0.8,0,650,1,4610109,0.51,1.37,1,685,0
E02775,E00948,supplier,0.55,24,6991743,0.45,0.76,1,527,0,4610109,0.51,1.37,1,685,0
E01209,E01506,parent_company,0.3,9,7168959,0.42,1.71,4,770,0,4703554,0.54,0.76,2,587,0
E02192,E01506,supplier,0.95,21,4950685,0.72,1.58,3,609,0,4703554,0.54,0.76,2,587,0
E01354,E01506,shared_director,0.61,1,7091793,0.29,0.71,3,644,0,4703554,0.54,0.76,2,587,0
E01209,E02598,parent_company,0.37,47,7168959,0.42,1.71,4,770,0,4207747,0.18,1.6,1,748,0
E00122,E02598,co-investor,0.81,29,660244,0.32,1.74,1,659,0,4207747,0.18,1.6,1,748,0
E02544,E02598,shared_director,0.11,24,3649037,0.34,0.6,4,778,0,4207747,0.18,1.6,1,748,0
E02019,E02598,shared_director,0.85,13,6568255,0.8,0.57,2,519,0,4207747,0.18,1.6,1,748,0
E00808,E02598,co-investor,0.36,6,7315629,0.81,0.65,1,822,0,4207747,0.18,1.6,1,748,0
E00048,E02598,supplier,0.57,9,3834398,0.25,1.1,2,753,0,4207747,0.18,1.6,1,748,0
E01959,E00628,shared_director,0.77,39,4908599,1.0,1.81,1,604,1,5907075,0.39,1.7,3,606,0
E00905,E00628,supplier,0.71,26,9428503,0.51,1.43,2,828,0,5907075,0.39,1.7,3,606,0
E02569,E00628,parent_company,0.62,24,6033034,0.57,1.79,1,727,0,5907075,0.39,1.7,3,606,0
E01959,E01728,parent_company,0.2,45,4908599,1.0,1.81,1,604,1,3930533,0.82,0.75,2,799,0
E00260,E01728,parent_company,0.4,23,6875676,0.71,1.62,1,644,0,3930533,0.82,0.75,2,799,0
E02170,E01728,parent_company,0.22,28,7103790,0.41,1.25,4,612,0,3930533,0.82,0.75,2,799,0
E00044,E01728,shared_director,0.49,35,6047905,0.48,1.73,1,802,0,3930533,0.82,0.75,2,799,0
E01959,E00282,shared_director,0.96,14,4908599,1.0,1.81,1,604,1,2736367,0.4,1.31,2,743,0
E02883,E00282,supplier,0.59,47,2212337,0.17,0.96,4,552,0,2736367,0.4,1.31,2,743,0
E00314,E00282,co-investor,0.55,3,4197240,0.17,1.41,5,538,0,2736367,0.4,1.31,2,743,0
E01750,E00282,co-investor,0.18,2,6544189,0.59,0.85,1,571,0,2736367,0.4,1.31,2,743,0
E01066,E00282,shared_director,0.94,1,5407344,0.35,1.2,1,538,0,2736367,0.4,1.31,2,743,0
E01051,E00282,shared_director,0.17,7,2561770,0.85,1.48,2,831,0,2736367,0.4,1.31,2,743,0
E01959,E02628,co-investor,0.25,6,4908599,1.0,1.81,1,604,1,587162,0.92,1.29,2,624,1
E00555,E02628,shared_director,0.44,25,2413709,0.58,0.82,0,696,0,587162,0.92,1.29,2,624,1
E02327,E02628,supplier,0.26,14,4063132,0.74,1.65,1,715,0,587162,0.92,1.29,2,624,1
E00597,E02628,supplier,0.43,26,5320952,0.21,1.12,1,528,0,587162,0.92,1.29,2,624,1
E02217,E02628,parent_company,0.17,10,4016877,0.91,0.7,1,528,1,587162,0.92,1.29,2,624,1
E02255,E02628,parent_company,0.28,20,7708038,0.17,0.54,2,623,0,587162,0.92,1.29,2,624,1
E01959,E00039,supplier,0.69,37,4908599,1.0,1.81,1,604,1,5367766,0.28,1.08,2,808,0
E02582,E00039,co-investor,0.48,7,5447496,0.55,1.64,1,500,0,5367766,0.28,1.08,2,808,0
E01821,E00039,parent_company,0.77,49,4229233,0.34,1.18,3,797,0,5367766,0.28,1.08,2,808,0
E01062,E00039,parent_company,0.69,10,6521809,0.85,0.85,0,680,0,5367766,0.28,1.08,2,808,0
E00056,E00039,supplier,0.59,22,4478529,0.7,1.16,2,646,0,5367766,0.28,1.08,2,808,0
E01494,E00039,supplier,0.17,29,5730250,0.61,1.29,2,534,0,5367766,0.28,1.08,2,808,0
E01531,E01704,shared_director,0.78,43,676879,0.19,1.78,1,662,0,6606730,0.32,0.87,4,735,0
E00653,E01704,shared_director,0.18,15,3756363,0.89,1.23,4,820,0,6606730,0.32,0.87,4,735,0
E01027,E01704,supplier,0.54,22,2107743,0.68,1.16,3,702,0,6606730,0.32,0.87,4,735,0
E02228,E01704,shared_director,0.1,15,5804176,0.8,1.28,0,648,0,6606730,0.32,0.87,4,735,0
E02190,E01704,parent_company,0.8,21,6562724,0.88,1.53,0,708,0,6606730,0.32,0.87,4,735,0
E01531,E00773,shared_director,0.89,28,676879,0.19,1.78,1,662,0,2613880,0.56,0.6,1,583,0
E02088,E00773,shared_director,0.37,4,9040098,0.89,1.44,4,601,0,2613880,0.56,0.6,1,583,0
E00154,E00773,co-investor,0.51,26,3403121,0.71,1.51,2,534,0,2613880,0.56,0.6,1,583,0
E00875,E00773,shared_director,0.53,14,4499063,0.43,0.89,1,622,0,2613880,0.56,0.6,1,583,0
E01426,E00773,parent_company,0.2,15,7406225,0.36,0.54,4,738,0,2613880,0.56,0.6,1,583,0
E01531,E00098,co-investor,0.54,49,676879,0.19,1.78,1,662,0,3543369,0.62,1.03,5,806,0
E01459,E00098,co-investor,0.39,4,7054843,0.24,1.53,1,530,1,3543369,0.62,1.03,5,806,0
E01036,E00098,supplier,0.5,9,6762569,0.49,0.91,4,590,0,3543369,0.62,1.03,5,806,0
E01531,E01191,supplier,0.27,15,676879,0.19,1.78,1,662,0,5848468,0.29,0.65,1,545,0
E02927,E01191,co-investor,0.93,9,2206131,0.74,1.73,2,694,0,5848468,0.29,0.65,1,545,0
E02548,E01191,shared_director,0.48,20,2627861,0.81,1.16,1,509,0,5848468,0.29,0.65,1,545,0
E01340,E01191,supplier,0.83,21,3864588,0.83,1.69,4,540,1,5848468,0.29,0.65,1,545,0
E01963,E01191,supplier,0.39,2,2807195,0.27,1.32,4,588,0,5848468,0.29,0.65,1,545,0
E01531,E00367,co-investor,0.77,35,676879,0.19,1.78,1,662,0,7498403,0.9,1.48,0,685,0
E02693,E00367,parent_company,0.9,17,3166144,0.93,1.63,1,658,0,7498403,0.9,1.48,0,685,0
E00150,E00367,shared_director,0.74,12,5397116,0.87,1.37,1,661,0,7498403,0.9,1.48,0,685,0
E00346,E00367,shared_director,0.95,12,6266535,0.14,0.87,2,796,0,7498403,0.9,1.48,0,685,0
E00895,E01014,supplier,0.57,34,6178113,0.97,1.54,3,539,0,2931254,0.55,0.91,4,711,0
E00982,E01014,shared_director,0.13,4,5174662,0.11,1.26,0,776,0,2931254,0.55,0.91,4,711,0
E01042,E01014,parent_company,0.11,50,3863715,0.25,0.94,2,605,0,2931254,0.55,0.91,4,711,0
E02202,E01014,shared_director,0.82,2,6611780,0.61,0.57,1,816,0,2931254,0.55,0.91,4,711,0
E00604,E01014,shared_director,0.32,13,5278430,0.86,1.03,1,600,0,2931254,0.55,0.91,4,711,0
E00895,E00250,parent_company,0.8,15,6178113,0.97,1.54,3,539,0,4663770,0.13,1.62,2,661,0
E00611,E00250,parent_company,0.49,12,7298839,0.4,1.78,3,575,0,4663770,0.13,1.62,2,661,0
E01676,E00250,co-investor,0.34,21,100000,0.15,0.99,4,534,0,4663770,0.13,1.62,2,661,0
E00895,E00847,shared_director,0.35,13,6178113,0.97,1.54,3,539,0,6675125,0.11,1.38,1,552,1
E02029,E00847,supplier,0.14,25,3483829,0.29,0.88,3,646,0,6675125,0.11,1.38,1,552,1
E00895,E00724,co-investor,0.85,21,6178113,0.97,1.54,3,539,0,3015373,0.5,1.3,2,534,0
E00527,E00724,supplier,0.98,20,2846678,0.87,0.59,1,792,1,3015373,0.5,1.3,2,534,0
E02679,E00724,shared_director,0.14,12,4434226,0.9,0.83,0,772,1,3015373,0.5,1.3,2,534,0
E02883,E01482,supplier,0.93,8,2212337,0.17,0.96,4,552,0,5033781,0.36,1.33,1,695,0
E01563,E01482,co-investor,0.61,27,6277035,0.54,1.38,4,677,0,5033781,0.36,1.33,1,695,0
E02795,E01482,supplier,0.5,50,7190320,0.36,1.59,1,634,0,5033781,0.36,1.33,1,695,0
E00821,E01482,parent_company,0.38,43,6283374,0.97,1.39,2,516,0,5033781,0.36,1.33,1,695,0
E01483,E01482,supplier,0.37,19,2117035,0.96,1.98,0,587,1,5033781,0.36,1.33,1,695,0
E00725,E01482,shared_director,0.3,36,6015515,0.77,1.74,1,544,1,5033781,0.36,1.33,1,695,0
E02563,E01482,parent_company,0.85,27,4374967,0.21,1.72,1,753,0,5033781,0.36,1.33,1,695,0
E02468,E01482,parent_company,0.91,34,5548054,0.58,1.59,3,506,0,5033781,0.36,1.33,1,695,0
E00196,E01482,parent_company,0.38,9,5267695,0.59,0.74,2,656,1,5033781,0.36,1.33,1,695,0
E02883,E00257,supplier,0.82,35,2212337,0.17,0.96,4,552,0,3589578,0.82,1.22,2,583,0
E02883,E00390,supplier,0.29,5,2212337,0.17,0.96,4,552,0,5957744,0.82,0.88,1,657,0
E02687,E00390,shared_director,0.47,10,3364569,0.55,1.24,3,693,0,5957744,0.82,0.88,1,657,0
E02883,E01622,supplier,0.95,15,2212337,0.17,0.96,4,552,0,5677987,0.34,1.93,0,536,0
E00090,E01622,co-investor,0.83,48,2346921,0.8,0.93,0,748,1,5677987,0.34,1.93,0,536,0
E00561,E01622,co-investor,0.53,29,501808,0.18,1.18,3,576,0,5677987,0.34,1.93,0,536,0
E00512,E01622,co-investor,0.44,32,6288536,0.88,1.04,1,534,0,5677987,0.34,1.93,0,536,0
E02883,E02873,shared_director,0.54,31,2212337,0.17,0.96,4,552,0,3421305,0.44,1.77,2,769,0
E00631,E02873,supplier,0.21,15,1926104,0.54,0.85,5,691,0,3421305,0.44,1.77,2,769,0
E02556,E02873,co-investor,0.14,15,3269857,0.28,0.97,2,807,0,3421305,0.44,1.77,2,769,0
E00582,E02873,supplier,0.9,28,3031455,0.98,1.54,0,511,1,3421305,0.44,1.77,2,769,0
E01668,E02873,co-investor,0.44,11,6481181,0.24,1.27,1,638,0,3421305,0.44,1.77,2,769,0
E02883,E01411,co-investor,0.67,31,2212337,0.17,0.96,4,552,0,4677271,0.44,1.38,3,625,0
E00911,E01411,shared_director,0.12,19,8261858,0.32,1.23,0,680,0,4677271,0.44,1.38,3,625,0
E00236,E01411,parent_company,0.94,29,6365246,0.77,1.67,2,534,0,4677271,0.44,1.38,3,625,0
E01215,E01411,shared_director,0.28,13,3441696,0.19,1.14,0,640,0,4677271,0.44,1.38,3,625,0
E00253,E02244,parent_company,0.62,10,6591813,0.15,0.58,4,742,0,3310203,0.95,1.18,1,690,0
E01196,E02244,co-investor,0.73,3,5214084,0.23,1.25,2,560,0,3310203,0.95,1.18,1,690,0
E00356,E02244,supplier,0.71,21,4314048,0.79,1.82,2,552,1,3310203,0.95,1.18,1,690,0
E00046,E02244,supplier,0.84,13,4733198,0.17,1.81,0,592,0,3310203,0.95,1.18,1,690,0
E00097,E02244,co-investor,0.26,32,3591059,0.76,1.59,1,596,0,3310203,0.95,1.18,1,690,0
E00376,E02244,supplier,0.76,13,4971421,0.64,1.98,2,815,0,3310203,0.95,1.18,1,690,0
E01550,E02244,parent_company,0.95,10,3699966,0.48,0.99,0,737,0,3310203,0.95,1.18,1,690,0
E00253,E00620,supplier,0.18,23,6591813,0.15,0.58,4,742,0,3343612,0.64,1.56,1,827,0
E00674,E01344,shared_director,0.2,14,2570913,0.29,1.72,1,778,0,8538233,0.9,0.88,1,803,0
E02611,E01344,parent_company,0.73,5,6237260,0.65,0.94,0,665,0,8538233,0.9,0.88,1,803,0
E00674,E01349,co-investor,0.16,41,2570913,0.29,1.72,1,778,0,4750764,0.23,0.69,2,585,0
E00850,E01349,supplier,0.78,47,4719914,0.18,1.26,0,792,0,4750764,0.23,0.69,2,585,0
E00674,E00814,co-investor,0.95,31,2570913,0.29,1.72,1,778,0,6759185,0.53,1.57,1,512,0
E01224,E00814,co-investor,0.9,43,3694206,0.27,0.8,1,756,0,6759185,0.53,1.57,1,512,0
E01155,E00814,supplier,0.47,12,1787245,0.76,1.65,3,610,0,6759185,0.53,1.57,1,512,0
E02446,E00814,supplier,0.75,38,7573194,0.55,0.9,1,716,0,6759185,0.53,1.57,1,512,0
E00267,E00814,shared_director,0.63,44,3298887,0.99,1.39,0,646,0,6759185,0.53,1.57,1,512,0
E02906,E00814,parent_company,0.29,35,4267516,0.72,0.63,3,755,0,6759185,0.53,1.57,1,512,0
E00885,E00814,co-investor,0.93,38,3970716,0.41,0.91,1,785,0,6759185,0.53,1.57,1,512,0
E02389,E02003,supplier,0.91,29,5259000,0.29,1.55,0,571,0,7793193,0.22,1.74,0,572,0
E02393,E02003,parent_company,0.75,31,2167132,0.94,1.03,1,717,1,7793193,0.22,1.74,0,572,0
E01526,E02003,shared_director,0.26,31,8095140,0.59,0.51,0,624,0,7793193,0.22,1.74,0,572,0
E00580,E02003,supplier,0.52,40,3099303,0.54,1.63,1,724,0,7793193,0.22,1.74,0,572,0
E02062,E02003,parent_company,0.86,46,5983084,0.78,0.65,1,686,0,7793193,0.22,1.74,0,572,0
E01709,E02003,co-investor,0.67,32,7163884,0.46,1.33,3,624,0,7793193,0.22,1.74,0,572,0
E00727,E02003,shared_director,0.52,34,1395182,0.15,1.91,1,567,0,7793193,0.22,1.74,0,572,0
E00488,E02003,co-investor,0.41,40,4820954,0.98,0.5,1,782,0,7793193,0.22,1.74,0,572,0
E02389,E00455,shared_director,0.22,28,5259000,0.29,1.55,0,571,0,7753606,0.77,1.19,0,555,0
E02858,E00455,shared_director,0.94,17,3530883,0.4,0.66,0,830,0,7753606,0.77,1.19,0,555,0
E01873,E00455,supplier,0.8,40,3619226,0.62,0.65,1,514,1,7753606,0.77,1.19,0,555,0
E01623,E00455,co-investor,0.61,32,3484015,0.73,1.28,4,800,1,7753606,0.77,1.19,0,555,0
E02032,E00455,parent_company,0.59,5,4686515,0.16,1.49,1,697,0,7753606,0.77,1.19,0,555,0
E00228,E01858,parent_company,0.56,30,6587315,0.41,1.63,1,783,0,5569737,0.11,1.77,1,773,0
E00476,E01858,supplier,0.38,48,4455208,0.96,0.9,2,586,0,5569737,0.11,1.77,1,773,0
E01404,E01858,supplier,0.31,25,6217214,0.92,1.01,1,555,0,5569737,0.11,1.77,1,773,0
E02056,E01858,shared_director,0.19,22,6519092,0.23,1.42,3,642,0,5569737,0.11,1.77,1,773,0
E02617,E01858,co-investor,0.79,45,4427662,0.47,1.34,1,615,0,5569737,0.11,1.77,1,773,0
E00505,E01858,co-investor,0.9,2,4732840,0.4,1.65,0,752,0,5569737,0.11,1.77,1,773,0
E01131,E01858,supplier,0.74,21,1590242,0.78,1.39,1,802,0,5569737,0.11,1.77,1,773,0
E00228,E02047,parent_company,0.43,17,6587315,0.41,1.63,1,783,0,3365198,0.65,0.81,3,743,0
E00054,E02047,supplier,0.48,32,3363051,0.11,1.01,0,713,0,3365198,0.65,0.81,3,743,0
E00557,E02047,shared_director,0.7,34,5339387,0.57,0.83,0,581,0,3365198,0.65,0.81,3,743,0
E02735,E02047,co-investor,0.61,41,6532392,0.2,1.42,2,582,0,3365198,0.65,0.81,3,743,0
E01033,E02047,supplier,0.27,26,4877913,0.13,0.99,0,724,0,3365198,0.65,0.81,3,743,0
E01518,E02047,co-investor,0.79,21,5030038,0.82,0.96,0,833,1,3365198,0.65,0.81,3,743,0
E01856,E02047,supplier,0.15,22,6532934,0.64,1.58,0,602,0,3365198,0.65,0.81,3,743,0
E02310,E00237,shared_director,0.71,20,5391690,0.3,1.53,2,723,0,4668553,0.25,1.25,1,708,0
E01977,E00237,shared_director,0.4,15,4630830,0.79,0.95,3,835,0,4668553,0.25,1.25,1,708,0
E02853,E00237,shared_director,0.93,48,4604461,0.34,1.15,4,642,0,4668553,0.25,1.25,1,708,0
E02310,E02499,supplier,0.41,5,5391690,0.3,1.53,2,723,0,4344352,0.32,0.64,0,811,0
E01908,E02499,supplier,0.71,22,6693994,0.72,1.08,0,670,0,4344352,0.32,0.64,0,811,0
E02217,E02499,shared_director,0.24,49,4016877,0.91,0.7,1,528,1,4344352,0.32,0.64,0,811,0
E02908,E02499,shared_director,0.41,26,2860079,0.16,0.75,3,704,0,4344352,0.32,0.64,0,811,0
E02310,E00882,co-investor,0.14,42,5391690,0.3,1.53,2,723,0,2198984,0.54,1.13,0,595,0
E00729,E00882,parent_company,0.95,7,100000,0.53,0.77,2,516,0,2198984,0.54,1.13,0,595,0
E02802,E00882,shared_director,0.6,39,4014454,0.24,0.79,1,517,0,2198984,0.54,1.13,0,595,0
E00090,E00265,parent_company,0.91,29,2346921,0.8,0.93,0,748,1,6086998,0.8,1.82,1,695,1
E01610,E00265,parent_company,0.33,45,4585044,0.39,0.66,2,509,0,6086998,0.8,1.82,1,695,1
E02461,E00265,co-investor,0.44,46,7928908,0.11,1.71,0,718,0,6086998,0.8,1.82,1,695,1
E00090,E01799,shared_director,0.63,45,2346921,0.8,0.93,0,748,1,5394654,0.45,1.89,2,575,0
E00357,E01799,supplier,0.8,16,6011003,0.2,0.52,1,593,1,5394654,0.45,1.89,2,575,0
E01046,E01799,co-investor,0.57,27,7736843,0.58,1.17,0,641,0,5394654,0.45,1.89,2,575,0
E01732,E01799,parent_company,0.79,3,5909590,0.2,1.49,0,776,0,5394654,0.45,1.89,2,575,0
E00090,E00887,shared_director,0.6,50,2346921,0.8,0.93,0,748,1,5555966,0.31,1.41,4,617,0
E00422,E00887,co-investor,0.26,37,7634556,0.25,0.68,1,692,0,5555966,0.31,1.41,4,617,0
E00950,E00887,supplier,0.94,40,5803542,0.22,0.76,4,615,0,5555966,0.31,1.41,4,617,0
E00251,E00887,supplier,0.54,20,4253201,0.99,1.95,1,518,1,5555966,0.31,1.41,4,617,0
E00090,E00811,supplier,0.34,23,2346921,0.8,0.93,0,748,1,5565087,0.9,1.69,0,694,0
E02821,E00811,supplier,0.69,10,5651681,0.43,1.68,1,625,0,5565087,0.9,1.69,0,694,0
E01131,E00811,shared_director,0.36,38,1590242,0.78,1.39,1,802,0,5565087,0.9,1.69,0,694,0
E00709,E00811,shared_director,0.76,18,2624174,0.98,0.6,0,838,1,5565087,0.9,1.69,0,694,0
E01861,E00811,co-investor,0.79,17,7213929,0.61,1.73,0,766,0,5565087,0.9,1.69,0,694,0
E00893,E00463,parent_company,0.67,21,3365629,0.56,1.24,1,772,0,4686539,0.77,1.1,1,678,0
E00745,E00463,parent_company,0.11,18,5031373,0.7,1.7,0,608,0,4686539,0.77,1.1,1,678,0
E00893,E01358,supplier,0.47,43,3365629,0.56,1.24,1,772,0,3549462,0.25,1.35,2,803,0
E02902,E01358,co-investor,0.24,16,5565892,0.35,1.24,2,774,0,3549462,0.25,1.35,2,803,0
E02351,E01358,shared_director,0.42,19,3995449,0.18,1.99,0,762,0,3549462,0.25,1.35,2,803,0
E00893,E02783,shared_director,0.49,31,3365629,0.56,1.24,1,772,0,4591409,0.89,1.44,1,552,0
E02477,E02783,co-investor,0.24,40,9700411,0.52,1.34,2,756,0,4591409,0.89,1.44,1,552,0
E02461,E02783,supplier,0.78,41,7928908,0.11,1.71,0,718,0,4591409,0.89,1.44,1,552,0
E02338,E02783,shared_director,0.77,35,6632013,0.94,1.83,4,564,1,4591409,0.89,1.44,1,552,0
E01932,E02783,supplier,0.13,49,3603022,0.49,1.78,1,670,0,4591409,0.89,1.44,1,552,0
E00893,E02473,parent_company,0.23,21,3365629,0.56,1.24,1,772,0,6464469,0.21,0.56,2,555,1
E02533,E02473,co-investor,0.94,23,3818365,0.54,0.85,0,518,0,6464469,0.21,0.56,2,555,1
E00989,E02473,shared_director,0.13,20,2779200,0.36,0.57,1,619,1,6464469,0.21,0.56,2,555,1
E00194,E02473,shared_director,0.92,20,4884190,0.23,1.79,2,802,0,6464469,0.21,0.56,2,555,1
E02397,E02473,supplier,0.18,47,5859126,0.56,0.8,1,831,0,6464469,0.21,0.56,2,555,1
E00893,E01589,parent_company,0.23,13,3365629,0.56,1.24,1,772,0,4152447,0.97,0.61,2,531,0
E02017,E01589,co-investor,0.32,36,6082815,0.71,1.07,0,570,1,4152447,0.97,0.61,2,531,0
E00968,E01589,supplier,0.83,37,3215088,0.82,1.68,4,707,0,4152447,0.97,0.61,2,531,0
E00125,E01589,co-investor,0.25,28,6943645,0.89,1.11,1,683,0,4152447,0.97,0.61,2,531,0
E00519,E01589,co-investor,0.8,35,4938224,0.74,0.71,2,731,0,4152447,0.97,0.61,2,531,0
E02869,E00262,supplier,0.94,5,5638320,0.51,1.97,1,709,0,5329395,0.88,0.96,2,824,1
E00392,E00262,shared_director,0.59,2,3857990,0.2,1.86,4,518,0,5329395,0.88,0.96,2,824,1
E02421,E00262,supplier,0.2,39,2705356,0.29,1.05,0,597,0,5329395,0.88,0.96,2,824,1
E00606,E00262,co-investor,0.16,47,5767943,0.48,0.87,0,844,0,5329395,0.88,0.96,2,824,1
E02128,E00262,supplier,0.7,35,7661734,0.2,1.47,4,747,0,5329395,0.88,0.96,2,824,1
E02869,E02553,shared_director,0.2,10,5638320,0.51,1.97,1,709,0,3387274,0.44,1.45,1,656,0
E02191,E02553,supplier,0.63,4,3306707,0.38,1.91,0,703,0,3387274,0.44,1.45,1,656,0
E00745,E02553,co-investor,0.25,44,5031373,0.7,1.7,0,608,0,3387274,0.44,1.45,1,656,0
E01487,E02553,co-investor,0.63,29,7470243,0.62,0.82,2,731,0,3387274,0.44,1.45,1,656,0
E02348,E02553,shared_director,0.58,38,6187853,0.92,1.69,1,807,0,3387274,0.44,1.45,1,656,0
E00666,E02553,shared_director,0.95,43,3638225,0.53,1.38,3,798,0,3387274,0.44,1.45,1,656,0
E00191,E02553,parent_company,0.69,47,4092511,0.37,1.62,0,834,0,3387274,0.44,1.45,1,656,0
E02869,E00090,parent_company,0.42,18,5638320,0.51,1.97,1,709,0,2346921,0.8,0.93,0,748,1
E00244,E00090,parent_company,0.63,10,5147925,0.56,1.65,1,690,0,2346921,0.8,0.93,0,748,1
E00866,E00090,parent_company,0.21,46,7150866,0.87,0.61,1,591,0,2346921,0.8,0.93,0,748,1
E00347,E00090,supplier,0.87,10,2545480,0.35,0.99,1,829,0,2346921,0.8,0.93,0,748,1
E00941,E00090,parent_company,0.28,27,2178351,0.16,1.68,0,667,0,2346921,0.8,0.93,0,748,1
E02825,E00090,parent_company,0.79,5,7538345,0.69,0.88,0,504,0,2346921,0.8,0.93,0,748,1
E02064,E00090,parent_company,0.64,45,5133831,0.43,1.25,3,620,0,2346921,0.8,0.93,0,748,1
E02869,E01975,co-investor,0.6,5,5638320,0.51,1.97,1,709,0,4819750,0.16,0.94,3,703,1
E00474,E01975,parent_company,0.32,11,3583842,0.97,1.37,4,756,0,4819750,0.16,0.94,3,703,1
E01995,E01975,supplier,0.55,9,8523377,0.45,1.32,0,668,0,4819750,0.16,0.94,3,703,1
E00816,E01975,shared_director,0.32,25,7622317,0.9,0.54,0,704,0,4819750,0.16,0.94,3,703,1
E01934,E01896,parent_company,0.94,48,5890071,0.95,1.28,0,790,0,4066393,0.35,1.42,1,765,0
E01885,E01896,supplier,0.76,19,5271437,0.84,1.02,0,702,1,4066393,0.35,1.42,1,765,0
E00861,E01896,supplier,0.42,5,5060957,0.58,0.53,0,722,0,4066393,0.35,1.42,1,765,0
E02168,E01896,shared_director,0.98,47,4074368,0.62,0.89,0,540,1,4066393,0.35,1.42,1,765,0
E01934,E00548,supplier,0.16,29,5890071,0.95,1.28,0,790,0,2942651,0.79,1.27,3,512,1
E00165,E00548,shared_director,0.48,22,4989327,0.59,1.76,2,662,0,2942651,0.79,1.27,3,512,1
E01804,E00548,shared_director,0.34,14,7027351,0.42,1.21,2,574,0,2942651,0.79,1.27,3,512,1
E00785,E00548,parent_company,0.41,24,1801727,0.4,1.64,1,538,0,2942651,0.79,1.27,3,512,1
E01934,E02714,parent_company,0.44,22,5890071,0.95,1.28,0,790,0,9556803,0.33,0.55,4,548,0
E02705,E02714,supplier,0.84,20,7090502,0.79,0.85,2,683,1,9556803,0.33,0.55,4,548,0
E02096,E02714,co-investor,0.61,39,3893615,0.27,1.91,2,829,0,9556803,0.33,0.55,4,548,0
E02626,E02714,supplier,0.45,20,4454610,0.72,1.86,0,623,0,9556803,0.33,0.55,4,548,0
E00555,E01464,parent_company,0.15,24,2413709,0.58,0.82,0,696,0,6512106,0.38,0.91,4,797,1
E02283,E01464,supplier,0.53,16,5112672,0.36,1.33,3,717,0,6512106,0.38,0.91,4,797,1
E01083,E01464,shared_director,0.83,7,5541949,0.22,0.93,4,551,0,6512106,0.38,0.91,4,797,1
E02318,E01464,supplier,0.11,27,3038025,0.8,0.9,3,707,0,6512106,0.38,0.91,4,797,1
E02496,E01464,parent_company,0.18,21,2942846,0.24,1.41,1,668,0,6512106,0.38,0.91,4,797,1
E00555,E00673,shared_director,0.11,27,2413709,0.58,0.82,0,696,0,7628018,0.99,1.38,3,836,0
E00121,E00673,shared_director,0.78,1,7493389,0.2,0.88,1,510,0,7628018,0.99,1.38,3,836,0
E02787,E00673,supplier,0.41,41,4556622,0.65,1.36,0,822,0,7628018,0.99,1.38,3,836,0
E01276,E00673,parent_company,0.32,12,7342491,0.34,0.98,1,847,0,7628018,0.99,1.38,3,836,0
E02086,E00673,shared_director,0.29,35,6259499,0.43,0.61,0,632,0,7628018,0.99,1.38,3,836,0
E00921,E00673,supplier,0.55,49,100000,0.15,0.55,0,699,0,7628018,0.99,1.38,3,836,0
E02527,E00673,parent_company,0.32,23,4516500,0.77,0.88,2,512,1,7628018,0.99,1.38,3,836,0
E00555,E02775,shared_director,0.32,36,2413709,0.58,0.82,0,696,0,6991743,0.45,0.76,1,527,0
E01425,E02775,co-investor,0.89,13,1694162,0.7,1.21,3,525,0,6991743,0.45,0.76,1,527,0
E00046,E02775,co-investor,0.24,23,4733198,0.17,1.81,0,592,0,6991743,0.45,0.76,1,527,0
E02429,E02775,co-investor,0.96,27,5533345,0.14,1.22,1,549,1,6991743,0.45,0.76,1,527,0
E01838,E01547,shared_director,0.17,43,6135883,0.13,1.72,1,627,0,6074181,0.88,0.62,2,557,0
E01842,E01547,parent_company,0.99,37,4398393,0.32,0.72,2,743,0,6074181,0.88,0.62,2,557,0
E01838,E00273,supplier,0.4,4,6135883,0.13,1.72,1,627,0,3318182,0.99,0.92,0,709,1
E00035,E00273,shared_director,0.69,43,5500487,0.92,1.05,1,804,0,3318182,0.99,0.92,0,709,1
E02209,E00545,co-investor,0.21,35,100000,0.77,0.8,1,594,0,7579513,0.97,1.46,0,804,0
E01617,E00545,parent_company,0.35,8,4692347,0.95,0.89,6,776,1,7579513,0.97,1.46,0,804,0
E02842,E00545,co-investor,0.26,49,5469955,0.42,0.97,1,696,0,7579513,0.97,1.46,0,804,0
E02209,E01833,supplier,0.72,26,100000,0.77,0.8,1,594,0,8136479,0.27,0.69,0,690,0
E00894,E01833,supplier,0.9,35,811758,0.5,0.7,2,685,0,8136479,0.27,0.69,0,690,0
E00166,E01833,shared_director,0.6,7,3682462,0.27,1.59,2,817,0,8136479,0.27,0.69,0,690,0
E02209,E01533,shared_director,0.58,30,100000,0.77,0.8,1,594,0,6977338,0.34,1.78,1,690,0
E00460,E01533,supplier,0.8,6,4417020,0.46,0.82,3,788,0,6977338,0.34,1.78,1,690,0
E00043,E01533,shared_director,0.79,44,10077382,0.63,1.0,1,731,0,6977338,0.34,1.78,1,690,0
E01211,E01533,supplier,0.42,25,5960292,0.33,1.19,2,561,0,6977338,0.34,1.78,1,690,0
E01610,E02167,parent_company,0.76,15,4585044,0.39,0.66,2,509,0,1595573,0.37,1.1,1,741,0
E00058,E02167,parent_company,0.74,19,4701926,0.94,1.11,2,822,1,1595573,0.37,1.1,1,741,0
E01888,E02167,shared_director,0.71,26,5659958,0.64,1.33,1,556,0,1595573,0.37,1.1,1,741,0
E02564,E02167,supplier,0.17,27,6220046,0.82,1.18,2,705,0,1595573,0.37,1.1,1,741,0
E01610,E00784,supplier,0.32,30,4585044,0.39,0.66,2,509,0,2758355,0.25,0.76,2,563,0
E02462,E00784,parent_company,0.63,29,3876824,0.84,0.78,2,562,1,2758355,0.25,0.76,2,563,0
E01610,E02675,shared_director,0.88,7,4585044,0.39,0.66,2,509,0,7836480,0.51,1.43,4,596,1
E02714,E02675,co-investor,0.28,31,9556803,0.33,0.55,4,548,0,7836480,0.51,1.43,4,596,1
E00259,E02675,supplier,0.98,1,9714752,0.5,1.65,2,824,0,7836480,0.51,1.43,4,596,1
E00015,E00094,co-investor,0.52,47,6927700,0.12,0.61,0,518,0,3454665,0.45,1.05,1,599,0
E00422,E00094,shared_director,0.97,45,7634556,0.25,0.68,1,692,0,3454665,0.45,1.05,1,599,0
E02801,E00094,parent_company,0.99,6,4797243,0.54,1.69,1,822,0,3454665,0.45,1.05,1,599,0
E01675,E00094,co-investor,0.65,11,6380473,0.99,1.69,2,622,0,3454665,0.45,1.05,1,599,0
E01667,E00094,supplier,0.98,21,7074094,0.85,1.55,2,795,0,3454665,0.45,1.05,1,599,0
E01903,E00094,parent_company,0.44,2,7129753,0.35,1.71,1,675,0,3454665,0.45,1.05,1,599,0
E00015,E00850,co-investor,0.15,25,6927700,0.12,0.61,0,518,0,4719914,0.18,1.26,0,792,0
E01912,E00850,co-investor,0.36,25,8181809,0.15,0.97,1,789,1,4719914,0.18,1.26,0,792,0
E01183,E00850,co-investor,0.73,33,7443601,0.13,1.82,1,608,0,4719914,0.18,1.26,0,792,0
E00015,E00337,shared_director,0.42,24,6927700,0.12,0.61,0,518,0,2540261,0.55,1.57,1,511,0
E02359,E00337,supplier,0.24,34,6560685,0.94,1.65,1,738,0,2540261,0.55,1.57,1,511,0
E00167,E00337,co-investor,0.54,25,1620885,0.75,1.84,0,752,1,2540261,0.55,1.57,1,511,0
E01926,E00337,supplier,0.82,8,1945560,0.79,1.81,0,513,0,2540261,0.55,1.57,1,511,0
E01804,E00337,supplier,0.12,49,7027351,0.42,1.21,2,574,0,2540261,0.55,1.57,1,511,0
E01032,E00337,shared_director,0.89,25,4936163,0.58,1.94,1,724,0,2540261,0.55,1.57,1,511,0
E02231,E01738,shared_director,0.84,16,3182699,0.48,0.79,2,581,0,5079872,0.62,1.94,1,562,1
E02283,E01738,shared_director,0.59,2,5112672,0.36,1.33,3,717,0,5079872,0.62,1.94,1,562,1
E01555,E01738,parent_company,0.56,27,5786538,0.56,1.47,2,746,0,5079872,0.62,1.94,1,562,1
E00712,E01738,supplier,0.56,34,7626137,0.98,1.31,2,794,0,5079872,0.62,1.94,1,562,1
E02695,E01738,co-investor,0.64,17,8464098,0.44,0.87,2,525,0,5079872,0.62,1.94,1,562,1
E02231,E02844,parent_company,0.26,43,3182699,0.48,0.79,2,581,0,4579666,0.14,1.08,1,606,0
E01025,E02844,shared_director,0.97,37,7323867,0.79,0.67,3,567,0,4579666,0.14,1.08,1,606,0
E01887,E01994,shared_director,0.36,6,3611284,0.9,1.05,1,550,1,3764781,0.96,1.89,2,849,1
E00535,E01994,co-investor,0.65,49,5681200,0.15,0.97,3,639,1,3764781,0.96,1.89,2,849,1
E01826,E01994,supplier,0.37,42,5379321,0.68,0.87,0,838,0,3764781,0.96,1.89,2,849,1
E02466,E01994,co-investor,0.66,40,3994760,0.73,1.72,0,664,0,3764781,0.96,1.89,2,849,1
E00590,E01994,shared_director,0.98,9,1826376,0.85,1.21,4,538,0,3764781,0.96,1.89,2,849,1
E01887,E01064,co-investor,0.86,42,3611284,0.9,1.05,1,550,1,2673621,0.2,1.72,0,569,0
E00569,E01064,shared_director,0.43,31,7890769,0.93,0.91,1,747,1,2673621,0.2,1.72,0,569,0
E00324,E01064,shared_director,0.43,44,5349278,0.92,0.74,1,610,0,2673621,0.2,1.72,0,569,0
E00306,E01064,supplier,0.77,1,2021213,0.21,0.5,2,532,0,2673621,0.2,1.72,0,569,0
E02840,E01064,supplier,0.32,34,5264545,0.95,1.21,1,677,0,2673621,0.2,1.72,0,569,0
E00329,E01064,shared_director,0.98,39,5734204,0.36,1.62,2,702,0,2673621,0.2,1.72,0,569,0
E01482,E01064,co-investor,0.48,31,5033781,0.36,1.33,1,695,0,2673621,0.2,1.72,0,569,0
E00463,E00132,shared_director,0.65,2,4686539,0.77,1.1,1,678,0,4163713,0.95,1.29,1,523,0
E01392,E00132,shared_director,0.35,32,5899311,0.53,1.37,0,645,0,4163713,0.95,1.29,1,523,0
E02325,E00132,parent_company,0.24,22,3359646,0.94,0.66,1,648,1,4163713,0.95,1.29,1,523,0
E00463,E01288,supplier,0.52,34,4686539,0.77,1.1,1,678,0,7426632,0.69,1.83,1,792,0
E01393,E01288,shared_director,0.53,31,3465890,0.54,1.01,3,748,0,7426632,0.69,1.83,1,792,0
E00463,E02568,shared_director,0.48,11,4686539,0.77,1.1,1,678,0,2708198,0.95,0.69,3,837,0
E01806,E02568,supplier,0.88,11,6852124,0.75,1.89,1,533,1,2708198,0.95,0.69,3,837,0
E00030,E02568,co-investor,0.66,4,5093830,0.9,1.41,1,512,0,2708198,0.95,0.69,3,837,0
E01229,E02568,supplier,0.96,42,6544043,0.48,1.17,4,609,0,2708198,0.95,0.69,3,837,0
E02554,E02568,supplier,0.23,6,2308833,0.76,1.03,3,842,0,2708198,0.95,0.69,3,837,0
E00463,E01774,shared_director,0.82,48,4686539,0.77,1.1,1,678,0,6041936,0.98,1.92,3,787,0
E00016,E01774,parent_company,0.29,46,6947114,0.63,0.7,1,602,0,6041936,0.98,1.92,3,787,0
E01839,E01774,co-investor,0.14,48,3602790,0.75,0.57,1,763,0,6041936,0.98,1.92,3,787,0
E02055,E01774,shared_director,0.17,1,6425256,0.55,0.94,0,757,0,6041936,0.98,1.92,3,787,0
E00986,E00845,supplier,0.19,3,3791975,0.79,1.03,0,784,0,5608252,0.61,0.66,1,694,0
E01279,E00845,supplier,0.39,5,3026427,0.75,1.26,2,698,0,5608252,0.61,0.66,1,694,0
E01927,E00845,co-investor,0.54,24,2164752,0.55,0.8,0,765,0,5608252,0.61,0.66,1,694,0
E01407,E00845,shared_director,0.76,35,7910042,0.58,1.27,2,730,0,5608252,0.61,0.66,1,694,0
E00238,E00845,supplier,0.72,14,3348830,0.21,1.04,0,780,0,5608252,0.61,0.66,1,694,0
E00986,E02395,co-investor,0.46,9,3791975,0.79,1.03,0,784,0,1268909,0.42,1.63,1,618,0
E02698,E02395,parent_company,0.43,14,6639456,0.6,0.61,2,762,0,1268909,0.42,1.63,1,618,0
E01141,E02395,parent_company,0.2,1,4129555,0.27,1.85,0,693,0,1268909,0.42,1.63,1,618,0
E02799,E02395,supplier,0.95,30,6119154,0.17,1.32,3,619,0,1268909,0.42,1.63,1,618,0
E00986,E02208,co-investor,0.88,32,3791975,0.79,1.03,0,784,0,4850511,0.61,0.93,2,593,0
E02697,E02208,shared_director,0.27,44,7071449,0.64,1.58,1,565,0,4850511,0.61,0.93,2,593,0
E01697,E02208,shared_director,0.21,20,5960609,0.23,1.84,2,645,0,4850511,0.61,0.93,2,593,0
E01829,E01939,parent_company,0.29,37,8354925,0.56,0.99,1,769,0,7171853,0.95,1.26,1,625,0
E00285,E01939,co-investor,0.87,7,5480045,0.38,1.05,1,762,0,7171853,0.95,1.26,1,625,0
E00057,E01939,supplier,0.63,23,2749161,0.82,1.24,1,524,0,7171853,0.95,1.26,1,625,0
E02471,E01939,co-investor,0.68,44,4535741,0.68,1.52,0,786,0,7171853,0.95,1.26,1,625,0
E01648,E01798,parent_company,0.59,49,6915764,0.52,1.05,0,586,0,5371385,0.23,1.85,3,579,0
E02687,E01798,parent_company,0.63,10,3364569,0.55,1.24,3,693,0,5371385,0.23,1.85,3,579,0
E00232,E00574,co-investor,0.31,47,2898176,0.3,1.22,1,843,0,6150937,0.53,1.58,2,733,0
E00694,E00574,shared_director,0.27,35,1797961,0.71,0.93,4,775,0,6150937,0.53,1.58,2,733,0
E00412,E00574,supplier,0.63,25,3402909,0.93,1.07,0,662,0,6150937,0.53,1.58,2,733,0
E00661,E00574,parent_company,0.23,10,6389995,0.78,1.59,1,645,0,6150937,0.53,1.58,2,733,0
E02460,E00574,co-investor,0.57,40,7858915,0.5,1.84,1,696,0,6150937,0.53,1.58,2,733,0
E00457,E00574,parent_company,0.24,46,5803251,0.86,1.83,2,640,0,6150937,0.53,1.58,2,733,0
E00459,E00574,supplier,0.5,34,5647600,0.15,1.73,1,700,0,6150937,0.53,1.58,2,733,0
E02098,E00574,parent_company,0.58,20,5318317,0.51,0.61,1,784,0,6150937,0.53,1.58,2,733,0
E00232,E01603,shared_director,0.24,19,2898176,0.3,1.22,1,843,0,7784944,0.77,1.14,0,592,0
E00232,E01042,co-investor,0.39,1,2898176,0.3,1.22,1,843,0,3863715,0.25,0.94,2,605,0
E00007,E01042,supplier,0.27,31,8019542,0.48,0.82,1,736,0,3863715,0.25,0.94,2,605,0
E02360,E01307,co-investor,0.31,10,1750404,0.92,0.63,0,679,1,4813131,0.25,1.18,1,657,0
E02612,E01307,co-investor,0.17,38,2367459,0.34,1.34,1,791,0,4813131,0.25,1.18,1,657,0
E02680,E01307,supplier,0.56,7,3761854,0.44,0.89,3,831,0,4813131,0.25,1.18,1,657,0
E01276,E01307,co-investor,0.21,18,7342491,0.34,0.98,1,847,0,4813131,0.25,1.18,1,657,0
E00210,E01307,supplier,0.28,8,1140630,0.7,0.99,3,640,0,4813131,0.25,1.18,1,657,0
E02082,E01307,parent_company,0.55,26,6281067,0.17,0.93,1,556,0,4813131,0.25,1.18,1,657,0
E02360,E02236,parent_company,0.39,14,1750404,0.92,0.63,0,679,1,4618317,0.97,0.89,1,732,0
E01297,E02236,shared_director,0.53,16,4908059,0.29,1.08,2,689,0,4618317,0.97,0.89,1,732,0
E01119,E02236,shared_director,0.14,28,1127769,0.7,1.27,0,747,0,4618317,0.97,0.89,1,732,0
E01889,E02236,parent_company,0.44,28,2984372,0.58,0.65,1,631,0,4618317,0.97,0.89,1,732,0
E02313,E02236,supplier,0.63,1,2655479,0.82,1.46,5,696,1,4618317,0.97,0.89,1,732,0
E02360,E00120,co-investor,0.99,11,1750404,0.92,0.63,0,679,1,2173951,0.54,1.67,2,827,0
E01621,E00120,parent_company,0.5,28,3407658,0.59,1.36,2,834,0,2173951,0.54,1.67,2,827,0
E00559,E00120,co-investor,0.81,18,7179329,0.82,1.67,1,596,1,2173951,0.54,1.67,2,827,0
E00485,E00120,shared_director,0.77,30,6694158,0.29,1.12,0,773,0,2173951,0.54,1.67,2,827,0
E02524,E00120,parent_company,0.27,22,5681905,0.32,1.27,0,590,0,2173951,0.54,1.67,2,827,0
E00145,E00120,parent_company,0.72,16,4683797,0.7,1.31,0,736,0,2173951,0.54,1.67,2,827,0
E02360,E01430,supplier,0.43,10,1750404,0.92,0.63,0,679,1,7007419,0.26,0.82,0,630,0
E02705,E02136,parent_company,0.47,18,7090502,0.79,0.85,2,683,1,6077596,0.6,1.54,0,823,0
E02920,E02136,parent_company,0.7,11,3957197,0.33,1.23,2,618,0,6077596,0.6,1.54,0,823,0
E02705,E00701,supplier,0.42,34,7090502,0.79,0.85,2,683,1,4230316,0.94,1.9,0,760,1
E02699,E00701,parent_company,0.3,23,4999761,0.54,1.73,1,666,0,4230316,0.94,1.9,0,760,1
E02705,E02124,supplier,0.96,11,7090502,0.79,0.85,2,683,1,8639897,0.28,0.67,3,739,0
E00330,E02124,parent_company,0.89,11,3948389,0.44,0.89,1,701,0,8639897,0.28,0.67,3,739,0
E02418,E02124,parent_company,0.91,32,8914349,0.47,0.67,2,525,0,8639897,0.28,0.67,3,739,0
E00250,E02281,parent_company,0.66,28,4663770,0.13,1.62,2,661,0,3698334,0.25,1.18,2,539,0
E01960,E02281,parent_company,0.14,42,3470016,0.49,1.87,1,517,1,3698334,0.25,1.18,2,539,0
E01884,E02281,co-investor,0.24,16,2922280,0.77,0.9,1,817,0,3698334,0.25,1.18,2,539,0
E00250,E00556,co-investor,0.29,30,4663770,0.13,1.62,2,661,0,3798052,0.4,1.53,0,705,0
E01025,E00556,shared_director,0.6,20,7323867,0.79,0.67,3,567,0,3798052,0.4,1.53,0,705,0
E00162,E00556,shared_director,0.53,31,5358073,0.45,1.28,5,799,0,3798052,0.4,1.53,0,705,0
E02748,E00556,supplier,0.87,13,4011291,0.84,0.78,1,785,0,3798052,0.4,1.53,0,705,0
E00250,E00085,supplier,0.59,25,4663770,0.13,1.62,2,661,0,5579684,0.29,1.99,2,760,0
E02277,E02031,supplier,0.98,42,9820097,0.4,1.7,3,704,0,6701295,0.27,1.81,1,835,0
E02561,E02031,parent_company,0.51,9,6046790,0.54,0.94,2,516,0,6701295,0.27,1.81,1,835,0
E01597,E02031,parent_company,0.27,2,5053362,0.12,0.96,0,586,0,6701295,0.27,1.81,1,835,0
E00557,E02031,co-investor,0.73,36,5339387,0.57,0.83,0,581,0,6701295,0.27,1.81,1,835,0
E01928,E02031,parent_company,0.26,49,6199718,0.99,0.62,2,786,0,6701295,0.27,1.81,1,835,0
E00014,E02031,shared_director,0.44,47,3894708,0.76,1.46,1,747,0,6701295,0.27,1.81,1,835,0
E02277,E02693,shared_director,0.15,10,9820097,0.4,1.7,3,704,0,3166144,0.93,1.63,1,658,0
E02238,E02693,supplier,0.47,23,5890172,0.51,0.96,0,567,0,3166144,0.93,1.63,1,658,0
E00568,E02693,supplier,0.85,19,1934408,0.94,0.68,1,535,0,3166144,0.93,1.63,1,658,0
E00581,E02693,parent_company,0.25,48,3258854,0.18,0.89,1,773,0,3166144,0.93,1.63,1,658,0
E02202,E02693,supplier,0.75,45,6611780,0.61,0.57,1,816,0,3166144,0.93,1.63,1,658,0
E00116,E02693,shared_director,0.4,17,3367389,0.96,1.39,0,709,0,3166144,0.93,1.63,1,658,0
E02047,E02693,shared_director,0.55,21,3365198,0.65,0.81,3,743,0,3166144,0.93,1.63,1,658,0
E02769,E02693,parent_company,0.23,4,2764500,0.27,1.89,1,505,0,3166144,0.93,1.63,1,658,0
E02750,E01562,co-investor,0.73,27,5043887,0.21,1.64,1,616,0,6697124,0.86,1.73,1,730,0
E02359,E01562,shared_director,0.37,29,6560685,0.94,1.65,1,738,0,6697124,0.86,1.73,1,730,0
E02158,E01562,shared_director,0.91,17,4030742,0.18,1.92,3,815,0,6697124,0.86,1.73,1,730,0
E01924,E01562,parent_company,0.24,21,4424213,0.45,0.67,2,778,0,6697124,0.86,1.73,1,730,0
E00819,E01562,supplier,0.19,32,5562359,0.65,1.5,3,664,0,6697124,0.86,1.73,1,730,0
E01451,E01562,shared_director,0.37,45,6910192,0.89,1.0,0,560,1,6697124,0.86,1.73,1,730,0
E02750,E02489,supplier,0.79,47,5043887,0.21,1.64,1,616,0,5146869,0.58,1.91,1,843,0
E02458,E02489,co-investor,0.8,45,4488138,0.78,0.58,1,827,0,5146869,0.58,1.91,1,843,0
E02740,E02489,co-investor,0.84,14,3841909,0.14,1.13,3,550,0,5146869,0.58,1.91,1,843,0
E00612,E01229,shared_director,0.27,35,4398191,0.38,1.02,3,726,0,6544043,0.48,1.17,4,609,0
E00926,E01229,supplier,0.69,42,4729514,0.54,1.78,2,675,0,6544043,0.48,1.17,4,609,0
E00826,E01229,parent_company,0.96,17,8598543,0.23,0.52,2,780,0,6544043,0.48,1.17,4,609,0
E01351,E01229,shared_director,0.79,29,4973056,0.12,0.85,4,844,0,6544043,0.48,1.17,4,609,0
E00806,E01229,supplier,0.16,22,2344163,0.49,1.7,5,781,0,6544043,0.48,1.17,4,609,0
E00612,E01629,parent_company,0.3,48,4398191,0.38,1.02,3,726,0,5201040,0.2,1.93,0,758,0
E00134,E01629,co-investor,0.33,11,5201634,0.4,1.6,1,811,0,5201040,0.2,1.93,0,758,0
E01519,E01629,shared_director,0.68,18,6076123,0.84,1.8,1,791,0,5201040,0.2,1.93,0,758,0
E01892,E01629,parent_company,0.94,11,1680488,0.51,1.47,2,804,0,5201040,0.2,1.93,0,758,0
E00612,E00898,parent_company,0.22,29,4398191,0.38,1.02,3,726,0,7914391,0.23,0.6,1,639,0
E00612,E02491,supplier,0.82,31,4398191,0.38,1.02,3,726,0,7564726,0.85,0.82,3,760,0
E02675,E02491,supplier,0.21,37,7836480,0.51,1.43,4,596,1,7564726,0.85,0.82,3,760,0
E00226,E02491,parent_company,0.63,15,1482802,0.49,0.61,0,508,0,7564726,0.85,0.82,3,760,0
E00912,E02491,shared_director,0.57,12,6912880,0.41,1.19,0,613,0,7564726,0.85,0.82,3,760,0
E02189,E02491,shared_director,0.71,48,2147242,0.31,1.79,3,715,0,7564726,0.85,0.82,3,760,0
E00612,E01369,parent_company,0.94,24,4398191,0.38,1.02,3,726,0,4729491,0.57,1.11,6,741,0
E00644,E01369,co-investor,0.11,11,3931703,0.64,1.15,0,649,0,4729491,0.57,1.11,6,741,0
E00592,E01897,supplier,0.61,27,4681552,0.28,1.18,3,658,0,3663858,0.61,1.14,1,746,0
E00744,E01897,shared_director,0.73,36,3744143,0.72,1.72,2,505,0,3663858,0.61,1.14,1,746,0
E02796,E01897,supplier,0.9,6,5867010,0.95,1.95,5,558,0,3663858,0.61,1.14,1,746,0
E00592,E01670,supplier,0.59,49,4681552,0.28,1.18,3,658,0,5845310,0.32,0.93,1,747,0
E00243,E01670,shared_director,0.61,37,1860079,0.21,1.01,3,586,0,5845310,0.32,0.93,1,747,0
E01933,E01670,parent_company,0.27,47,5225101,0.24,1.53,0,704,0,5845310,0.32,0.93,1,747,0
E00592,E00603,supplier,0.88,21,4681552,0.28,1.18,3,658,0,5943922,0.49,1.71,1,783,0
E01064,E00603,parent_company,0.53,26,2673621,0.2,1.72,0,569,0,5943922,0.49,1.71,1,783,0
E00506,E00603,shared_director,0.96,33,7171732,0.83,1.4,0,632,0,5943922,0.49,1.71,1,783,0
E00592,E00591,co-investor,0.59,30,4681552,0.28,1.18,3,658,0,4731463,0.32,1.43,1,815,0
E02010,E00591,shared_director,0.97,45,8052372,0.53,1.59,2,557,0,4731463,0.32,1.43,1,815,0
E00695,E00591,parent_company,0.61,1,9311486,0.43,1.44,3,789,0,4731463,0.32,1.43,1,815,0
E00592,E01542,parent_company,0.55,38,4681552,0.28,1.18,3,658,0,3405994,0.68,1.36,2,729,0
E00634,E01542,supplier,0.79,39,1629378,0.59,1.45,0,520,1,3405994,0.68,1.36,2,729,0
E02498,E01542,shared_director,0.59,47,7522636,0.95,1.3,0,699,0,3405994,0.68,1.36,2,729,0
E02283,E02171,parent_company,0.45,17,5112672,0.36,1.33,3,717,0,2970130,0.77,1.01,1,755,1
E01370,E02171,supplier,0.7,40,7007133,0.11,0.71,4,776,0,2970130,0.77,1.01,1,755,1
E02283,E00099,parent_company,0.34,23,5112672,0.36,1.33,3,717,0,5197491,0.29,1.42,0,617,0
E00485,E00099,shared_director,0.66,8,6694158,0.29,1.12,0,773,0,5197491,0.29,1.42,0,617,0
E00353,E00099,supplier,0.52,7,5148412,0.45,1.28,0,673,0,5197491,0.29,1.42,0,617,0
E01731,E00099,supplier,0.77,38,4879422,0.43,1.41,0,672,0,5197491,0.29,1.42,0,617,0
E02860,E00099,co-investor,0.17,13,5353972,0.55,1.14,4,626,0,5197491,0.29,1.42,0,617,0
E00884,E00099,parent_company,1.0,41,7893007,0.62,1.22,0,532,0,5197491,0.29,1.42,0,617,0
E02283,E01971,supplier,0.63,11,5112672,0.36,1.33,3,717,0,4522174,0.34,1.19,2,728,0
E01140,E01971,parent_company,0.66,28,5843368,0.27,1.88,1,688,0,4522174,0.34,1.19,2,728,0
E02283,E02795,supplier,0.53,46,5112672,0.36,1.33,3,717,0,7190320,0.36,1.59,1,634,0
E01104,E02795,supplier,0.17,31,7487705,0.42,1.86,1,680,0,7190320,0.36,1.59,1,634,0
E01728,E02795,shared_director,0.39,21,3930533,0.82,0.75,2,799,0,7190320,0.36,1.59,1,634,0
E00833,E01353,supplier,0.93,24,3810447,0.62,1.69,1,612,0,5510546,0.31,1.01,1,836,0
E01160,E01353,shared_director,0.98,11,6798271,0.29,1.81,2,616,0,5510546,0.31,1.01,1,836,0
E00634,E01353,supplier,0.25,22,1629378,0.59,1.45,0,520,1,5510546,0.31,1.01,1,836,0
E01548,E01353,shared_director,0.76,41,5103252,0.63,1.14,0,762,0,5510546,0.31,1.01,1,836,0
E01042,E01353,supplier,0.35,42,3863715,0.25,0.94,2,605,0,5510546,0.31,1.01,1,836,0
E02791,E01353,co-investor,0.94,28,7404955,0.66,0.97,2,641,0,5510546,0.31,1.01,1,836,0
E02711,E01353,co-investor,0.24,14,3293393,0.2,1.47,0,574,0,5510546,0.31,1.01,1,836,0
E00833,E01519,co-investor,0.47,37,3810447,0.62,1.69,1,612,0,6076123,0.84,1.8,1,791,0
E02122,E01519,co-investor,0.48,16,5746986,0.19,1.21,1,662,0,6076123,0.84,1.8,1,791,0
E00833,E00781,co-investor,0.36,32,3810447,0.62,1.69,1,612,0,5569779,0.8,0.59,4,516,0
E02176,E00781,supplier,0.71,41,2722865,0.24,0.76,0,810,0,5569779,0.8,0.59,4,516,0
E00833,E00071,co-investor,0.6,9,3810447,0.62,1.69,1,612,0,3644867,0.14,1.78,4,545,0
E01896,E00071,shared_director,0.11,3,4066393,0.35,1.42,1,765,0,3644867,0.14,1.78,4,545,0
E00750,E00071,co-investor,0.72,3,9577364,0.55,0.85,2,713,0,3644867,0.14,1.78,4,545,0
E00833,E00554,supplier,0.62,20,3810447,0.62,1.69,1,612,0,4392928,0.54,0.8,0,666,1
E01813,E00554,parent_company,0.45,47,3270868,0.5,1.53,1,832,0,4392928,0.54,0.8,0,666,1
E00513,E00554,supplier,0.27,2,5553138,0.18,1.21,0,609,0,4392928,0.54,0.8,0,666,1
E02732,E00554,parent_company,0.49,21,6617849,0.91,1.85,4,511,0,4392928,0.54,0.8,0,666,1
E01960,E00554,co-investor,0.44,26,3470016,0.49,1.87,1,517,1,4392928,0.54,0.8,0,666,1
E00630,E00554,supplier,0.14,46,8246793,0.15,1.0,0,527,0,4392928,0.54,0.8,0,666,1
E00833,E02393,shared_director,0.25,41,3810447,0.62,1.69,1,612,0,2167132,0.94,1.03,1,717,1
E00663,E02393,co-investor,0.94,48,4479002,0.37,1.83,2,763,0,2167132,0.94,1.03,1,717,1
E00379,E02194,parent_company,0.15,25,3730789,0.22,0.66,1,731,0,4212396,0.44,1.16,1,511,0
E00495,E02194,parent_company,0.54,15,5096770,0.64,1.57,0,668,0,4212396,0.44,1.16,1,511,0
E01539,E02194,shared_director,0.93,38,4208342,0.42,1.49,2,692,0,4212396,0.44,1.16,1,511,0
E00775,E02194,co-investor,0.81,21,7336435,0.52,1.11,1,616,0,4212396,0.44,1.16,1,511,0
E01948,E02194,parent_company,0.97,28,3166230,0.34,0.61,3,642,0,4212396,0.44,1.16,1,511,0
E01408,E02194,co-investor,0.92,8,5006168,0.67,1.92,1,651,0,4212396,0.44,1.16,1,511,0
E02756,E02194,supplier,0.38,50,6919913,0.25,1.08,1,728,0,4212396,0.44,1.16,1,511,0
E00379,E02640,shared_director,0.46,38,3730789,0.22,0.66,1,731,0,4520985,0.7,1.52,3,627,0
E00056,E02640,supplier,0.22,50,4478529,0.7,1.16,2,646,0,4520985,0.7,1.52,3,627,0
E02518,E02640,co-investor,0.96,5,7009185,0.33,0.93,3,588,0,4520985,0.7,1.52,3,627,0
E00379,E01756,co-investor,0.97,20,3730789,0.22,0.66,1,731,0,2796413,0.75,0.67,2,791,1
E01707,E01756,co-investor,0.22,29,381632,0.17,0.9,1,751,0,2796413,0.75,0.67,2,791,1
E02153,E01756,supplier,0.15,42,5577307,0.47,0.83,3,799,0,2796413,0.75,0.67,2,791,1
E01987,E01756,parent_company,0.12,13,4410441,0.21,0.67,1,606,0,2796413,0.75,0.67,2,791,1
E00379,E02521,supplier,0.33,34,3730789,0.22,0.66,1,731,0,5688768,0.27,0.9,0,722,0
E01222,E02521,shared_director,0.56,6,7152292,0.71,1.58,1,524,1,5688768,0.27,0.9,0,722,0
E00850,E02521,shared_director,0.47,22,4719914,0.18,1.26,0,792,0,5688768,0.27,0.9,0,722,0
E01380,E02521,parent_company,0.96,23,3936886,0.67,1.12,1,534,0,5688768,0.27,0.9,0,722,0
E01194,E02521,supplier,0.85,19,6222287,0.55,1.99,1,645,0,5688768,0.27,0.9,0,722,0
E01859,E02521,shared_director,0.24,37,6620690,0.57,1.6,2,682,0,5688768,0.27,0.9,0,722,0
E00297,E02521,co-investor,0.14,36,4259353,0.4,1.62,3,806,0,5688768,0.27,0.9,0,722,0
E00379,E01526,co-investor,0.58,34,3730789,0.22,0.66,1,731,0,8095140,0.59,0.51,0,624,0
E02914,E01526,parent_company,0.88,35,3343205,0.7,0.69,2,781,1,8095140,0.59,0.51,0,624,0
E01973,E01526,parent_company,0.75,9,5667455,0.15,0.53,5,582,0,8095140,0.59,0.51,0,624,0
E02760,E02478,supplier,0.89,13,3441408,0.34,1.77,0,651,0,100000,0.28,1.88,2,638,0
E01600,E02478,supplier,0.89,23,2513352,0.4,1.35,1,825,0,100000,0.28,1.88,2,638,0
E01949,E02478,co-investor,0.13,7,4328538,0.12,0.87,1,710,0,100000,0.28,1.88,2,638,0
E00778,E02478,shared_director,0.37,2,4110108,0.27,1.5,1,793,0,100000,0.28,1.88,2,638,0
E02426,E02478,co-investor,0.97,48,5998171,0.65,0.58,1,645,0,100000,0.28,1.88,2,638,0
E00186,E02478,shared_director,0.73,19,5239211,0.71,1.85,4,719,0,100000,0.28,1.88,2,638,0
E02281,E02478,co-investor,0.72,22,3698334,0.25,1.18,2,539,0,100000,0.28,1.88,2,638,0
E01212,E02478,parent_company,0.87,19,10461734,0.92,1.41,1,838,0,100000,0.28,1.88,2,638,0
E00762,E02478,shared_director,0.27,27,4651372,0.88,1.28,2,817,0,100000,0.28,1.88,2,638,0
E02760,E01401,supplier,0.6,12,3441408,0.34,1.77,0,651,0,5213574,0.27,0.99,2,781,0
E00304,E01401,parent_company,0.9,11,5006829,0.25,1.29,2,739,0,5213574,0.27,0.99,2,781,0
E01356,E01401,parent_company,0.95,26,3314514,0.39,0.96,2,724,0,5213574,0.27,0.99,2,781,0
E02760,E00383,parent_company,0.2,36,3441408,0.34,1.77,0,651,0,4653930,0.68,0.53,2,625,0
E00130,E00383,shared_director,0.44,36,6344514,0.23,0.78,2,509,0,4653930,0.68,0.53,2,625,0
E00382,E00383,supplier,0.49,41,4949221,0.37,0.89,0,521,0,4653930,0.68,0.53,2,625,0
E01572,E00383,co-investor,0.18,5,6169145,0.31,0.66,1,799,1,4653930,0.68,0.53,2,625,0
E01786,E00383,supplier,0.43,25,8403042,0.86,0.6,1,682,0,4653930,0.68,0.53,2,625,0
E00650,E00383,shared_director,0.62,15,4604929,0.62,1.41,1,755,0,4653930,0.68,0.53,2,625,0
E00372,E00383,supplier,0.39,8,3485200,0.38,0.85,2,847,0,4653930,0.68,0.53,2,625,0
E02407,E00832,shared_director,0.35,1,7467634,0.48,1.99,1,511,1,4579259,0.15,1.42,1,587,1
E02036,E00832,supplier,0.33,11,4041326,0.43,1.6,1,789,0,4579259,0.15,1.42,1,587,1
E02407,E01277,parent_company,0.81,47,7467634,0.48,1.99,1,511,1,8171292,0.92,0.86,1,662,1
E01735,E01277,parent_company,0.46,15,5386414,0.99,1.46,1,529,0,8171292,0.92,0.86,1,662,1
E00962,E01277,supplier,0.95,41,2804275,0.73,1.39,2,789,0,8171292,0.92,0.86,1,662,1
E02737,E01277,parent_company,0.93,40,7447420,0.48,1.09,1,630,0,8171292,0.92,0.86,1,662,1
E01660,E01277,supplier,0.56,19,5887760,0.15,1.1,1,528,0,8171292,0.92,0.86,1,662,1
E02407,E00903,co-investor,0.58,37,7467634,0.48,1.99,1,511,1,5362233,0.43,1.2,1,719,0
E02530,E00903,shared_director,0.42,21,5139858,0.96,1.61,1,533,1,5362233,0.43,1.2,1,719,0
E02383,E00903,shared_director,0.58,17,1511338,0.49,1.3,2,636,0,5362233,0.43,1.2,1,719,0
E01149,E00903,co-investor,0.7,43,5679028,0.84,0.6,4,650,0,5362233,0.43,1.2,1,719,0
E01463,E00903,shared_director,0.74,24,4547478,0.66,0.65,0,532,0,5362233,0.43,1.2,1,719,0
E02407,E02283,parent_company,0.94,24,7467634,0.48,1.99,1,511,1,5112672,0.36,1.33,3,717,0
E00147,E02283,supplier,0.84,39,5767227,0.83,1.62,2,838,0,5112672,0.36,1.33,3,717,0
E01530,E02283,co-investor,0.53,43,3515540,0.87,1.47,0,781,0,5112672,0.36,1.33,3,717,0
E02742,E02283,parent_company,0.31,22,2643119,0.4,1.25,2,664,0,5112672,0.36,1.33,3,717,0
E02407,E00241,parent_company,0.53,17,7467634,0.48,1.99,1,511,1,7334205,0.94,1.54,2,580,1
E02629,E00241,supplier,0.86,5,3908314,0.21,1.22,1,506,1,7334205,0.94,1.54,2,580,1
E00326,E00241,supplier,0.23,29,6930029,0.9,0.69,3,515,1,7334205,0.94,1.54,2,580,1
E02579,E00241,supplier,0.71,10,6210447,0.49,1.8,4,579,0,7334205,0.94,1.54,2,580,1
E01543,E00241,co-investor,0.24,46,8342965,0.31,0.6,0,664,0,7334205,0.94,1.54,2,580,1
E02243,E00241,supplier,0.59,46,5232346,0.61,1.67,1,514,0,7334205,0.94,1.54,2,580,1
E02407,E00577,shared_director,0.24,40,7467634,0.48,1.99,1,511,1,4622206,0.11,1.88,1,673,0
E02187,E00577,co-investor,0.95,25,2668656,0.57,0.66,0,634,1,4622206,0.11,1.88,1,673,0
E01142,E00577,parent_company,0.37,19,6501173,0.27,1.17,3,769,0,4622206,0.11,1.88,1,673,0
E01971,E00577,parent_company,0.58,35,4522174,0.34,1.19,2,728,0,4622206,0.11,1.88,1,673,0
E01144,E00577,shared_director,0.56,23,5633958,0.63,1.09,2,738,0,4622206,0.11,1.88,1,673,0
E02407,E02532,parent_company,0.82,48,7467634,0.48,1.99,1,511,1,4461966,0.64,1.5,1,842,0
E01819,E02532,parent_company,0.24,32,4780460,0.57,1.87,0,589,0,4461966,0.64,1.5,1,842,0
E01242,E00063,parent_company,0.94,48,4018125,0.71,0.88,3,712,1,7160919,0.61,1.71,3,803,0
E02631,E00063,shared_director,0.78,40,5438221,0.89,1.66,0,661,0,7160919,0.61,1.71,3,803,0
E01242,E02893,parent_company,0.54,9,4018125,0.71,0.88,3,712,1,4007895,0.39,0.79,3,715,0
E01242,E02639,parent_company,0.5,45,4018125,0.71,0.88,3,712,1,6256764,0.51,1.48,2,702,0
E00054,E02639,supplier,0.46,28,3363051,0.11,1.01,0,713,0,6256764,0.51,1.48,2,702,0
E01530,E02639,supplier,0.38,31,3515540,0.87,1.47,0,781,0,6256764,0.51,1.48,2,702,0
E01242,E00640,shared_director,0.55,24,4018125,0.71,0.88,3,712,1,1173787,0.19,1.22,1,618,0
E01457,E00640,parent_company,0.34,38,6457369,0.84,0.98,0,583,1,1173787,0.19,1.22,1,618,0
E00242,E00640,shared_director,0.39,29,8242217,0.49,1.81,3,549,0,1173787,0.19,1.22,1,618,0
E00307,E00640,supplier,0.23,31,5049284,0.67,1.72,3,534,0,1173787,0.19,1.22,1,618,0
E00481,E01962,parent_company,0.73,46,6297848,0.74,1.69,0,597,1,6916953,0.92,1.19,1,542,0
E01750,E01962,supplier,0.56,31,6544189,0.59,0.85,1,571,0,6916953,0.92,1.19,1,542,0
E02807,E01962,shared_director,0.17,16,7758325,0.68,1.21,0,834,0,6916953,0.92,1.19,1,542,0
E00990,E01962,co-investor,0.72,9,6134111,0.5,1.66,1,545,1,6916953,0.92,1.19,1,542,0
E00481,E00987,shared_director,0.44,25,6297848,0.74,1.69,0,597,1,6769213,0.37,1.18,1,536,0
E00481,E00631,co-investor,0.43,15,6297848,0.74,1.69,0,597,1,1926104,0.54,0.85,5,691,0
E00970,E00631,co-investor,0.37,1,4557773,0.16,1.38,1,762,0,1926104,0.54,0.85,5,691,0
E00437,E00631,parent_company,0.9,20,3995488,0.93,1.44,3,664,0,1926104,0.54,0.85,5,691,0
E01097,E00631,parent_company,0.56,27,3869430,0.68,1.14,3,592,0,1926104,0.54,0.85,5,691,0
E01160,E01560,shared_director,0.58,23,6798271,0.29,1.81,2,616,0,8156213,0.58,1.06,1,762,0
E01240,E01560,parent_company,0.91,25,4386237,0.69,1.56,2,800,0,8156213,0.58,1.06,1,762,0
E01160,E01157,parent_company,0.73,36,6798271,0.29,1.81,2,616,0,7100221,0.62,0.83,0,755,1
E01655,E01157,supplier,0.32,17,5818056,0.54,1.2,2,738,0,7100221,0.62,0.83,0,755,1
E01160,E00587,supplier,0.39,24,6798271,0.29,1.81,2,616,0,8029035,0.49,0.83,0,776,0
E01264,E02445,parent_company,0.34,26,6691203,0.67,1.14,3,532,0,7314692,0.79,1.28,1,545,0
E01263,E02445,shared_director,0.42,20,5941957,0.44,0.78,1,826,0,7314692,0.79,1.28,1,545,0
E01232,E02445,parent_company,0.96,37,3915255,0.22,0.73,1,831,0,7314692,0.79,1.28,1,545,0
E01264,E01830,shared_director,0.42,7,6691203,0.67,1.14,3,532,0,4015107,0.59,0.86,2,708,0
E02005,E01830,supplier,0.31,32,6502261,0.12,0.78,2,602,0,4015107,0.59,0.86,2,708,0
E00869,E01830,shared_director,0.44,25,8622750,0.3,1.76,0,543,0,4015107,0.59,0.86,2,708,0
E00907,E00598,supplier,0.33,38,5252898,0.88,1.15,2,741,0,3125543,0.13,0.85,4,588,1
E00425,E00598,co-investor,0.78,38,4260956,0.43,1.55,1,642,0,3125543,0.13,0.85,4,588,1
E02602,E00598,parent_company,0.45,13,8376884,0.42,1.48,3,818,0,3125543,0.13,0.85,4,588,1
E00647,E00598,supplier,0.14,42,2798441,0.94,1.53,1,650,0,3125543,0.13,0.85,4,588,1
E00907,E00780,co-investor,0.45,24,5252898,0.88,1.15,2,741,0,447252,0.37,0.69,1,526,0
E02237,E00780,parent_company,0.63,3,5134987,0.83,0.56,2,553,0,447252,0.37,0.69,1,526,0
E00632,E00780,co-investor,0.93,47,5535502,0.92,1.22,4,748,0,447252,0.37,0.69,1,526,0
E02842,E00780,shared_director,0.55,35,5469955,0.42,0.97,1,696,0,447252,0.37,0.69,1,526,0
E01301,E00780,supplier,0.95,41,4795743,0.92,0.82,2,774,0,447252,0.37,0.69,1,526,0
E00718,E00780,supplier,0.27,50,4399719,0.95,1.93,2,565,1,447252,0.37,0.69,1,526,0
E00907,E02846,co-investor,0.16,13,5252898,0.88,1.15,2,741,0,3903667,0.69,1.97,3,637,0
E00908,E02846,parent_company,0.41,39,3624125,0.32,1.68,3,559,0,3903667,0.69,1.97,3,637,0
E00500,E02846,co-investor,0.4,27,5896780,0.41,1.78,4,522,0,3903667,0.69,1.97,3,637,0
E01949,E02846,shared_director,0.64,22,4328538,0.12,0.87,1,710,0,3903667,0.69,1.97,3,637,0
E02109,E02846,shared_director,0.91,18,7379030,0.64,1.16,1,699,0,3903667,0.69,1.97,3,637,0
E00907,E01372,parent_company,0.73,33,5252898,0.88,1.15,2,741,0,5384565,0.75,0.69,1,604,0
E00767,E01372,co-investor,0.16,6,5217691,0.89,0.81,3,558,0,5384565,0.75,0.69,1,604,0
E02908,E01372,shared_director,0.21,47,2860079,0.16,0.75,3,704,0,5384565,0.75,0.69,1,604,0
E00907,E01398,shared_director,0.83,38,5252898,0.88,1.15,2,741,0,1734883,0.75,1.82,2,699,0
E02373,E01744,parent_company,0.9,49,5933432,0.37,1.9,3,782,0,4440253,0.68,0.91,2,551,0
E01822,E01744,parent_company,0.87,44,5840904,0.35,0.8,0,530,0,4440253,0.68,0.91,2,551,0
E00737,E01744,parent_company,0.36,25,3622666,0.64,1.22,1,698,0,4440253,0.68,0.91,2,551,0
E00437,E01744,shared_director,0.5,3,3995488,0.93,1.44,3,664,0,4440253,0.68,0.91,2,551,0
E02476,E01744,parent_company,0.51,28,4053469,0.69,0.72,0,786,0,4440253,0.68,0.91,2,551,0
E00125,E01744,shared_director,0.5,17,6943645,0.89,1.11,1,683,0,4440253,0.68,0.91,2,551,0
E02373,E00521,shared_director,0.57,19,5933432,0.37,1.9,3,782,0,6925931,0.67,1.59,2,793,0
E00823,E00521,supplier,0.52,7,3833284,0.51,1.7,2,819,0,6925931,0.67,1.59,2,793,0
E01062,E00521,parent_company,0.38,11,6521809,0.85,0.85,0,680,0,6925931,0.67,1.59,2,793,0
E00192,E00521,co-investor,0.51,38,6265883,0.8,1.96,1,613,0,6925931,0.67,1.59,2,793,0
E02373,E01167,supplier,0.24,30,5933432,0.37,1.9,3,782,0,3532424,0.67,1.86,3,599,1
E00288,E01167,parent_company,0.94,20,5843369,0.16,0.61,3,663,0,3532424,0.67,1.86,3,599,1
E00310,E01167,co-investor,0.44,29,2299503,0.92,1.87,1,779,0,3532424,0.67,1.86,3,599,1
E01407,E01167,parent_company,0.37,29,7910042,0.58,1.27,2,730,0,3532424,0.67,1.86,3,599,1
E02806,E01390,shared_director,0.22,19,5945326,0.43,1.79,2,643,0,7364907,0.42,1.38,0,583,0
E00343,E01390,supplier,0.33,22,4555174,0.18,1.58,2,532,0,7364907,0.42,1.38,0,583,0
E02806,E00838,co-investor,0.57,17,5945326,0.43,1.79,2,643,0,5295398,0.33,1.73,3,610,0
E00140,E00838,shared_director,0.11,13,6053874,0.82,1.88,2,805,0,5295398,0.33,1.73,3,610,0
E00849,E00838,supplier,0.1,3,7427462,0.95,1.61,1,678,0,5295398,0.33,1.73,3,610,0
E02806,E00123,parent_company,0.4,26,5945326,0.43,1.79,2,643,0,1493061,0.39,1.56,1,759,0
E02676,E00123,supplier,0.4,17,1822363,0.34,1.97,2,595,0,1493061,0.39,1.56,1,759,0
E00075,E00123,supplier,0.55,34,4770311,0.3,1.75,0,557,0,1493061,0.39,1.56,1,759,0
E00666,E00123,shared_director,0.28,26,3638225,0.53,1.38,3,798,0,1493061,0.39,1.56,1,759,0
E00113,E00123,supplier,0.36,21,1660441,0.91,1.09,0,704,0,1493061,0.39,1.56,1,759,0
E01408,E00123,parent_company,0.8,28,5006168,0.67,1.92,1,651,0,1493061,0.39,1.56,1,759,0
E02806,E02090,shared_director,0.5,30,5945326,0.43,1.79,2,643,0,5661146,0.77,1.2,1,670,0
E02629,E02010,shared_director,0.25,23,3908314,0.21,1.22,1,506,1,8052372,0.53,1.59,2,557,0
E02269,E02010,supplier,0.84,20,4910513,0.24,1.33,0,633,0,8052372,0.53,1.59,2,557,0
E00922,E02010,co-investor,0.3,41,6601873,0.14,1.2,0,570,0,8052372,0.53,1.59,2,557,0
E02629,E01741,supplier,0.81,49,3908314,0.21,1.22,1,506,1,5487274,0.26,0.76,1,581,1
E00425,E01741,supplier,0.29,12,4260956,0.43,1.55,1,642,0,5487274,0.26,0.76,1,581,1
E00322,E01741,supplier,0.17,50,4190668,0.79,0.95,1,607,0,5487274,0.26,0.76,1,581,1
E02342,E01741,parent_company,0.15,11,6398027,0.91,1.98,1,811,0,5487274,0.26,0.76,1,581,1
E01241,E01741,co-investor,0.77,8,8042796,0.58,0.77,0,672,0,5487274,0.26,0.76,1,581,1
E02629,E02555,co-investor,0.4,2,3908314,0.21,1.22,1,506,1,8396185,0.12,1.4,3,525,0
E02354,E02555,co-investor,0.86,20,1230427,0.47,1.05,3,590,0,8396185,0.12,1.4,3,525,0
E02629,E01408,supplier,0.77,33,3908314,0.21,1.22,1,506,1,5006168,0.67,1.92,1,651,0
E00783,E01408,shared_director,0.69,21,7284652,0.3,0.74,0,766,0,5006168,0.67,1.92,1,651,0
E02629,E02278,shared_director,0.54,32,3908314,0.21,1.22,1,506,1,5442983,0.2,1.02,2,847,0
E02176,E02278,supplier,0.38,23,2722865,0.24,0.76,0,810,0,5442983,0.2,1.02,2,847,0
E00793,E02278,shared_director,0.11,18,3719013,0.74,1.6,2,764,0,5442983,0.2,1.02,2,847,0
E02383,E02278,co-investor,0.83,11,1511338,0.49,1.3,2,636,0,5442983,0.2,1.02,2,847,0
E01602,E02278,shared_director,0.9,50,6661704,0.28,2.0,0,834,0,5442983,0.2,1.02,2,847,0
E01809,E02278,shared_director,0.61,48,4570179,0.5,1.05,1,730,0,5442983,0.2,1.02,2,847,0
E01801,E02278,shared_director,0.5,8,7997165,0.39,1.84,3,767,0,5442983,0.2,1.02,2,847,0
E00694,E01022,parent_company,0.21,19,1797961,0.71,0.93,4,775,0,6204954,0.2,0.68,2,802,0
E00237,E01022,supplier,0.51,24,4668553,0.25,1.25,1,708,0,6204954,0.2,0.68,2,802,0
E01062,E01022,co-investor,0.62,33,6521809,0.85,0.85,0,680,0,6204954,0.2,0.68,2,802,0
E00806,E01022,supplier,0.4,42,2344163,0.49,1.7,5,781,0,6204954,0.2,0.68,2,802,0
E00694,E01146,supplier,0.95,2,1797961,0.71,0.93,4,775,0,3946489,0.12,0.93,1,568,0
E00688,E01146,parent_company,0.8,22,3220507,0.45,1.11,2,568,0,3946489,0.12,0.93,1,568,0
E02742,E01146,co-investor,0.76,28,2643119,0.4,1.25,2,664,0,3946489,0.12,0.93,1,568,0
E00694,E01114,co-investor,0.64,17,1797961,0.71,0.93,4,775,0,6048529,0.88,1.38,2,661,0
E01597,E01114,co-investor,0.53,49,5053362,0.12,0.96,0,586,0,6048529,0.88,1.38,2,661,0
E02738,E00199,supplier,0.47,41,2650317,0.11,1.87,1,624,0,7258138,0.42,1.48,2,679,0
E02173,E00199,shared_director,0.85,31,4236951,0.78,1.1,2,841,0,7258138,0.42,1.48,2,679,0
E01644,E00199,co-investor,0.94,4,8966772,0.47,1.83,1,759,0,7258138,0.42,1.48,2,679,0
E02243,E00199,co-investor,0.42,23,5232346,0.61,1.67,1,514,0,7258138,0.42,1.48,2,679,0
E02738,E02420,co-investor,0.78,9,2650317,0.11,1.87,1,624,0,3972322,0.28,1.77,3,550,0
E02275,E02420,co-investor,0.29,29,3801267,0.31,0.82,2,636,0,3972322,0.28,1.77,3,550,0
E00449,E02420,parent_company,0.76,1,1734095,0.49,1.32,1,512,0,3972322,0.28,1.77,3,550,0
E00048,E02420,co-investor,0.85,33,3834398,0.25,1.1,2,753,0,3972322,0.28,1.77,3,550,0
E02738,E00427,shared_director,0.37,8,2650317,0.11,1.87,1,624,0,2936847,0.4,0.94,2,711,0
E01497,E00427,supplier,0.84,21,3515987,0.84,1.74,0,670,0,2936847,0.4,0.94,2,711,0
E00948,E00279,parent_company,0.11,33,4610109,0.51,1.37,1,685,0,7411256,0.46,0.55,1,612,0
E00035,E00279,supplier,0.47,34,5500487,0.92,1.05,1,804,0,7411256,0.46,0.55,1,612,0
E00596,E00279,shared_director,0.56,5,5444565,0.62,1.7,3,603,0,7411256,0.46,0.55,1,612,0
E00948,E00013,supplier,0.35,15,4610109,0.51,1.37,1,685,0,4145184,0.36,0.69,1,591,0
E00411,E00013,shared_director,0.88,26,5551021,0.38,1.54,1,695,0,4145184,0.36,0.69,1,591,0
E01868,E01869,co-investor,0.43,44,928938,0.16,1.92,1,842,0,6076648,0.52,1.85,1,805,0
E01806,E01869,shared_director,0.64,30,6852124,0.75,1.89,1,533,1,6076648,0.52,1.85,1,805,0
E01250,E01869,parent_company,0.43,24,6517877,0.85,0.72,3,726,0,6076648,0.52,1.85,1,805,0
E02526,E01980,shared_director,0.11,35,6868855,0.42,1.08,1,757,0,6881392,0.68,0.85,3,791,0
E02508,E01980,shared_director,0.47,36,3985457,0.13,0.96,1,515,1,6881392,0.68,0.85,3,791,0
E01869,E01980,co-investor,0.43,10,6076648,0.52,1.85,1,805,0,6881392,0.68,0.85,3,791,0
E01384,E01980,parent_company,0.92,22,6713234,0.88,0.8,1,718,0,6881392,0.68,0.85,3,791,0
E02526,E02921,shared_director,0.2,45,6868855,0.42,1.08,1,757,0,7285399,0.84,1.89,0,579,0
E00017,E02921,supplier,0.4,18,7771806,0.95,1.47,1,594,0,7285399,0.84,1.89,0,579,0
E02526,E02881,co-investor,0.32,21,6868855,0.42,1.08,1,757,0,3168150,0.64,0.85,2,603,0
E00436,E02881,parent_company,0.74,26,6128554,0.77,0.51,0,798,0,3168150,0.64,0.85,2,603,0
E00568,E02881,shared_director,0.27,24,1934408,0.94,0.68,1,535,0,3168150,0.64,0.85,2,603,0
E02464,E02881,parent_company,0.7,15,5701885,0.59,1.58,1,732,0,3168150,0.64,0.85,2,603,0
E02260,E01685,supplier,0.12,47,4476589,0.37,0.93,2,535,0,2875405,0.25,1.29,1,536,0
E02630,E01685,parent_company,0.15,24,3259487,0.58,1.17,1,522,1,2875405,0.25,1.29,1,536,0
E01800,E01685,co-investor,0.73,6,3374544,0.96,1.1,2,775,0,2875405,0.25,1.29,1,536,0
E02260,E01102,supplier,0.56,14,4476589,0.37,0.93,2,535,0,7514119,0.42,1.52,1,713,0
E00569,E01102,co-investor,0.34,10,7890769,0.93,0.91,1,747,1,7514119,0.42,1.52,1,713,0
E02179,E01102,shared_director,0.27,5,6762366,0.83,1.66,2,563,1,7514119,0.42,1.52,1,713,0
E00989,E01102,co-investor,0.88,2,2779200,0.36,0.57,1,619,1,7514119,0.42,1.52,1,713,0
E02423,E01102,shared_director,0.14,40,5321154,0.26,1.26,3,555,0,7514119,0.42,1.52,1,713,0
E02260,E00642,shared_director,0.94,28,4476589,0.37,0.93,2,535,0,7208098,0.97,1.17,1,563,0
E00638,E00642,supplier,0.63,16,3455391,0.6,1.95,1,805,0,7208098,0.97,1.17,1,563,0
E02260,E02592,shared_director,0.66,25,4476589,0.37,0.93,2,535,0,6085656,0.68,0.65,6,654,0
E00884,E02592,shared_director,0.12,44,7893007,0.62,1.22,0,532,0,6085656,0.68,0.65,6,654,0
E01126,E02195,co-investor,0.12,45,6668465,0.6,1.47,0,598,0,2628278,0.42,0.61,0,626,0
E01709,E02195,shared_director,0.99,20,7163884,0.46,1.33,3,624,0,2628278,0.42,0.61,0,626,0
E02233,E02195,co-investor,0.17,32,5883972,0.18,1.73,2,632,0,2628278,0.42,0.61,0,626,0
E01126,E02822,parent_company,0.35,43,6668465,0.6,1.47,0,598,0,7416695,0.16,1.98,2,836,0
E01557,E02822,parent_company,0.63,11,5651414,0.94,1.33,0,508,0,7416695,0.16,1.98,2,836,0
E01126,E00196,shared_director,0.51,19,6668465,0.6,1.47,0,598,0,5267695,0.59,0.74,2,656,1
E02329,E00196,supplier,0.93,33,2809198,0.57,0.9,2,717,0,5267695,0.59,0.74,2,656,1
E00327,E00196,co-investor,0.43,34,4039736,0.28,1.14,0,726,0,5267695,0.59,0.74,2,656,1
E01126,E00358,co-investor,0.1,25,6668465,0.6,1.47,0,598,0,4942150,0.98,1.92,2,612,0
E01750,E00358,co-investor,0.33,21,6544189,0.59,0.85,1,571,0,4942150,0.98,1.92,2,612,0
E02242,E00358,shared_director,0.18,21,7390278,0.24,1.56,1,660,0,4942150,0.98,1.92,2,612,0
E02761,E01764,parent_company,0.2,7,5345053,0.91,1.81,1,779,0,6863959,0.66,1.86,3,558,0
E00863,E01764,co-investor,0.62,40,5988886,0.47,1.27,0,737,0,6863959,0.66,1.86,3,558,0
E00312,E01764,co-investor,0.15,12,5427260,0.84,1.5,0,651,0,6863959,0.66,1.86,3,558,0
E02761,E00894,supplier,0.16,43,5345053,0.91,1.81,1,779,0,811758,0.5,0.7,2,685,0
E01058,E00894,shared_director,0.33,8,5966850,0.33,1.58,0,683,0,811758,0.5,0.7,2,685,0
E01268,E00894,co-investor,0.71,32,2810826,0.79,1.28,1,627,0,811758,0.5,0.7,2,685,0
E01016,E00894,shared_director,0.15,32,5147540,0.33,1.48,3,545,0,811758,0.5,0.7,2,685,0
E02148,E00985,supplier,0.21,35,4317784,0.78,1.07,0,631,0,4780901,0.72,1.97,3,757,0
E01466,E00985,co-investor,0.22,45,8963383,0.79,1.97,1,849,0,4780901,0.72,1.97,3,757,0
E00755,E00985,parent_company,0.91,12,3985784,0.88,0.73,0,516,0,4780901,0.72,1.97,3,757,0
E01854,E00985,supplier,0.22,27,3760888,0.35,1.13,4,558,0,4780901,0.72,1.97,3,757,0
E02148,E02504,shared_director,0.38,15,4317784,0.78,1.07,0,631,0,4550508,0.7,1.73,1,527,1
E00858,E02504,co-investor,0.96,41,4828213,0.76,1.38,2,675,0,4550508,0.7,1.73,1,527,1
E00394,E02504,parent_company,0.22,5,4193420,0.41,1.03,3,749,0,4550508,0.7,1.73,1,527,1
E01034,E01452,co-investor,0.82,6,3528283,0.68,1.94,1,738,0,2934261,0.97,1.06,0,742,0
E01762,E01452,supplier,0.42,40,4696889,0.46,1.93,2,846,0,2934261,0.97,1.06,0,742,0
E01929,E01452,supplier,0.1,33,4707826,0.52,1.68,0,640,0,2934261,0.97,1.06,0,742,0
E00451,E01452,supplier,0.71,45,6600996,0.43,1.08,2,664,0,2934261,0.97,1.06,0,742,0
E01034,E00153,supplier,0.77,17,3528283,0.68,1.94,1,738,0,1951969,0.77,1.56,0,584,0
E01769,E00153,parent_company,0.3,9,6082113,0.87,0.64,0,736,0,1951969,0.77,1.56,0,584,0
E02481,E00153,shared_director,0.68,30,4548686,0.47,0.5,3,791,0,1951969,0.77,1.56,0,584,0
E02142,E00153,shared_director,0.83,41,4701989,0.68,1.24,1,792,0,1951969,0.77,1.56,0,584,0
E01529,E01664,shared_director,0.61,45,6961706,0.87,0.98,0,716,0,4262408,0.77,1.15,2,543,0
E00722,E01664,shared_director,0.64,31,5127913,0.45,0.98,2,599,0,4262408,0.77,1.15,2,543,0
E00095,E01664,supplier,0.93,25,4821557,0.22,1.26,3,714,0,4262408,0.77,1.15,2,543,0
E01568,E01664,shared_director,0.49,14,6239852,0.46,0.94,1,664,0,4262408,0.77,1.15,2,543,0
E02469,E01664,co-investor,0.37,7,5303755,0.46,0.65,3,638,0,4262408,0.77,1.15,2,543,0
E00604,E01664,co-investor,0.59,10,5278430,0.86,1.03,1,600,0,4262408,0.77,1.15,2,543,0
E01935,E01664,shared_director,0.22,36,815785,0.79,1.75,2,610,1,4262408,0.77,1.15,2,543,0
E01529,E02100,supplier,0.86,11,6961706,0.87,0.98,0,716,0,6120962,0.45,1.84,3,762,0
E00127,E02100,co-investor,0.26,8,4328569,0.87,1.2,0,743,0,6120962,0.45,1.84,3,762,0
E01506,E02100,parent_company,0.54,25,4703554,0.54,0.76,2,587,0,6120962,0.45,1.84,3,762,0
E01503,E02100,shared_director,0.47,22,8095999,0.72,1.97,3,773,1,6120962,0.45,1.84,3,762,0
E01529,E02462,co-investor,0.53,26,6961706,0.87,0.98,0,716,0,3876824,0.84,0.78,2,562,1
E00389,E02462,supplier,0.23,19,5744262,0.52,1.27,1,557,0,3876824,0.84,0.78,2,562,1
E00317,E02462,shared_director,0.25,26,7417963,0.87,0.95,1,743,0,3876824,0.84,0.78,2,562,1
E00825,E02462,parent_company,0.17,17,7911237,0.96,1.97,1,664,0,3876824,0.84,0.78,2,562,1
E01529,E00321,shared_director,0.86,10,6961706,0.87,0.98,0,716,0,4627255,0.56,1.61,1,787,0
E00230,E00321,parent_company,0.92,48,3390426,0.28,1.57,1,595,0,4627255,0.56,1.61,1,787,0
E01529,E01614,parent_company,0.99,45,6961706,0.87,0.98,0,716,0,2831617,0.54,0.72,1,587,0
E02851,E01614,supplier,0.92,15,247134,0.54,1.75,3,510,0,2831617,0.54,0.72,1,587,0
E01110,E01614,shared_director,0.75,43,3419867,0.21,0.7,1,768,0,2831617,0.54,0.72,1,587,0
E00926,E02269,shared_director,0.36,28,4729514,0.54,1.78,2,675,0,4910513,0.24,1.33,0,633,0
E01238,E02269,supplier,0.83,26,581696,0.84,1.33,1,574,1,4910513,0.24,1.33,0,633,0
E00533,E02269,shared_director,0.26,43,7010285,0.57,0.56,1,555,1,4910513,0.24,1.33,0,633,0
E01975,E02269,supplier,0.6,9,4819750,0.16,0.94,3,703,1,4910513,0.24,1.33,0,633,0
E00505,E02269,parent_company,0.28,21,4732840,0.4,1.65,0,752,0,4910513,0.24,1.33,0,633,0
E02498,E02269,co-investor,0.64,11,7522636,0.95,1.3,0,699,0,4910513,0.24,1.33,0,633,0
E01690,E02269,parent_company,0.19,26,2729078,0.2,1.4,1,693,0,4910513,0.24,1.33,0,633,0
E00926,E02523,parent_company,0.22,9,4729514,0.54,1.78,2,675,0,1532347,0.88,1.16,1,532,0
E01433,E02523,co-investor,0.2,39,3702172,0.75,1.43,1,776,0,1532347,0.88,1.16,1,532,0
E01633,E02523,parent_company,0.68,26,5812954,0.81,0.8,2,790,1,1532347,0.88,1.16,1,532,0
E01350,E02523,co-investor,0.61,22,2654816,0.18,1.96,0,816,0,1532347,0.88,1.16,1,532,0
E00130,E00657,parent_company,0.95,43,6344514,0.23,0.78,2,509,0,5925252,0.22,0.66,0,570,1
E02062,E00657,supplier,0.46,28,5983084,0.78,0.65,1,686,0,5925252,0.22,0.66,0,570,1
E00120,E00657,co-investor,0.91,50,2173951,0.54,1.67,2,827,0,5925252,0.22,0.66,0,570,1
E01743,E00657,parent_company,0.21,10,3007216,0.86,0.93,3,752,0,5925252,0.22,0.66,0,570,1
E00072,E00657,supplier,0.61,40,5298573,0.31,0.82,3,693,0,5925252,0.22,0.66,0,570,1
E02089,E00657,supplier,0.5,38,6933520,0.95,0.78,1,605,0,5925252,0.22,0.66,0,570,1
E00424,E00657,co-investor,0.95,19,9365014,0.4,0.95,3,777,0,5925252,0.22,0.66,0,570,1
E01950,E00230,supplier,0.73,6,3421109,0.75,1.54,4,784,0,3390426,0.28,1.57,1,595,0
E01950,E02836,parent_company,0.29,41,3421109,0.75,1.54,4,784,0,8870640,0.27,1.5,1,832,0
E02350,E02836,supplier,0.79,14,6847940,0.21,1.31,1,661,0,8870640,0.27,1.5,1,832,0
E02464,E02836,supplier,0.2,23,5701885,0.59,1.58,1,732,0,8870640,0.27,1.5,1,832,0
E02048,E01778,co-investor,0.61,7,3780864,0.27,1.88,1,671,0,3943926,0.42,1.9,2,625,0
E02546,E01778,shared_director,0.8,48,259495,0.58,1.94,3,726,0,3943926,0.42,1.9,2,625,0
E01890,E01778,shared_director,0.2,2,2765851,0.13,1.71,2,779,0,3943926,0.42,1.9,2,625,0
E02048,E02507,supplier,0.66,20,3780864,0.27,1.88,1,671,0,4252675,0.66,0.5,0,589,1
E00792,E02507,co-investor,0.84,2,6598998,0.51,0.94,0,676,0,4252675,0.66,0.5,0,589,1
E01776,E02507,shared_director,0.44,40,4010438,0.37,1.4,2,614,0,4252675,0.66,0.5,0,589,1
E01105,E02507,co-investor,0.97,12,4793953,0.71,0.53,0,540,0,4252675,0.66,0.5,0,589,1
E01634,E02507,co-investor,0.69,13,1840768,0.56,1.88,3,595,0,4252675,0.66,0.5,0,589,1
E02048,E01310,co-investor,0.13,45,3780864,0.27,1.88,1,671,0,6807845,0.34,1.09,3,551,0
E02048,E00496,supplier,0.51,21,3780864,0.27,1.88,1,671,0,3624913,0.76,0.77,2,735,0
E01539,E00496,supplier,0.28,49,4208342,0.42,1.49,2,692,0,3624913,0.76,0.77,2,735,0
E02296,E00496,parent_company,0.41,12,3770099,0.87,1.57,1,628,1,3624913,0.76,0.77,2,735,0
E02201,E00496,supplier,0.49,47,4171757,0.82,1.81,3,634,0,3624913,0.76,0.77,2,735,0
E02164,E00175,parent_company,0.29,45,3590263,0.33,1.27,0,507,1,1884095,0.85,0.77,0,737,0
E00517,E00175,shared_director,0.17,44,6094431,0.49,0.75,0,796,0,1884095,0.85,0.77,0,737,0
E02513,E00175,parent_company,0.85,16,4282468,0.44,1.62,2,794,0,1884095,0.85,0.77,0,737,0
E01668,E00175,supplier,0.72,32,6481181,0.24,1.27,1,638,0,1884095,0.85,0.77,0,737,0
E01997,E00175,shared_director,0.99,3,7578793,0.74,1.1,1,621,0,1884095,0.85,0.77,0,737,0
E00439,E00175,shared_director,0.67,20,7182092,0.41,1.96,2,672,0,1884095,0.85,0.77,0,737,0
E00064,E00175,shared_director,0.24,20,1310189,0.7,0.66,2,669,0,1884095,0.85,0.77,0,737,0
E02164,E00078,shared_director,0.62,36,3590263,0.33,1.27,0,507,1,2785791,0.55,1.34,1,788,0
E00737,E00078,co-investor,0.81,16,3622666,0.64,1.22,1,698,0,2785791,0.55,1.34,1,788,0
E02164,E02914,supplier,0.62,44,3590263,0.33,1.27,0,507,1,3343205,0.7,0.69,2,781,1
E02865,E02914,co-investor,0.96,24,4024013,0.95,0.51,0,742,0,3343205,0.7,0.69,2,781,1
E01214,E02914,supplier,0.42,16,4639020,0.91,1.74,1,736,0,3343205,0.7,0.69,2,781,1
E02322,E01948,co-investor,0.14,5,2441259,0.53,0.55,0,685,0,3166230,0.34,0.61,3,642,0
E00438,E01948,co-investor,0.94,45,5423189,0.48,0.97,2,526,0,3166230,0.34,0.61,3,642,0
E01855,E01948,parent_company,0.62,8,5307663,0.98,1.91,2,660,0,3166230,0.34,0.61,3,642,0
E02322,E01594,co-investor,0.45,48,2441259,0.53,0.55,0,685,0,5082758,0.78,0.91,2,791,1
E01937,E01594,co-investor,0.94,11,7683401,0.63,0.79,0,682,1,5082758,0.78,0.91,2,791,1
E00407,E01594,co-investor,0.35,19,6977765,0.92,1.81,2,592,0,5082758,0.78,0.91,2,791,1
E02322,E01785,shared_director,0.96,41,2441259,0.53,0.55,0,685,0,3714485,0.43,1.91,2,591,0
E01843,E01785,co-investor,0.78,45,8229953,0.77,0.93,4,518,0,3714485,0.43,1.91,2,591,0
E02401,E01785,co-investor,0.4,21,7307126,0.45,1.3,1,561,0,3714485,0.43,1.91,2,591,0
E02804,E01149,supplier,0.26,21,6063489,0.24,1.27,2,591,0,5679028,0.84,0.6,4,650,0
E01274,E01149,shared_director,0.87,44,3613626,0.33,1.89,1,609,0,5679028,0.84,0.6,4,650,0
E02804,E01720,parent_company,0.64,12,6063489,0.24,1.27,2,591,0,2555576,0.46,1.03,3,503,0
E02269,E01720,co-investor,0.1,13,4910513,0.24,1.33,0,633,0,2555576,0.46,1.03,3,503,0
E00486,E01720,shared_director,0.11,4,7445001,0.1,1.31,2,693,0,2555576,0.46,1.03,3,503,0
E02128,E01720,parent_company,0.62,22,7661734,0.2,1.47,4,747,0,2555576,0.46,1.03,3,503,0
E02804,E00969,supplier,0.71,22,6063489,0.24,1.27,2,591,0,5710044,0.32,1.56,0,759,0
E00722,E00969,co-investor,0.83,45,5127913,0.45,0.98,2,599,0,5710044,0.32,1.56,0,759,0
E01612,E00969,supplier,0.46,16,2461209,0.21,1.6,1,536,0,5710044,0.32,1.56,0,759,0
E01392,E00969,shared_director,0.58,45,5899311,0.53,1.37,0,645,0,5710044,0.32,1.56,0,759,0
E02804,E01576,supplier,0.54,8,6063489,0.24,1.27,2,591,0,5449251,0.2,1.59,0,517,0
E00065,E00849,parent_company,0.78,46,2965615,0.71,1.1,0,674,0,7427462,0.95,1.61,1,678,0
E00367,E00849,shared_director,0.24,49,7498403,0.9,1.48,0,685,0,7427462,0.95,1.61,1,678,0
E02548,E00849,co-investor,0.72,6,2627861,0.81,1.16,1,509,0,7427462,0.95,1.61,1,678,0
E02559,E00849,shared_director,0.95,8,6050380,0.57,1.34,2,761,0,7427462,0.95,1.61,1,678,0
E02867,E00849,parent_company,0.55,33,1724790,0.89,1.52,2,516,0,7427462,0.95,1.61,1,678,0
E00898,E00849,co-investor,0.47,13,7914391,0.23,0.6,1,639,0,7427462,0.95,1.61,1,678,0
E01632,E00316,co-investor,0.25,16,3815466,0.82,0.83,0,846,1,5095908,0.32,1.6,4,524,0
E01984,E00316,co-investor,0.33,16,3880515,0.57,0.74,1,674,0,5095908,0.32,1.6,4,524,0
E02571,E00316,shared_director,0.51,24,4249012,0.8,1.92,2,664,0,5095908,0.32,1.6,4,524,0
E01766,E00316,co-investor,0.72,27,3685135,0.85,1.9,2,506,0,5095908,0.32,1.6,4,524,0
E01004,E00316,supplier,0.61,27,5304631,0.62,0.8,1,783,0,5095908,0.32,1.6,4,524,0
E01081,E00316,parent_company,0.71,1,3389256,0.68,1.39,3,640,0,5095908,0.32,1.6,4,524,0
E01632,E02052,parent_company,0.44,49,3815466,0.82,0.83,0,846,1,6235749,0.55,0.92,0,546,0
E00278,E02052,parent_company,0.37,46,3259553,0.11,0.57,1,556,0,6235749,0.55,0.92,0,546,0
E00574,E02824,supplier,0.55,23,6150937,0.53,1.58,2,733,0,3881340,0.14,1.55,1,638,0
E00793,E02824,shared_director,0.4,32,3719013,0.74,1.6,2,764,0,3881340,0.14,1.55,1,638,0
E01293,E02824,supplier,0.11,14,1742219,0.92,1.24,1,840,1,3881340,0.14,1.55,1,638,0
E00844,E02824,supplier,0.93,1,6826000,0.4,1.01,0,681,0,3881340,0.14,1.55,1,638,0
E00574,E00105,shared_director,1.0,17,6150937,0.53,1.58,2,733,0,6627727,0.31,0.68,0,623,0
E02699,E00105,co-investor,0.67,48,4999761,0.54,1.73,1,666,0,6627727,0.31,0.68,0,623,0
E01067,E00105,shared_director,0.82,44,5383041,0.68,1.91,1,630,0,6627727,0.31,0.68,0,623,0
E01777,E00105,parent_company,0.58,50,4411470,0.67,1.21,2,613,0,6627727,0.31,0.68,0,623,0
E00574,E02920,co-investor,0.19,8,6150937,0.53,1.58,2,733,0,3957197,0.33,1.23,2,618,0
E01252,E02920,co-investor,0.48,25,6273192,0.25,1.3,1,688,0,3957197,0.33,1.23,2,618,0
E00164,E02920,shared_director,0.32,40,1961640,0.85,0.79,0,590,1,3957197,0.33,1.23,2,618,0
E01720,E02920,shared_director,0.63,19,2555576,0.46,1.03,3,503,0,3957197,0.33,1.23,2,618,0
E00574,E00675,co-investor,0.43,50,6150937,0.53,1.58,2,733,0,3932181,0.22,1.98,3,690,0
E02153,E00675,supplier,0.78,8,5577307,0.47,0.83,3,799,0,3932181,0.22,1.98,3,690,0
E01333,E00675,co-investor,0.91,31,5583723,0.43,1.24,2,791,0,3932181,0.22,1.98,3,690,0
E00597,E00675,parent_company,0.93,1,5320952,0.21,1.12,1,528,0,3932181,0.22,1.98,3,690,0
E01888,E00675,co-investor,0.99,22,5659958,0.64,1.33,1,556,0,3932181,0.22,1.98,3,690,0
E02319,E00675,parent_company,0.66,27,6982517,0.15,1.53,2,818,0,3932181,0.22,1.98,3,690,0
E00220,E00401,shared_director,0.31,5,3633136,0.33,1.27,1,778,0,4461627,0.32,1.0,1,529,0
E02745,E00401,shared_director,0.52,25,4823911,0.88,0.71,1,561,1,4461627,0.32,1.0,1,529,0
E01515,E00401,supplier,0.68,47,6557959,0.17,1.09,2,665,0,4461627,0.32,1.0,1,529,0
E00220,E00392,supplier,0.6,18,3633136,0.33,1.27,1,778,0,3857990,0.2,1.86,4,518,0
E00220,E02063,shared_director,0.31,40,3633136,0.33,1.27,1,778,0,3923925,0.74,1.04,1,509,1
E02539,E02063,shared_director,0.63,35,6354719,0.36,1.35,3,706,0,3923925,0.74,1.04,1,509,1
E00335,E02063,supplier,0.2,43,1598012,0.25,0.63,2,731,0,3923925,0.74,1.04,1,509,1
E00953,E02063,supplier,0.31,40,2777173,0.28,1.14,0,838,0,3923925,0.74,1.04,1,509,1
E00220,E01342,supplier,0.18,37,3633136,0.33,1.27,1,778,0,5481849,0.82,1.1,1,843,0
E00585,E01342,shared_director,0.76,11,1175793,0.31,1.17,2,500,0,5481849,0.82,1.1,1,843,0
E01129,E01342,supplier,0.67,34,3067375,0.92,1.52,2,643,0,5481849,0.82,1.1,1,843,0
E00872,E01342,parent_company,0.53,33,6800457,0.56,0.54,1,598,0,5481849,0.82,1.1,1,843,0
E00220,E01790,co-investor,0.84,11,3633136,0.33,1.27,1,778,0,3674431,0.79,1.31,1,524,0
E00171,E01790,co-investor,0.48,47,5359690,0.85,0.52,2,662,0,3674431,0.79,1.31,1,524,0
E01321,E01790,parent_company,0.29,45,2873195,0.35,0.66,3,582,0,3674431,0.79,1.31,1,524,0
E00220,E01389,supplier,0.39,22,3633136,0.33,1.27,1,778,0,6394205,0.66,1.56,1,605,0
E00904,E01389,shared_director,0.19,32,3328475,0.18,1.62,2,644,0,6394205,0.66,1.56,1,605,0
E02440,E01389,parent_company,0.55,22,7759677,0.48,1.14,3,604,0,6394205,0.66,1.56,1,605,0
E01396,E00760,shared_director,0.27,14,4951944,0.82,0.69,0,501,0,6524396,0.73,0.86,1,724,0
E01396,E00970,supplier,0.18,17,4951944,0.82,0.69,0,501,0,4557773,0.16,1.38,1,762,0
E00757,E00970,shared_director,0.93,49,7415618,0.53,1.99,2,808,0,4557773,0.16,1.38,1,762,0
E01396,E00916,co-investor,0.58,46,4951944,0.82,0.69,0,501,0,7624817,0.39,0.77,1,556,0
E01314,E00916,supplier,0.27,20,922077,0.41,1.4,0,553,1,7624817,0.39,0.77,1,556,0
E01396,E01006,supplier,0.2,38,4951944,0.82,0.69,0,501,0,8623009,0.61,0.6,4,822,0
E00211,E01006,parent_company,0.91,7,3698830,0.64,1.43,1,681,0,8623009,0.61,0.6,4,822,0
E01962,E01006,shared_director,0.64,30,6916953,0.92,1.19,1,542,0,8623009,0.61,0.6,4,822,0
E00122,E01793,shared_director,0.19,10,660244,0.32,1.74,1,659,0,6896892,0.61,0.69,3,640,0
E02418,E01793,supplier,0.33,31,8914349,0.47,0.67,2,525,0,6896892,0.61,0.69,3,640,0
E02168,E01793,parent_company,0.28,40,4074368,0.62,0.89,0,540,1,6896892,0.61,0.69,3,640,0
E01397,E01793,shared_director,0.39,9,1719466,0.51,0.61,1,831,0,6896892,0.61,0.69,3,640,0
E02010,E02285,parent_company,0.74,3,8052372,0.53,1.59,2,557,0,7399276,0.51,1.79,2,538,0
E01897,E02285,supplier,0.33,33,3663858,0.61,1.14,1,746,0,7399276,0.51,1.79,2,538,0
E00161,E02285,shared_director,0.56,41,5190641,0.86,1.6,0,637,1,7399276,0.51,1.79,2,538,0
E01833,E02285,parent_company,0.7,33,8136479,0.27,0.69,0,690,0,7399276,0.51,1.79,2,538,0
E01919,E02285,parent_company,0.45,6,5224209,0.42,2.0,5,770,0,7399276,0.51,1.79,2,538,0
E00478,E02285,parent_company,0.47,29,5508347,0.53,0.57,4,784,0,7399276,0.51,1.79,2,538,0
E01769,E02877,shared_director,0.66,46,6082113,0.87,0.64,0,736,0,100000,0.91,2.0,1,513,0
E00863,E02877,shared_director,0.41,44,5988886,0.47,1.27,0,737,0,100000,0.91,2.0,1,513,0
E01230,E02877,shared_director,0.28,19,8062647,0.82,1.31,4,533,0,100000,0.91,2.0,1,513,0
E00871,E02877,shared_director,0.2,30,5657304,0.73,1.47,2,523,0,100000,0.91,2.0,1,513,0
E02356,E02877,shared_director,0.78,42,8425335,0.64,1.54,0,624,0,100000,0.91,2.0,1,513,0
E01309,E02877,supplier,0.65,38,5479153,0.19,1.97,1,599,0,100000,0.91,2.0,1,513,0
E02007,E02877,parent_company,0.63,2,2711477,0.8,0.94,2,815,1,100000,0.91,2.0,1,513,0
E01769,E02741,supplier,0.29,12,6082113,0.87,0.64,0,736,0,487500,0.59,1.02,2,526,0
E02617,E02741,shared_director,0.53,43,4427662,0.47,1.34,1,615,0,487500,0.59,1.02,2,526,0
E01729,E02741,co-investor,0.47,5,3575011,0.74,0.69,2,554,0,487500,0.59,1.02,2,526,0
E02727,E02741,parent_company,0.59,41,3961685,0.92,0.58,3,666,1,487500,0.59,1.02,2,526,0
E01189,E02741,parent_company,0.12,7,4486824,0.54,1.93,1,829,0,487500,0.59,1.02,2,526,0
E01210,E01371,parent_company,0.91,3,3844939,0.61,1.7,0,520,0,9666488,0.48,1.26,1,812,0
E00822,E01371,supplier,0.23,36,7449254,0.56,1.87,2,636,0,9666488,0.48,1.26,1,812,0
E01210,E00978,supplier,0.32,45,3844939,0.61,1.7,0,520,0,2737947,0.72,1.18,2,710,0
E02088,E00978,shared_director,0.1,34,9040098,0.89,1.44,4,601,0,2737947,0.72,1.18,2,710,0
E01229,E00978,shared_director,0.58,44,6544043,0.48,1.17,4,609,0,2737947,0.72,1.18,2,710,0
E01210,E00007,parent_company,0.56,16,3844939,0.61,1.7,0,520,0,8019542,0.48,0.82,1,736,0
E01347,E00007,parent_company,0.79,1,3669029,0.67,1.12,2,777,0,8019542,0.48,0.82,1,736,0
E00802,E00007,shared_director,0.89,26,4090359,0.8,1.38,3,525,0,8019542,0.48,0.82,1,736,0
E02015,E00007,supplier,0.16,45,5712005,0.92,0.66,2,828,0,8019542,0.48,0.82,1,736,0
E02364,E00007,co-investor,0.16,35,2982671,0.67,0.88,4,743,0,8019542,0.48,0.82,1,736,0
E01557,E02916,parent_company,0.77,21,5651414,0.94,1.33,0,508,0,4432630,0.26,0.71,0,586,0
E02536,E02916,shared_director,0.94,44,3902501,0.45,1.23,1,679,0,4432630,0.26,0.71,0,586,0
E01286,E02916,parent_company,0.28,40,4677311,0.84,1.5,0,520,1,4432630,0.26,0.71,0,586,0
E00320,E02916,shared_director,0.2,39,5817024,0.11,0.76,0,652,0,4432630,0.26,0.71,0,586,0
E00757,E02916,supplier,0.88,34,7415618,0.53,1.99,2,808,0,4432630,0.26,0.71,0,586,0
E00203,E02916,parent_company,0.25,8,2189680,0.89,1.63,1,751,1,4432630,0.26,0.71,0,586,0
E01557,E01350,shared_director,0.4,42,5651414,0.94,1.33,0,508,0,2654816,0.18,1.96,0,816,0
E01623,E01350,shared_director,0.78,31,3484015,0.73,1.28,4,800,1,2654816,0.18,1.96,0,816,0
E00069,E01350,parent_company,0.36,10,5001398,0.36,0.62,0,633,0,2654816,0.18,1.96,0,816,0
E01557,E00050,parent_company,0.97,27,5651414,0.94,1.33,0,508,0,358525,0.29,1.5,1,762,0
E00790,E00050,shared_director,0.27,27,7428958,0.26,1.34,2,587,0,358525,0.29,1.5,1,762,0
E01557,E02494,supplier,0.37,18,5651414,0.94,1.33,0,508,0,2696263,0.49,0.92,1,511,1
E00043,E02494,co-investor,0.96,25,10077382,0.63,1.0,1,731,0,2696263,0.49,0.92,1,511,1
E01899,E02494,parent_company,0.93,38,2708923,0.47,1.91,1,634,0,2696263,0.49,0.92,1,511,1
E01478,E02829,shared_director,0.82,6,5279553,0.81,1.41,1,803,1,1956806,0.58,0.52,1,767,1
E01653,E02829,co-investor,0.39,2,4278217,0.25,0.81,0,699,1,1956806,0.58,0.52,1,767,1
E00255,E02829,co-investor,0.28,35,5687237,0.14,1.29,4,675,0,1956806,0.58,0.52,1,767,1
E00280,E02829,parent_company,0.91,48,5686270,0.31,1.33,0,712,0,1956806,0.58,0.52,1,767,1
E02365,E02829,co-investor,0.92,43,4445367,0.35,1.28,0,731,0,1956806,0.58,0.52,1,767,1
E01822,E01475,co-investor,0.19,6,5840904,0.35,0.8,0,530,0,5406605,0.18,1.87,0,689,0
E02399,E01475,supplier,0.98,13,671380,0.91,1.69,1,510,1,5406605,0.18,1.87,0,689,0
E02853,E01475,co-investor,0.5,40,4604461,0.34,1.15,4,642,0,5406605,0.18,1.87,0,689,0
E01822,E01355,shared_director,0.73,37,5840904,0.35,0.8,0,530,0,2103887,0.76,1.79,2,814,1
E01822,E02596,supplier,0.33,32,5840904,0.35,0.8,0,530,0,3551506,0.38,1.86,2,780,0
E00681,E02596,co-investor,0.74,28,3501641,0.13,1.24,2,734,0,3551506,0.38,1.86,2,780,0
E01393,E02596,supplier,0.16,33,3465890,0.54,1.01,3,748,0,3551506,0.38,1.86,2,780,0
E00768,E02438,supplier,0.88,49,2762737,0.28,1.07,2,642,0,5855234,0.39,1.54,0,581,1
E01826,E02438,supplier,0.3,19,5379321,0.68,0.87,0,838,0,5855234,0.39,1.54,0,581,1
E01230,E02438,parent_company,0.6,12,8062647,0.82,1.31,4,533,0,5855234,0.39,1.54,0,581,1
E00768,E01361,shared_director,0.23,1,2762737,0.28,1.07,2,642,0,10431893,0.88,1.6,1,833,0
E00768,E00445,co-investor,0.75,28,2762737,0.28,1.07,2,642,0,1876386,0.61,0.55,1,633,0
E00542,E00445,supplier,0.28,33,6139900,0.25,1.13,2,747,0,1876386,0.61,0.55,1,633,0
E01701,E00445,shared_director,0.31,11,1823070,0.94,1.4,1,631,0,1876386,0.61,0.55,1,633,0
E01585,E00445,co-investor,0.69,46,5895723,0.59,1.05,3,548,1,1876386,0.61,0.55,1,633,0
E00768,E00540,co-investor,0.92,5,2762737,0.28,1.07,2,642,0,3132555,0.61,0.91,1,522,1
E00866,E00540,supplier,0.16,24,7150866,0.87,0.61,1,591,0,3132555,0.61,0.91,1,522,1
E02733,E00540,parent_company,0.89,40,4251639,0.97,1.75,3,780,0,3132555,0.61,0.91,1,522,1
E00287,E00540,supplier,0.3,8,6865993,0.31,1.17,3,612,0,3132555,0.61,0.91,1,522,1
E02202,E00540,shared_director,0.65,8,6611780,0.61,0.57,1,816,0,3132555,0.61,0.91,1,522,1
E00275,E00540,shared_director,0.67,31,6389522,0.19,1.63,1,693,0,3132555,0.61,0.91,1,522,1
E01672,E00424,supplier,0.18,36,7105057,0.33,1.9,4,605,0,9365014,0.4,0.95,3,777,0
E01672,E02477,parent_company,0.84,41,7105057,0.33,1.9,4,605,0,9700411,0.52,1.34,2,756,0
E02652,E02477,shared_director,0.25,13,5505179,0.94,0.59,5,792,0,9700411,0.52,1.34,2,756,0
E00188,E02477,shared_director,0.92,44,6237323,0.34,0.87,2,814,0,9700411,0.52,1.34,2,756,0
E00897,E02477,parent_company,0.21,45,1602301,0.88,1.16,0,651,0,9700411,0.52,1.34,2,756,0
E00178,E02477,parent_company,0.26,34,6065190,0.43,0.98,1,749,0,9700411,0.52,1.34,2,756,0
E01740,E02477,supplier,0.62,47,5538048,0.6,1.78,1,814,0,9700411,0.52,1.34,2,756,0
E02408,E02477,co-investor,0.9,41,4870664,0.31,0.68,0,534,1,9700411,0.52,1.34,2,756,0
E00382,E00703,supplier,0.71,12,4949221,0.37,0.89,0,521,0,4122825,0.82,0.85,2,822,0
E00382,E01265,supplier,0.98,49,4949221,0.37,0.89,0,521,0,8680434,0.49,1.49,1,626,0
E02489,E01265,parent_company,0.49,44,5146869,0.58,1.91,1,843,0,8680434,0.49,1.49,1,626,0
E02040,E01265,co-investor,0.2,15,6193565,0.93,1.89,2,782,0,8680434,0.49,1.49,1,626,0
E02689,E01265,supplier,0.56,28,7411912,0.47,0.76,6,520,0,8680434,0.49,1.49,1,626,0
E00382,E00911,shared_director,0.6,31,4949221,0.37,0.89,0,521,0,8261858,0.32,1.23,0,680,0
E02374,E00911,parent_company,0.92,1,6012733,0.45,1.68,0,786,0,8261858,0.32,1.23,0,680,0
E00486,E00911,parent_company,0.87,10,7445001,0.1,1.31,2,693,0,8261858,0.32,1.23,0,680,0
E01684,E00911,shared_director,0.86,16,7267246,0.61,1.91,1,846,0,8261858,0.32,1.23,0,680,0
E02268,E00911,parent_company,0.74,32,4588462,0.35,1.14,1,764,0,8261858,0.32,1.23,0,680,0
E00382,E02527,shared_director,0.35,15,4949221,0.37,0.89,0,521,0,4516500,0.77,0.88,2,512,1
E01404,E02527,co-investor,0.87,17,6217214,0.92,1.01,1,555,0,4516500,0.77,0.88,2,512,1
E02071,E02527,shared_director,0.21,15,3585413,0.62,1.14,1,617,0,4516500,0.77,0.88,2,512,1
E00239,E02527,co-investor,0.58,47,9619445,0.16,0.92,2,646,1,4516500,0.77,0.88,2,512,1
E00589,E02527,co-investor,0.92,26,3793352,0.2,1.66,4,592,0,4516500,0.77,0.88,2,512,1
E01548,E02527,co-investor,0.79,19,5103252,0.63,1.14,0,762,0,4516500,0.77,0.88,2,512,1
E00581,E02527,shared_director,0.41,25,3258854,0.18,0.89,1,773,0,4516500,0.77,0.88,2,512,1
E00884,E02527,parent_company,0.33,25,7893007,0.62,1.22,0,532,0,4516500,0.77,0.88,2,512,1
E00382,E00913,shared_director,0.7,5,4949221,0.37,0.89,0,521,0,3750420,0.91,1.68,3,602,0
E01429,E00913,supplier,0.48,5,5015928,0.97,0.69,1,687,0,3750420,0.91,1.68,3,602,0
E02501,E00913,parent_company,0.98,40,7992204,0.18,2.0,3,811,0,3750420,0.91,1.68,3,602,0
E01816,E00913,parent_company,0.11,46,4488317,0.57,1.55,0,658,0,3750420,0.91,1.68,3,602,0
E01196,E01695,shared_director,0.8,47,5214084,0.23,1.25,2,560,0,8604329,0.37,1.2,4,528,1
E01330,E01695,parent_company,0.89,38,2783670,0.74,0.85,2,799,0,8604329,0.37,1.2,4,528,1
E02708,E01695,supplier,0.97,35,4519694,0.43,0.56,6,501,0,8604329,0.37,1.2,4,528,1
E00736,E01695,shared_director,0.47,26,5834380,0.24,1.13,2,506,0,8604329,0.37,1.2,4,528,1
E02462,E01695,parent_company,0.24,50,3876824,0.84,0.78,2,562,1,8604329,0.37,1.2,4,528,1
E01196,E02731,supplier,0.73,47,5214084,0.23,1.25,2,560,0,949163,0.37,0.85,0,685,0
E01196,E01153,supplier,0.58,20,5214084,0.23,1.25,2,560,0,1229599,0.35,0.59,2,574,1
E01947,E01153,supplier,0.34,10,5503673,0.58,1.81,3,543,0,1229599,0.35,0.59,2,574,1
E01602,E01153,parent_company,0.74,46,6661704,0.28,2.0,0,834,0,1229599,0.35,0.59,2,574,1
E01031,E01153,parent_company,0.16,5,5634943,0.51,1.07,1,593,0,1229599,0.35,0.59,2,574,1
E00231,E01153,supplier,0.46,8,2987768,0.48,1.5,1,830,0,1229599,0.35,0.59,2,574,1
E02292,E00995,parent_company,0.72,11,3907481,0.76,0.75,0,742,0,3383160,0.7,0.88,2,773,0
E00188,E00995,parent_company,0.11,41,6237323,0.34,0.87,2,814,0,3383160,0.7,0.88,2,773,0
E00585,E00995,shared_director,0.46,5,1175793,0.31,1.17,2,500,0,3383160,0.7,0.88,2,773,0
E02893,E00995,supplier,0.45,21,4007895,0.39,0.79,3,715,0,3383160,0.7,0.88,2,773,0
E00845,E00995,co-investor,0.68,44,5608252,0.61,0.66,1,694,0,3383160,0.7,0.88,2,773,0
E00085,E00995,shared_director,0.78,9,5579684,0.29,1.99,2,760,0,3383160,0.7,0.88,2,773,0
E00313,E00995,co-investor,0.84,27,5533161,0.59,0.62,1,646,0,3383160,0.7,0.88,2,773,0
E02292,E01385,co-investor,0.29,10,3907481,0.76,0.75,0,742,0,6030085,0.7,1.1,1,555,0
E02217,E01385,supplier,0.63,37,4016877,0.91,0.7,1,528,1,6030085,0.7,1.1,1,555,0
E00956,E01385,parent_company,0.61,45,4243091,0.59,1.49,0,840,0,6030085,0.7,1.1,1,555,0
E00569,E00106,supplier,0.88,18,7890769,0.93,0.91,1,747,1,3119172,0.46,0.84,7,539,1
E02478,E00106,parent_company,0.99,21,100000,0.28,1.88,2,638,0,3119172,0.46,0.84,7,539,1
E00569,E02709,supplier,0.61,13,7890769,0.93,0.91,1,747,1,10109372,0.22,0.52,1,714,0
E01350,E02709,parent_company,0.85,10,2654816,0.18,1.96,0,816,0,10109372,0.22,0.52,1,714,0
E00569,E00984,shared_director,0.58,6,7890769,0.93,0.91,1,747,1,5193499,0.4,1.17,0,641,0
E02873,E00984,supplier,0.97,30,3421305,0.44,1.77,2,769,0,5193499,0.4,1.17,0,641,0
E00260,E00685,shared_director,0.35,20,6875676,0.71,1.62,1,644,0,6007472,0.18,0.96,0,588,0
E01460,E00685,parent_company,0.94,6,3672559,0.81,1.59,2,507,0,6007472,0.18,0.96,0,588,0
E00260,E01873,parent_company,0.28,46,6875676,0.71,1.62,1,644,0,3619226,0.62,0.65,1,514,1
E00483,E01873,shared_director,0.98,2,3323225,0.5,1.24,4,547,0,3619226,0.62,0.65,1,514,1
E00716,E01873,supplier,0.73,30,5395157,0.88,1.47,1,761,0,3619226,0.62,0.65,1,514,1
E00212,E01873,co-investor,0.66,36,7087091,0.47,0.58,2,776,1,3619226,0.62,0.65,1,514,1
E00260,E00366,co-investor,0.17,8,6875676,0.71,1.62,1,644,0,5646491,0.93,1.14,0,582,0
E02645,E00366,parent_company,0.5,27,8803118,0.66,1.71,1,516,0,5646491,0.93,1.14,0,582,0
E02681,E00366,parent_company,0.42,48,4936975,0.77,1.27,1,551,1,5646491,0.93,1.14,0,582,0
E01708,E00366,shared_director,0.35,25,5314107,0.73,1.66,3,678,0,5646491,0.93,1.14,0,582,0
E01333,E00366,shared_director,0.45,26,5583723,0.43,1.24,2,791,0,5646491,0.93,1.14,0,582,0
E02759,E00366,supplier,0.2,26,8985665,0.92,1.24,1,568,0,5646491,0.93,1.14,0,582,0
E02353,E00366,parent_company,0.46,6,3327786,0.27,1.42,2,680,0,5646491,0.93,1.14,0,582,0
E00771,E00366,co-investor,0.9,48,1079683,0.15,0.93,1,725,0,5646491,0.93,1.14,0,582,0
E01265,E00366,shared_director,0.33,39,8680434,0.49,1.49,1,626,0,5646491,0.93,1.14,0,582,0
E01984,E01524,co-investor,0.79,4,3880515,0.57,0.74,1,674,0,3553074,0.22,0.91,2,817,0
E00338,E01524,parent_company,0.15,41,4644519,0.82,1.49,3,520,1,3553074,0.22,0.91,2,817,0
E01426,E01524,co-investor,0.48,12,7406225,0.36,0.54,4,738,0,3553074,0.22,0.91,2,817,0
E02729,E01524,shared_director,0.55,36,6197478,0.32,1.13,2,767,0,3553074,0.22,0.91,2,817,0
E01984,E01767,supplier,0.28,3,3880515,0.57,0.74,1,674,0,4135524,0.29,1.71,2,701,0
E00449,E01767,co-investor,0.42,43,1734095,0.49,1.32,1,512,0,4135524,0.29,1.71,2,701,0
E02166,E01767,shared_director,0.97,37,4538179,0.22,1.61,2,677,0,4135524,0.29,1.71,2,701,0
E00350,E01767,shared_director,0.88,2,4586865,0.42,1.01,2,715,0,4135524,0.29,1.71,2,701,0
E01984,E01109,shared_director,0.58,10,3880515,0.57,0.74,1,674,0,5744869,0.38,0.99,2,594,0
E01630,E01109,co-investor,0.14,25,6175463,0.1,1.79,1,586,0,5744869,0.38,0.99,2,594,0
E00531,E01109,supplier,0.19,32,3456743,0.75,1.75,2,528,1,5744869,0.38,0.99,2,594,0
E00654,E01109,co-investor,1.0,16,6402746,0.68,0.97,2,661,0,5744869,0.38,0.99,2,594,0
E02771,E01109,shared_director,0.2,49,3319216,0.1,1.64,1,728,0,5744869,0.38,0.99,2,594,0
E01984,E00676,supplier,0.28,46,3880515,0.57,0.74,1,674,0,2185711,0.28,1.08,1,741,0
E02267,E00676,shared_director,0.32,38,8182038,0.36,1.77,1,565,1,2185711,0.28,1.08,1,741,0
E01533,E00676,co-investor,0.95,25,6977338,0.34,1.78,1,690,0,2185711,0.28,1.08,1,741,0
E01984,E00268,parent_company,0.73,39,3880515,0.57,0.74,1,674,0,5209470,0.53,1.9,0,737,0
E02452,E00268,shared_director,0.7,1,4415489,0.61,1.58,1,647,0,5209470,0.53,1.9,0,737,0
E01984,E00793,parent_company,0.51,13,3880515,0.57,0.74,1,674,0,3719013,0.74,1.6,2,764,0
E02168,E00793,co-investor,0.55,46,4074368,0.62,0.89,0,540,1,3719013,0.74,1.6,2,764,0
E01984,E02245,supplier,0.75,10,3880515,0.57,0.74,1,674,0,5803121,0.1,1.55,1,514,0
E00223,E02245,parent_company,0.26,3,6839655,0.39,1.39,2,647,0,5803121,0.1,1.55,1,514,0
E02561,E02459,shared_director,0.28,2,6046790,0.54,0.94,2,516,0,7740819,0.53,1.51,0,774,0
E02477,E02459,shared_director,0.18,34,9700411,0.52,1.34,2,756,0,7740819,0.53,1.51,0,774,0
E01039,E02459,supplier,0.66,26,7076777,0.22,0.88,1,780,0,7740819,0.53,1.51,0,774,0
E02906,E02459,parent_company,0.88,47,4267516,0.72,0.63,3,755,0,7740819,0.53,1.51,0,774,0
E00416,E02459,shared_director,0.18,38,6362890,0.77,0.6,3,771,0,7740819,0.53,1.51,0,774,0
E02561,E02220,parent_company,0.65,2,6046790,0.54,0.94,2,516,0,2489784,0.74,1.67,2,576,0
E01663,E02220,supplier,0.34,38,7531259,0.13,1.42,1,793,0,2489784,0.74,1.67,2,576,0
E01197,E02220,supplier,0.55,11,4788939,0.68,1.77,0,502,0,2489784,0.74,1.67,2,576,0
E00407,E02220,parent_company,0.36,12,6977765,0.92,1.81,2,592,0,2489784,0.74,1.67,2,576,0
E00614,E02220,parent_company,0.68,31,6502751,0.43,1.97,2,575,1,2489784,0.74,1.67,2,576,0
E00388,E02220,supplier,0.92,36,2812742,0.28,0.84,2,564,1,2489784,0.74,1.67,2,576,0
E01228,E02220,parent_company,0.59,12,4637043,0.19,1.06,2,518,0,2489784,0.74,1.67,2,576,0
E01248,E00028,shared_director,0.4,40,1532032,0.9,0.59,0,801,0,10287143,0.88,1.81,3,805,0
E01511,E00028,co-investor,0.45,1,1949361,0.65,1.84,1,521,0,10287143,0.88,1.81,3,805,0
E00507,E00028,supplier,0.89,38,798162,0.64,1.01,4,773,0,10287143,0.88,1.81,3,805,0
E01958,E00028,co-investor,0.42,16,5519147,0.86,1.3,0,835,1,10287143,0.88,1.81,3,805,0
E01390,E00028,co-investor,0.46,35,7364907,0.42,1.38,0,583,0,10287143,0.88,1.81,3,805,0
E01248,E01781,co-investor,0.99,38,1532032,0.9,0.59,0,801,0,2343370,0.59,1.53,0,816,0
E02213,E01781,co-investor,0.85,25,4453755,0.84,0.53,1,661,0,2343370,0.59,1.53,0,816,0
E00859,E01781,co-investor,0.4,49,6625378,1.0,1.77,1,527,0,2343370,0.59,1.53,0,816,0
E01248,E01375,shared_director,0.54,23,1532032,0.9,0.59,0,801,0,6903920,0.31,0.89,1,669,0
E01064,E01375,shared_director,0.98,10,2673621,0.2,1.72,0,569,0,6903920,0.31,0.89,1,669,0
E01248,E02517,supplier,0.97,45,1532032,0.9,0.59,0,801,0,3646658,0.29,1.49,2,616,0
E00237,E02517,supplier,0.27,29,4668553,0.25,1.25,1,708,0,3646658,0.29,1.49,2,616,0
E02737,E02517,co-investor,0.81,23,7447420,0.48,1.09,1,630,0,3646658,0.29,1.49,2,616,0
E02435,E02183,parent_company,0.96,28,629406,0.68,1.28,1,525,0,7704056,0.87,1.61,0,708,1
E01238,E02183,shared_director,0.46,27,581696,0.84,1.33,1,574,1,7704056,0.87,1.61,0,708,1
E02435,E01296,shared_director,0.51,26,629406,0.68,1.28,1,525,0,4075807,1.0,0.83,3,698,0
E01040,E01296,co-investor,0.77,8,6010848,0.72,1.16,0,518,1,4075807,1.0,0.83,3,698,0
E01839,E01296,supplier,0.45,22,3602790,0.75,0.57,1,763,0,4075807,1.0,0.83,3,698,0
E01755,E01296,co-investor,0.89,46,2995056,0.82,1.11,0,789,0,4075807,1.0,0.83,3,698,0
E00823,E01963,co-investor,0.26,26,3833284,0.51,1.7,2,819,0,2807195,0.27,1.32,4,588,0
E02755,E01963,shared_director,0.82,42,4573340,0.88,1.21,2,844,0,2807195,0.27,1.32,4,588,0
E01073,E01963,supplier,0.86,25,7297466,0.12,0.97,0,692,0,2807195,0.27,1.32,4,588,0
E00823,E02853,co-investor,0.15,42,3833284,0.51,1.7,2,819,0,4604461,0.34,1.15,4,642,0
E01155,E02853,parent_company,0.66,2,1787245,0.76,1.65,3,610,0,4604461,0.34,1.15,4,642,0
E01622,E02853,shared_director,0.38,33,5677987,0.34,1.93,0,536,0,4604461,0.34,1.15,4,642,0
E01624,E02853,co-investor,0.2,27,1867300,0.69,1.73,1,641,0,4604461,0.34,1.15,4,642,0
E00693,E02853,shared_director,0.99,2,3303802,0.95,1.29,2,827,0,4604461,0.34,1.15,4,642,0
E00823,E00053,supplier,0.92,4,3833284,0.51,1.7,2,819,0,7540251,0.83,1.17,0,791,0
E00018,E00053,co-investor,0.54,27,7017205,0.26,1.01,1,782,0,7540251,0.83,1.17,0,791,0
E00735,E00053,shared_director,0.7,26,3066965,0.9,0.69,0,785,1,7540251,0.83,1.17,0,791,0
E01074,E00053,shared_director,0.8,20,7864684,0.73,1.14,4,596,0,7540251,0.83,1.17,0,791,0
E00823,E01364,supplier,0.52,32,3833284,0.51,1.7,2,819,0,4326204,0.23,1.84,1,843,0
E01874,E01364,co-investor,0.9,37,5008186,0.42,0.9,2,784,0,4326204,0.23,1.84,1,843,0
E02379,E01364,supplier,0.21,27,5297820,0.17,1.68,2,627,0,4326204,0.23,1.84,1,843,0
E02512,E01364,parent_company,0.81,33,3960049,0.42,1.81,0,636,0,4326204,0.23,1.84,1,843,0
E00091,E01364,co-investor,0.41,41,4276218,0.79,0.86,3,668,1,4326204,0.23,1.84,1,843,0
E00132,E01364,shared_director,0.3,8,4163713,0.95,1.29,1,523,0,4326204,0.23,1.84,1,843,0
E02114,E01364,parent_company,0.41,27,2446454,0.22,0.78,0,785,0,4326204,0.23,1.84,1,843,0
E01335,E01541,co-investor,0.83,26,8921382,0.16,1.51,2,793,0,3513731,0.31,1.6,1,737,0
E02509,E01541,parent_company,0.11,32,3812193,0.27,0.66,3,786,0,3513731,0.31,1.6,1,737,0
E01335,E00745,parent_company,0.24,37,8921382,0.16,1.51,2,793,0,5031373,0.7,1.7,0,608,0
E01146,E00745,shared_director,0.8,21,3946489,0.12,0.93,1,568,0,5031373,0.7,1.7,0,608,0
E01783,E00745,co-investor,0.58,34,8027195,0.69,1.37,3,613,0,5031373,0.7,1.7,0,608,0
E02343,E00745,shared_director,0.9,32,6270892,0.24,0.77,1,690,0,5031373,0.7,1.7,0,608,0
E02352,E00745,supplier,0.74,29,4014489,0.92,1.1,1,716,1,5031373,0.7,1.7,0,608,0
E01862,E00745,parent_company,0.12,19,6282373,0.93,1.11,0,663,0,5031373,0.7,1.7,0,608,0
E01335,E00340,supplier,0.61,34,8921382,0.16,1.51,2,793,0,6974617,0.68,0.92,1,784,0
E00202,E00340,supplier,0.35,14,6773034,0.5,1.85,2,550,0,6974617,0.68,0.92,1,784,0
E00176,E00340,co-investor,0.87,42,4199237,0.7,1.37,1,619,0,6974617,0.68,0.92,1,784,0
E00540,E00340,shared_director,0.85,8,3132555,0.61,0.91,1,522,1,6974617,0.68,0.92,1,784,0
E00378,E00340,parent_company,0.75,46,6129402,0.44,0.67,1,751,0,6974617,0.68,0.92,1,784,0
E01335,E00481,parent_company,0.3,7,8921382,0.16,1.51,2,793,0,6297848,0.74,1.69,0,597,1
E02698,E00481,parent_company,0.88,45,6639456,0.6,0.61,2,762,0,6297848,0.74,1.69,0,597,1
E00565,E00481,parent_company,0.44,2,4091511,0.35,0.84,1,635,0,6297848,0.74,1.69,0,597,1
E01496,E00467,parent_company,0.63,35,8204506,0.7,1.42,1,793,0,2688863,0.77,1.16,2,535,0
E02766,E00467,shared_director,0.53,36,7980758,0.75,0.53,2,778,0,2688863,0.77,1.16,2,535,0
E01496,E00010,shared_director,0.59,6,8204506,0.7,1.42,1,793,0,6658277,0.36,0.82,6,767,0
E00873,E00010,shared_director,0.3,20,3755243,0.99,1.74,4,670,0,6658277,0.36,0.82,6,767,0
E00737,E02793,supplier,0.96,30,3622666,0.64,1.22,1,698,0,4908277,0.55,0.64,1,507,1
E02524,E02793,parent_company,0.88,43,5681905,0.32,1.27,0,590,0,4908277,0.55,0.64,1,507,1
E01747,E02793,parent_company,0.71,42,5753148,0.9,0.61,1,758,0,4908277,0.55,0.64,1,507,1
E00737,E01057,co-investor,0.33,32,3622666,0.64,1.22,1,698,0,4468906,0.22,1.9,3,724,0
E02141,E01057,parent_company,0.35,14,3385129,0.57,1.84,1,700,0,4468906,0.22,1.9,3,724,0
E01787,E01057,shared_director,0.98,8,2783485,0.28,1.1,1,704,0,4468906,0.22,1.9,3,724,0
E01888,E01057,shared_director,0.98,49,5659958,0.64,1.33,1,556,0,4468906,0.22,1.9,3,724,0
E02418,E01057,parent_company,0.56,40,8914349,0.47,0.67,2,525,0,4468906,0.22,1.9,3,724,0
E01996,E01057,parent_company,0.65,18,4434306,0.48,1.37,3,833,0,4468906,0.22,1.9,3,724,0
E01379,E01057,supplier,0.67,8,7290778,0.31,1.76,1,831,0,4468906,0.22,1.9,3,724,0
E00124,E01057,supplier,0.97,11,3910155,0.83,1.92,1,587,0,4468906,0.22,1.9,3,724,0
E00737,E00774,shared_director,0.61,20,3622666,0.64,1.22,1,698,0,4919822,0.36,0.79,0,812,0
E00737,E00443,co-investor,0.96,4,3622666,0.64,1.22,1,698,0,1271336,0.42,0.51,2,818,0
E02712,E00443,supplier,0.14,8,5170568,0.94,1.35,0,784,1,1271336,0.42,0.51,2,818,0
E02831,E00443,parent_company,0.62,29,5103567,0.73,1.25,2,743,0,1271336,0.42,0.51,2,818,0
E02460,E00443,co-investor,0.58,21,7858915,0.5,1.84,1,696,0,1271336,0.42,0.51,2,818,0
E00737,E01516,co-investor,0.89,8,3622666,0.64,1.22,1,698,0,180223,0.66,1.8,1,733,0
E02812,E01516,supplier,0.3,33,2860209,0.14,1.75,0,656,0,180223,0.66,1.8,1,733,0
E02902,E00859,shared_director,0.82,45,5565892,0.35,1.24,2,774,0,6625378,1.0,1.77,1,527,0
E00687,E00859,parent_company,0.93,14,2858811,0.92,1.5,2,720,1,6625378,1.0,1.77,1,527,0
E00185,E00859,co-investor,0.88,27,7129137,0.97,0.77,2,764,0,6625378,1.0,1.77,1,527,0
E01289,E00859,shared_director,0.79,21,4698788,0.46,1.77,2,563,1,6625378,1.0,1.77,1,527,0
E02902,E01619,shared_director,0.37,35,5565892,0.35,1.24,2,774,0,4960501,0.44,0.55,5,753,0
E00237,E01619,parent_company,0.39,21,4668553,0.25,1.25,1,708,0,4960501,0.44,0.55,5,753,0
E01563,E01619,supplier,0.53,35,6277035,0.54,1.38,4,677,0,4960501,0.44,0.55,5,753,0
E01059,E01619,shared_director,0.24,49,3906985,0.45,1.65,3,804,0,4960501,0.44,0.55,5,753,0
E00284,E01676,shared_director,0.23,20,5925097,0.1,0.55,2,586,0,100000,0.15,0.99,4,534,0
E01772,E01676,co-investor,0.82,21,7293247,0.86,1.52,0,545,0,100000,0.15,0.99,4,534,0
E00138,E01676,co-investor,0.46,47,6435183,0.21,1.25,3,521,0,100000,0.15,0.99,4,534,0
E00284,E00854,supplier,0.39,31,5925097,0.1,0.55,2,586,0,6005800,0.11,1.0,3,744,0
E00284,E00235,co-investor,0.75,38,5925097,0.1,0.55,2,586,0,2858843,0.86,1.43,2,604,1
E01659,E00235,shared_director,0.26,40,4267536,0.59,0.71,0,675,0,2858843,0.86,1.43,2,604,1
E00992,E01035,parent_company,0.74,25,9829581,0.72,1.64,1,552,0,5166694,0.17,1.85,3,617,0
E00992,E00214,supplier,0.26,33,9829581,0.72,1.64,1,552,0,5566064,0.81,1.18,1,824,0
E02076,E02834,shared_director,0.59,24,5631450,0.45,1.34,0,670,0,6010653,0.29,1.52,2,527,0
E00901,E02834,co-investor,0.55,11,7333097,0.62,1.85,0,784,0,6010653,0.29,1.52,2,527,0
E01981,E02834,shared_director,0.99,7,5992329,0.97,1.3,2,624,0,6010653,0.29,1.52,2,527,0
E02421,E02834,supplier,0.8,9,2705356,0.29,1.05,0,597,0,6010653,0.29,1.52,2,527,0
E02501,E02834,supplier,0.64,46,7992204,0.18,2.0,3,811,0,6010653,0.29,1.52,2,527,0
E02076,E00229,shared_director,0.34,38,5631450,0.45,1.34,0,670,0,4399279,0.15,1.63,1,615,0
E00159,E00229,parent_company,0.63,14,9162629,0.75,1.51,0,668,0,4399279,0.15,1.63,1,615,0
E02874,E00047,parent_company,0.55,23,5204149,0.54,1.87,1,686,0,7141992,0.18,1.27,1,643,0
E02197,E00047,co-investor,0.65,10,6083684,0.17,1.61,1,693,0,7141992,0.18,1.27,1,643,0
E02874,E01601,supplier,0.43,33,5204149,0.54,1.87,1,686,0,3077023,0.61,0.67,0,699,0
E01818,E01601,supplier,0.93,20,1752889,0.43,1.24,0,837,0,3077023,0.61,0.67,0,699,0
E01945,E01601,co-investor,0.15,46,6097757,0.2,0.79,2,607,0,3077023,0.61,0.67,0,699,0
E00697,E01601,shared_director,0.2,38,6672647,0.35,1.48,2,565,0,3077023,0.61,0.67,0,699,0
E02874,E00420,parent_company,0.94,42,5204149,0.54,1.87,1,686,0,6900290,0.58,1.75,4,754,0
E00366,E00420,supplier,0.38,20,5646491,0.93,1.14,0,582,0,6900290,0.58,1.75,4,754,0
E02003,E00420,parent_company,0.76,42,7793193,0.22,1.74,0,572,0,6900290,0.58,1.75,4,754,0
E00037,E00420,supplier,0.91,21,2317109,0.26,1.05,2,534,0,6900290,0.58,1.75,4,754,0
E01175,E00420,supplier,0.53,25,1379935,0.85,1.57,1,507,1,6900290,0.58,1.75,4,754,0
E02874,E00170,parent_company,0.57,20,5204149,0.54,1.87,1,686,0,5485040,0.51,0.81,2,728,0
E02694,E02723,co-investor,0.25,40,5653248,0.63,0.53,1,809,0,5690150,0.65,1.09,1,743,0
E00425,E02723,co-investor,0.43,44,4260956,0.43,1.55,1,642,0,5690150,0.65,1.09,1,743,0
E01955,E02723,supplier,0.34,38,4735825,0.54,0.95,1,783,0,5690150,0.65,1.09,1,743,0
E01077,E02723,co-investor,0.53,33,5065448,0.98,1.96,0,597,1,5690150,0.65,1.09,1,743,0
E00969,E02723,shared_director,0.5,44,5710044,0.32,1.56,0,759,0,5690150,0.65,1.09,1,743,0
E02661,E02723,supplier,0.74,7,3479621,0.9,1.13,3,659,0,5690150,0.65,1.09,1,743,0
E01076,E02723,supplier,0.22,24,4489496,0.85,0.92,1,817,1,5690150,0.65,1.09,1,743,0
E02694,E01553,supplier,0.8,19,5653248,0.63,0.53,1,809,0,5677629,0.78,1.0,1,650,0
E00563,E01553,supplier,0.4,14,5118284,0.69,1.76,3,695,0,5677629,0.78,1.0,1,650,0
E02443,E01553,co-investor,0.54,43,2861426,0.53,0.76,1,843,0,5677629,0.78,1.0,1,650,0
E02030,E01553,parent_company,0.44,8,3625231,0.81,1.07,0,680,0,5677629,0.78,1.0,1,650,0
E01105,E01553,co-investor,0.92,12,4793953,0.71,0.53,0,540,0,5677629,0.78,1.0,1,650,0
E01781,E01553,shared_director,0.5,5,2343370,0.59,1.53,0,816,0,5677629,0.78,1.0,1,650,0
E02694,E01569,supplier,0.21,28,5653248,0.63,0.53,1,809,0,2821839,0.4,1.27,0,683,0
E01491,E01569,parent_company,0.26,3,4258818,0.14,1.74,3,559,0,2821839,0.4,1.27,0,683,0
E02694,E02135,supplier,0.62,8,5653248,0.63,0.53,1,809,0,1690543,0.72,0.61,1,846,1
E00848,E02135,shared_director,0.41,7,3372709,0.83,1.28,1,672,0,1690543,0.72,0.61,1,846,1
E01603,E02135,supplier,0.41,48,7784944,0.77,1.14,0,592,0,1690543,0.72,0.61,1,846,1
E01051,E02135,co-investor,0.76,36,2561770,0.85,1.48,2,831,0,1690543,0.72,0.61,1,846,1
E02584,E02135,co-investor,0.12,26,1348031,0.62,1.83,1,515,0,1690543,0.72,0.61,1,846,1
E01682,E02135,parent_company,0.98,29,6641110,0.56,0.83,1,826,1,1690543,0.72,0.61,1,846,1
E00182,E02307,shared_director,0.97,22,7288270,0.47,1.0,1,719,0,3594543,0.57,1.67,1,802,0
E00431,E02307,co-investor,0.48,42,10930020,0.89,0.85,1,518,1,3594543,0.57,1.67,1,802,0
E00181,E02307,shared_director,0.6,45,1474266,0.2,1.44,0,697,0,3594543,0.57,1.67,1,802,0
E00549,E02307,supplier,0.5,20,2443954,0.63,0.73,1,665,0,3594543,0.57,1.67,1,802,0
E00182,E00956,supplier,0.42,34,7288270,0.47,1.0,1,719,0,4243091,0.59,1.49,0,840,0
E00952,E00956,co-investor,0.7,47,7780999,0.17,1.36,1,848,0,4243091,0.59,1.49,0,840,0
E00836,E00956,shared_director,0.18,48,1104232,0.5,1.64,1,738,0,4243091,0.59,1.49,0,840,0
E00783,E00956,parent_company,0.71,41,7284652,0.3,0.74,0,766,0,4243091,0.59,1.49,0,840,0
E01080,E00956,shared_director,0.94,3,5447910,0.84,0.5,2,587,1,4243091,0.59,1.49,0,840,0
E00182,E00438,shared_director,0.55,31,7288270,0.47,1.0,1,719,0,5423189,0.48,0.97,2,526,0
E00017,E00438,shared_director,0.14,24,7771806,0.95,1.47,1,594,0,5423189,0.48,0.97,2,526,0
E02185,E00438,shared_director,0.36,38,5472835,0.33,0.87,2,572,0,5423189,0.48,0.97,2,526,0
E02092,E02125,parent_company,0.5,26,8509551,0.7,1.29,0,749,1,6905196,0.43,1.92,2,626,0
E00791,E02125,supplier,0.2,2,5553087,0.9,0.97,1,835,0,6905196,0.43,1.92,2,626,0
E01908,E02125,shared_director,0.41,14,6693994,0.72,1.08,0,670,0,6905196,0.43,1.92,2,626,0
E00964,E02125,shared_director,0.82,27,3853124,0.43,1.41,2,636,0,6905196,0.43,1.92,2,626,0
E01834,E02125,parent_company,0.95,5,7580736,0.96,1.18,4,567,0,6905196,0.43,1.92,2,626,0
E02092,E02113,parent_company,0.65,44,8509551,0.7,1.29,0,749,1,5002759,0.21,1.39,0,739,0
E00286,E02113,supplier,0.2,36,5611108,0.32,0.86,1,799,0,5002759,0.21,1.39,0,739,0
E01343,E02113,supplier,0.38,6,5531772,0.64,0.76,3,736,0,5002759,0.21,1.39,0,739,0
E02092,E00146,shared_director,0.79,5,8509551,0.7,1.29,0,749,1,6613186,0.78,0.72,1,703,1
E00290,E00146,co-investor,0.4,10,6430014,0.6,0.83,2,617,0,6613186,0.78,0.72,1,703,1
E02092,E00806,shared_director,0.31,45,8509551,0.7,1.29,0,749,1,2344163,0.49,1.7,5,781,0
E02687,E00806,shared_director,0.18,16,3364569,0.55,1.24,3,693,0,2344163,0.49,1.7,5,781,0
E00477,E00806,shared_director,0.26,31,809684,0.48,1.7,0,653,0,2344163,0.49,1.7,5,781,0
E01990,E00806,shared_director,0.34,22,3622564,0.66,1.4,3,843,0,2344163,0.49,1.7,5,781,0
E01897,E02784,parent_company,0.41,2,3663858,0.61,1.14,1,746,0,6607838,0.37,1.96,3,593,0
E00551,E02784,co-investor,0.89,30,3229673,0.7,1.64,0,840,0,6607838,0.37,1.96,3,593,0
E00239,E02784,co-investor,0.87,48,9619445,0.16,0.92,2,646,1,6607838,0.37,1.96,3,593,0
E01141,E02784,supplier,0.97,26,4129555,0.27,1.85,0,693,0,6607838,0.37,1.96,3,593,0
E02454,E02784,parent_company,0.15,44,7036314,0.22,1.13,1,610,0,6607838,0.37,1.96,3,593,0
E00190,E02784,parent_company,0.6,47,7124419,0.95,0.98,3,715,1,6607838,0.37,1.96,3,593,0
E01897,E01333,supplier,0.84,12,3663858,0.61,1.14,1,746,0,5583723,0.43,1.24,2,791,0
E02612,E01333,parent_company,0.7,47,2367459,0.34,1.34,1,791,0,5583723,0.43,1.24,2,791,0
E00408,E01333,supplier,0.74,35,6246619,0.11,0.74,2,507,0,5583723,0.43,1.24,2,791,0
E01312,E01333,shared_director,0.24,22,2027445,0.44,0.63,2,599,0,5583723,0.43,1.24,2,791,0
E02757,E01333,supplier,0.14,46,8166954,0.83,1.06,4,599,0,5583723,0.43,1.24,2,791,0
E01897,E02020,parent_company,0.25,26,3663858,0.61,1.14,1,746,0,5621182,0.86,1.96,1,580,0
E01429,E02020,co-investor,0.7,17,5015928,0.97,0.69,1,687,0,5621182,0.86,1.96,1,580,0
E00114,E02020,supplier,0.33,34,8529373,0.86,0.79,1,575,0,5621182,0.86,1.96,1,580,0
E01897,E00711,parent_company,0.34,6,3663858,0.61,1.14,1,746,0,2926848,0.75,1.95,1,609,0
E00184,E00711,parent_company,0.4,18,4547509,0.14,0.97,2,785,0,2926848,0.75,1.95,1,609,0
E02714,E00711,shared_director,0.23,36,9556803,0.33,0.55,4,548,0,2926848,0.75,1.95,1,609,0
E00249,E00711,supplier,0.82,22,4008061,0.2,1.37,2,653,0,2926848,0.75,1.95,1,609,0
E01812,E00711,co-investor,0.5,14,6449447,0.44,1.24,4,794,0,2926848,0.75,1.95,1,609,0
E00233,E00711,co-investor,0.68,14,1132643,0.1,1.46,0,555,1,2926848,0.75,1.95,1,609,0
E01742,E00711,parent_company,0.96,9,7773516,0.44,0.91,2,741,0,2926848,0.75,1.95,1,609,0
E01897,E00501,parent_company,0.65,6,3663858,0.61,1.14,1,746,0,3822472,0.68,1.8,0,663,0
E01414,E00501,supplier,0.89,48,3473137,0.5,1.36,0,599,0,3822472,0.68,1.8,0,663,0
E00443,E00501,co-investor,0.54,15,1271336,0.42,0.51,2,818,0,3822472,0.68,1.8,0,663,0
E01288,E00501,supplier,0.39,1,7426632,0.69,1.83,1,792,0,3822472,0.68,1.8,0,663,0
E01897,E02656,parent_company,0.79,49,3663858,0.61,1.14,1,746,0,8469663,0.5,1.48,1,572,0
E02365,E02656,supplier,0.23,7,4445367,0.35,1.28,0,731,0,8469663,0.5,1.48,1,572,0
E02086,E02656,shared_director,0.88,17,6259499,0.43,0.61,0,632,0,8469663,0.5,1.48,1,572,0
E00329,E02656,supplier,0.86,20,5734204,0.36,1.62,2,702,0,8469663,0.5,1.48,1,572,0
E01978,E00429,co-investor,0.47,6,3603608,0.69,0.75,1,815,0,6237373,0.76,1.13,2,769,0
E02118,E00429,parent_company,0.86,40,6735264,0.88,1.0,2,708,0,6237373,0.76,1.13,2,769,0
E01978,E02886,supplier,0.49,42,3603608,0.69,0.75,1,815,0,7080377,0.63,1.93,2,820,0
E02404,E02886,supplier,0.32,34,3726659,0.83,1.11,2,631,0,7080377,0.63,1.93,2,820,0
E00051,E02886,parent_company,0.98,43,4540240,0.35,0.52,1,569,0,7080377,0.63,1.93,2,820,0
E01978,E02331,shared_director,0.26,25,3603608,0.69,0.75,1,815,0,4889603,0.97,1.99,3,510,1
E02657,E02331,supplier,0.67,2,7330064,0.66,1.25,0,682,0,4889603,0.97,1.99,3,510,1
E02145,E02331,shared_director,0.14,21,5663885,0.63,0.65,1,661,0,4889603,0.97,1.99,3,510,1
E01978,E02575,parent_company,0.79,39,3603608,0.69,0.75,1,815,0,7802858,0.55,1.0,0,808,0
E02326,E02575,co-investor,0.49,45,2497243,0.87,1.24,3,597,0,7802858,0.55,1.0,0,808,0
E00677,E02575,parent_company,0.4,5,5145993,0.79,0.57,3,777,1,7802858,0.55,1.0,0,808,0
E00881,E02575,co-investor,0.73,44,5521325,0.8,1.01,2,716,0,7802858,0.55,1.0,0,808,0
E00476,E00581,co-investor,0.38,30,4455208,0.96,0.9,2,586,0,3258854,0.18,0.89,1,773,0
E01238,E00581,co-investor,0.51,14,581696,0.84,1.33,1,574,1,3258854,0.18,0.89,1,773,0
E00343,E00581,supplier,0.35,6,4555174,0.18,1.58,2,532,0,3258854,0.18,0.89,1,773,0
E00799,E00581,parent_company,0.8,13,4542034,0.27,1.33,1,660,0,3258854,0.18,0.89,1,773,0
E00848,E00244,co-investor,0.58,39,3372709,0.83,1.28,1,672,0,5147925,0.56,1.65,1,690,0
E02225,E00244,parent_company,0.48,25,806648,0.49,0.74,1,841,0,5147925,0.56,1.65,1,690,0
E02274,E00244,supplier,0.82,33,4269328,0.98,1.67,2,788,1,5147925,0.56,1.65,1,690,0
E00848,E00700,co-investor,0.98,31,3372709,0.83,1.28,1,672,0,4996898,0.79,0.69,2,569,0
E02648,E00700,co-investor,0.18,40,5304869,0.95,1.97,1,841,0,4996898,0.79,0.69,2,569,0
E00175,E00700,supplier,0.89,23,1884095,0.85,0.77,0,737,0,4996898,0.79,0.69,2,569,0
E00312,E00700,shared_director,0.4,34,5427260,0.84,1.5,0,651,0,4996898,0.79,0.69,2,569,0
E00271,E00700,parent_company,0.36,49,6768201,0.32,1.53,2,756,0,4996898,0.79,0.69,2,569,0
E00848,E02682,shared_director,0.96,24,3372709,0.83,1.28,1,672,0,5549483,0.19,0.98,4,817,0
E00848,E00754,supplier,0.24,14,3372709,0.83,1.28,1,672,0,6978738,0.82,0.51,1,549,0
E01222,E00754,co-investor,0.87,20,7152292,0.71,1.58,1,524,1,6978738,0.82,0.51,1,549,0
E00655,E00754,parent_company,0.39,47,7062125,0.91,0.71,1,848,0,6978738,0.82,0.51,1,549,0
E00848,E02055,shared_director,0.71,14,3372709,0.83,1.28,1,672,0,6425256,0.55,0.94,0,757,0
E00420,E02055,shared_director,0.81,3,6900290,0.58,1.75,4,754,0,6425256,0.55,0.94,0,757,0
E01795,E02854,shared_director,0.39,20,5175156,0.49,1.38,1,799,0,5378222,0.51,1.11,1,771,0
E02426,E02854,supplier,0.89,33,5998171,0.65,0.58,1,645,0,5378222,0.51,1.11,1,771,0
E01622,E02854,parent_company,0.15,37,5677987,0.34,1.93,0,536,0,5378222,0.51,1.11,1,771,0
E02554,E02854,shared_director,0.96,21,2308833,0.76,1.03,3,842,0,5378222,0.51,1.11,1,771,0
E01795,E02141,supplier,0.21,26,5175156,0.49,1.38,1,799,0,3385129,0.57,1.84,1,700,0
E02070,E02141,co-investor,0.35,30,6289256,0.27,1.24,2,796,0,3385129,0.57,1.84,1,700,0
E01795,E01172,supplier,0.52,13,5175156,0.49,1.38,1,799,0,6283861,0.66,1.28,2,502,0
E00414,E01172,co-investor,0.89,17,5715851,0.97,1.35,3,753,0,6283861,0.66,1.28,2,502,0
E01313,E01172,shared_director,0.43,50,6057915,0.18,1.39,0,750,0,6283861,0.66,1.28,2,502,0
E02781,E01172,parent_company,0.28,11,5247834,0.12,0.75,3,833,0,6283861,0.66,1.28,2,502,0
E00184,E02912,supplier,0.12,22,4547509,0.14,0.97,2,785,0,5012422,0.43,1.03,4,500,0
E00994,E02912,shared_director,0.99,25,5695812,0.3,1.36,2,787,0,5012422,0.43,1.03,4,500,0
E00184,E00957,parent_company,0.72,10,4547509,0.14,0.97,2,785,0,100000,0.21,1.78,0,837,0
E00988,E00957,supplier,0.33,24,3161639,0.83,0.7,2,544,1,100000,0.21,1.78,0,837,0
E00184,E02310,shared_director,0.14,21,4547509,0.14,0.97,2,785,0,5391690,0.3,1.53,2,723,0
E01656,E02310,supplier,0.47,45,2348980,0.66,1.0,2,802,0,5391690,0.3,1.53,2,723,0
E01523,E02310,parent_company,0.23,34,7107224,0.78,1.37,2,730,0,5391690,0.3,1.53,2,723,0
E02125,E02310,supplier,0.84,7,6905196,0.43,1.92,2,626,0,5391690,0.3,1.53,2,723,0
E00184,E00480,supplier,0.27,12,4547509,0.14,0.97,2,785,0,7467373,0.57,0.7,1,818,0
E01251,E00480,parent_company,0.44,10,5763077,0.99,1.56,0,711,0,7467373,0.57,0.7,1,818,0
E00890,E00480,supplier,0.99,25,2787383,0.33,1.8,1,659,0,7467373,0.57,0.7,1,818,0
E00184,E01591,supplier,0.59,47,4547509,0.14,0.97,2,785,0,3566720,0.33,1.72,0,540,0
E02093,E01591,parent_company,0.85,49,8537543,0.47,1.09,3,531,0,3566720,0.33,1.72,0,540,0
E02359,E01591,co-investor,0.94,12,6560685,0.94,1.65,1,738,0,3566720,0.33,1.72,0,540,0
E02698,E01591,co-investor,0.53,27,6639456,0.6,0.61,2,762,0,3566720,0.33,1.72,0,540,0
E00914,E01591,shared_director,0.7,23,6655700,0.97,1.73,1,835,1,3566720,0.33,1.72,0,540,0
E02620,E01591,supplier,0.11,35,6066970,0.47,0.85,3,777,0,3566720,0.33,1.72,0,540,0
E01000,E02399,shared_director,0.52,35,4100847,0.61,0.68,2,568,1,671380,0.91,1.69,1,510,1
E01000,E02644,supplier,0.51,2,4100847,0.61,0.68,2,568,1,7073293,0.88,1.9,3,606,1
E00306,E02644,shared_director,0.13,25,2021213,0.21,0.5,2,532,0,7073293,0.88,1.9,3,606,1
E01088,E02644,supplier,0.42,6,1089447,0.14,0.98,3,538,0,7073293,0.88,1.9,3,606,1
E01738,E02644,shared_director,0.94,22,5079872,0.62,1.94,1,562,1,7073293,0.88,1.9,3,606,1
E00554,E02644,parent_company,0.54,32,4392928,0.54,0.8,0,666,1,7073293,0.88,1.9,3,606,1
E01000,E02627,supplier,0.63,49,4100847,0.61,0.68,2,568,1,7886579,0.61,1.11,1,791,0
E02827,E02627,shared_director,0.44,31,7482294,0.95,1.1,0,610,0,7886579,0.61,1.11,1,791,0
E02745,E02627,shared_director,0.26,41,4823911,0.88,0.71,1,561,1,7886579,0.61,1.11,1,791,0
E01657,E02627,co-investor,0.21,2,3898557,0.95,1.63,2,664,0,7886579,0.61,1.11,1,791,0
E01468,E02627,shared_director,0.38,8,2343807,0.46,0.51,1,646,0,7886579,0.61,1.11,1,791,0
E01000,E00068,co-investor,0.45,7,4100847,0.61,0.68,2,568,1,4670928,0.75,1.79,2,501,0
E02294,E01747,shared_director,0.31,26,4025683,0.94,1.66,3,536,1,5753148,0.9,0.61,1,758,0
E00626,E01747,co-investor,0.92,22,3530179,0.78,1.94,0,826,0,5753148,0.9,0.61,1,758,0
E00353,E01747,shared_director,0.26,39,5148412,0.45,1.28,0,673,0,5753148,0.9,0.61,1,758,0
E01646,E01747,supplier,0.38,20,10268444,0.67,1.13,2,610,0,5753148,0.9,0.61,1,758,0
E00663,E01747,parent_company,0.76,24,4479002,0.37,1.83,2,763,0,5753148,0.9,0.61,1,758,0
E02580,E00756,parent_company,0.68,28,7230866,0.66,0.55,3,551,1,2657916,0.51,0.6,1,510,0
E01885,E00756,parent_company,0.46,5,5271437,0.84,1.02,0,702,1,2657916,0.51,0.6,1,510,0
E00419,E00756,co-investor,0.17,24,5229066,0.6,1.42,1,803,0,2657916,0.51,0.6,1,510,0
E00281,E00756,co-investor,0.83,30,7647749,0.84,1.64,3,778,0,2657916,0.51,0.6,1,510,0
E02580,E01404,co-investor,0.66,30,7230866,0.66,0.55,3,551,1,6217214,0.92,1.01,1,555,0
E01075,E01404,supplier,0.97,24,2621977,0.75,0.96,2,518,1,6217214,0.92,1.01,1,555,0
E00970,E01404,shared_director,0.22,4,4557773,0.16,1.38,1,762,0,6217214,0.92,1.01,1,555,0
E00915,E01404,co-investor,0.68,47,4985914,0.5,1.33,1,818,0,6217214,0.92,1.01,1,555,0
E02580,E02570,parent_company,0.85,10,7230866,0.66,0.55,3,551,1,6945993,0.71,1.85,0,617,1
E01533,E02570,supplier,0.31,21,6977338,0.34,1.78,1,690,0,6945993,0.71,1.85,0,617,1
E00519,E02570,supplier,0.21,41,4938224,0.74,0.71,2,731,0,6945993,0.71,1.85,0,617,1
E01621,E00940,co-investor,0.82,24,3407658,0.59,1.36,2,834,0,5697288,0.71,1.17,0,746,0
E01757,E00940,shared_director,0.78,47,7499561,0.18,1.51,0,730,0,5697288,0.71,1.17,0,746,0
E01453,E00940,supplier,0.33,6,3283100,0.41,0.82,1,768,1,5697288,0.71,1.17,0,746,0
E00159,E00940,co-investor,0.46,1,9162629,0.75,1.51,0,668,0,5697288,0.71,1.17,0,746,0
E02362,E00940,shared_director,0.41,3,4523323,0.12,1.25,2,642,0,5697288,0.71,1.17,0,746,0
E01621,E01829,supplier,0.73,7,3407658,0.59,1.36,2,834,0,8354925,0.56,0.99,1,769,0
E00131,E01829,parent_company,0.75,43,3754290,0.72,1.26,1,663,0,8354925,0.56,0.99,1,769,0
E01593,E00019,parent_company,0.29,49,5325488,0.51,1.49,2,602,0,1735563,0.52,1.56,2,712,0
E01593,E00019,parent_company,0.1,15,5325488,0.51,1.49,2,602,0,1735563,0.52,1.56,2,712,0
E00061,E00019,shared_director,0.33,45,6608878,0.9,1.94,2,750,1,1735563,0.52,1.56,2,712,0
E02473,E00019,co-investor,0.31,42,6464469,0.21,0.56,2,555,1,1735563,0.52,1.56,2,712,0
E01930,E00019,co-investor,0.32,50,3814146,0.15,1.75,2,792,0,1735563,0.52,1.56,2,712,0
E01591,E00019,shared_director,0.81,12,3566720,0.33,1.72,0,540,0,1735563,0.52,1.56,2,712,0
E00298,E00019,shared_director,0.93,14,3332882,0.2,1.85,2,614,0,1735563,0.52,1.56,2,712,0
E01695,E00019,shared_director,0.56,27,8604329,0.37,1.2,4,528,1,1735563,0.52,1.56,2,712,0
E01593,E02338,parent_company,0.26,23,5325488,0.51,1.49,2,602,0,6632013,0.94,1.83,4,564,1
E02096,E02338,shared_director,0.35,39,3893615,0.27,1.91,2,829,0,6632013,0.94,1.83,4,564,1
E02279,E02338,parent_company,0.18,30,5042560,0.88,0.76,1,550,0,6632013,0.94,1.83,4,564,1
E01593,E01061,supplier,0.5,30,5325488,0.51,1.49,2,602,0,5595964,0.65,1.27,5,612,0
E00766,E01499,co-investor,0.28,8,3407119,0.48,1.0,2,784,0,7549183,0.59,1.39,0,762,0
E01075,E02748,shared_director,0.57,41,2621977,0.75,0.96,2,518,1,4011291,0.84,0.78,1,785,0
E02834,E02748,supplier,0.8,42,6010653,0.29,1.52,2,527,0,4011291,0.84,0.78,1,785,0
E02857,E02748,supplier,0.7,1,5253046,0.95,1.74,4,838,0,4011291,0.84,0.78,1,785,0
E01424,E02748,supplier,0.82,27,5046277,0.99,1.88,1,572,1,4011291,0.84,0.78,1,785,0
E01075,E02006,parent_company,0.28,36,2621977,0.75,0.96,2,518,1,6248142,0.3,1.55,1,593,0
E00498,E02006,shared_director,0.43,39,2930090,0.98,1.91,2,842,0,6248142,0.3,1.55,1,593,0
E00027,E02006,parent_company,0.82,22,5361061,0.12,1.41,0,505,1,6248142,0.3,1.55,1,593,0
E02833,E02006,co-investor,0.58,40,2311910,0.27,0.63,3,637,0,6248142,0.3,1.55,1,593,0
E02646,E02006,co-investor,0.96,36,5489638,0.7,1.45,2,524,0,6248142,0.3,1.55,1,593,0
E01075,E01687,supplier,0.35,29,2621977,0.75,0.96,2,518,1,6727193,0.39,1.19,2,836,0
E02357,E01687,supplier,0.48,26,4874670,0.16,1.91,2,759,0,6727193,0.39,1.19,2,836,0
E01033,E01687,co-investor,0.77,10,4877913,0.13,0.99,0,724,0,6727193,0.39,1.19,2,836,0
E01341,E01687,supplier,0.14,41,1950957,0.49,0.69,0,691,0,6727193,0.39,1.19,2,836,0
E01375,E01687,co-investor,0.4,14,6903920,0.31,0.89,1,669,0,6727193,0.39,1.19,2,836,0
E01075,E02168,supplier,0.54,30,2621977,0.75,0.96,2,518,1,4074368,0.62,0.89,0,540,1
E02103,E02168,supplier,0.73,30,7236915,0.35,1.92,3,813,0,4074368,0.62,0.89,0,540,1
E02379,E02168,co-investor,0.92,17,5297820,0.17,1.68,2,627,0,4074368,0.62,0.89,0,540,1
E02522,E02168,supplier,0.73,34,4851262,0.55,1.27,3,621,0,4074368,0.62,0.89,0,540,1
E02483,E02168,shared_director,0.67,42,8015267,0.49,0.55,0,686,0,4074368,0.62,0.89,0,540,1
E01631,E02168,supplier,0.54,11,7383917,1.0,0.84,2,842,0,4074368,0.62,0.89,0,540,1
E01075,E01395,shared_director,0.49,36,2621977,0.75,0.96,2,518,1,3359517,0.93,1.99,1,624,0
E00755,E01395,shared_director,0.74,44,3985784,0.88,0.73,0,516,0,3359517,0.93,1.99,1,624,0
E02156,E01395,parent_company,0.22,41,4759772,0.72,0.72,0,792,0,3359517,0.93,1.99,1,624,0
E02904,E01395,parent_company,0.19,6,5564005,0.25,1.57,0,550,0,3359517,0.93,1.99,1,624,0
E02557,E01395,co-investor,0.53,4,8135592,0.54,1.86,2,665,0,3359517,0.93,1.99,1,624,0
E01284,E02599,supplier,0.1,18,4139686,0.66,1.71,1,813,0,4093788,0.93,0.73,2,511,0
E02577,E02599,parent_company,0.31,9,4246599,0.26,1.41,0,697,0,4093788,0.93,0.73,2,511,0
E01588,E02599,shared_director,0.12,49,5663687,0.5,0.88,0,783,0,4093788,0.93,0.73,2,511,0
E02140,E02599,supplier,0.35,42,7225811,0.7,1.43,1,778,0,4093788,0.93,0.73,2,511,0
E00468,E00088,shared_director,0.85,18,5638446,0.59,1.24,3,608,0,6055529,0.94,1.41,3,559,1
E02641,E00088,co-investor,0.27,2,2864730,0.25,1.63,1,641,0,6055529,0.94,1.41,3,559,1
E00791,E00088,shared_director,0.42,9,5553087,0.9,0.97,1,835,0,6055529,0.94,1.41,3,559,1
E00352,E00088,supplier,0.93,4,3661757,0.26,1.85,1,574,0,6055529,0.94,1.41,3,559,1
E02361,E00088,co-investor,0.12,37,2581931,0.8,0.82,1,671,0,6055529,0.94,1.41,3,559,1
E01415,E00088,co-investor,0.74,15,6745838,0.8,1.78,0,848,0,6055529,0.94,1.41,3,559,1
E01772,E00088,shared_director,0.62,1,7293247,0.86,1.52,0,545,0,6055529,0.94,1.41,3,559,1
E01206,E00088,co-investor,0.61,13,3661179,0.99,0.55,4,758,0,6055529,0.94,1.41,3,559,1
E00933,E00088,supplier,0.12,13,4300775,0.62,0.74,1,591,0,6055529,0.94,1.41,3,559,1
E01183,E00088,supplier,0.35,19,7443601,0.13,1.82,1,608,0,6055529,0.94,1.41,3,559,1
E02541,E00088,shared_director,0.72,7,4978124,0.63,0.66,1,749,0,6055529,0.94,1.41,3,559,1
E01914,E00088,shared_director,0.87,25,5718040,0.4,1.51,3,616,0,6055529,0.94,1.41,3,559,1
E00707,E02760,co-investor,0.93,38,3985753,0.35,1.06,1,828,0,3441408,0.34,1.77,0,651,0
E00920,E02760,supplier,0.19,33,6364068,0.76,1.72,1,585,0,3441408,0.34,1.77,0,651,0
E00898,E02760,co-investor,0.34,49,7914391,0.23,0.6,1,639,0,3441408,0.34,1.77,0,651,0
E01188,E02760,co-investor,0.48,30,5060323,0.31,0.85,2,795,0,3441408,0.34,1.77,0,651,0
E00548,E02760,supplier,0.14,25,2942651,0.79,1.27,3,512,1,3441408,0.34,1.77,0,651,0
E00707,E01151,parent_company,0.21,18,3985753,0.35,1.06,1,828,0,3178592,0.41,0.76,1,836,0
E02045,E01151,co-investor,0.93,19,2155986,0.9,1.53,2,532,0,3178592,0.41,0.76,1,836,0
E00707,E01568,supplier,0.34,50,3985753,0.35,1.06,1,828,0,6239852,0.46,0.94,1,664,0
E00562,E01568,parent_company,0.68,44,3634015,0.49,1.69,3,736,0,6239852,0.46,0.94,1,664,0
E00277,E01568,parent_company,0.71,15,100000,0.41,1.03,2,759,0,6239852,0.46,0.94,1,664,0
E02698,E01568,co-investor,0.76,49,6639456,0.6,0.61,2,762,0,6239852,0.46,0.94,1,664,0
E01061,E01568,supplier,0.53,43,5595964,0.65,1.27,5,612,0,6239852,0.46,0.94,1,664,0
E02093,E01592,shared_director,0.64,37,8537543,0.47,1.09,3,531,0,5314109,0.32,0.56,1,791,0
E00199,E01592,co-investor,0.48,16,7258138,0.42,1.48,2,679,0,5314109,0.32,0.56,1,791,0
E00668,E01592,shared_director,0.36,49,6258827,0.65,1.3,1,529,1,5314109,0.32,0.56,1,791,0
E02093,E00249,shared_director,0.47,7,8537543,0.47,1.09,3,531,0,4008061,0.2,1.37,2,653,0
E01785,E00249,supplier,0.45,15,3714485,0.43,1.91,2,591,0,4008061,0.2,1.37,2,653,0
E02093,E00609,co-investor,0.46,26,8537543,0.47,1.09,3,531,0,5999274,0.62,0.65,2,604,1
E01577,E00609,supplier,0.11,11,6683056,0.31,1.15,0,646,0,5999274,0.62,0.65,2,604,1
E00185,E00609,supplier,0.94,28,7129137,0.97,0.77,2,764,0,5999274,0.62,0.65,2,604,1
E01572,E01733,parent_company,0.54,35,6169145,0.31,0.66,1,799,1,6548262,0.67,1.1,3,833,0
E02787,E01733,co-investor,0.15,24,4556622,0.65,1.36,0,822,0,6548262,0.67,1.1,3,833,0
E00967,E01733,parent_company,0.23,12,3047249,0.96,1.57,1,640,0,6548262,0.67,1.1,3,833,0
E02801,E01733,co-investor,0.33,12,4797243,0.54,1.69,1,822,0,6548262,0.67,1.1,3,833,0
E00910,E01733,shared_director,0.91,29,8773229,0.96,1.91,2,830,0,6548262,0.67,1.1,3,833,0
E01572,E02062,co-investor,0.25,3,6169145,0.31,0.66,1,799,1,5983084,0.78,0.65,1,686,0
E00536,E02062,supplier,0.48,4,7870363,0.75,0.69,1,565,1,5983084,0.78,0.65,1,686,0
E02706,E02062,shared_director,0.57,5,5699539,0.94,1.44,2,658,0,5983084,0.78,0.65,1,686,0
E01383,E02062,shared_director,0.25,48,3928773,0.33,0.68,1,565,0,5983084,0.78,0.65,1,686,0
E01572,E01844,co-investor,0.87,29,6169145,0.31,0.66,1,799,1,6994187,0.25,0.96,3,654,0
E02262,E01844,shared_director,0.42,12,4945336,0.1,1.07,3,674,0,6994187,0.25,0.96,3,654,0
E00148,E01844,shared_director,0.51,45,260557,0.95,0.51,3,518,1,6994187,0.25,0.96,3,654,0
E01250,E01844,shared_director,0.12,14,6517877,0.85,0.72,3,726,0,6994187,0.25,0.96,3,654,0
E02372,E01844,co-investor,0.29,31,6718627,0.58,1.12,3,747,0,6994187,0.25,0.96,3,654,0
E02073,E01844,co-investor,0.89,44,7322797,0.42,0.82,4,762,0,6994187,0.25,0.96,3,654,0
E00747,E01844,supplier,0.62,11,1931402,0.43,0.95,0,509,0,6994187,0.25,0.96,3,654,0
E01572,E01110,supplier,0.28,14,6169145,0.31,0.66,1,799,1,3419867,0.21,0.7,1,768,0
E00839,E01110,co-investor,0.51,43,4032377,0.38,0.52,1,589,0,3419867,0.21,0.7,1,768,0
E00616,E01110,co-investor,0.67,21,3598336,0.79,0.56,2,754,0,3419867,0.21,0.7,1,768,0
E02841,E02643,parent_company,0.6,32,3814980,0.57,1.1,2,628,0,3004650,0.76,1.84,2,602,0
E02341,E02643,co-investor,0.47,11,6132171,0.93,1.64,2,624,0,3004650,0.76,1.84,2,602,0
E02501,E02643,shared_director,0.7,34,7992204,0.18,2.0,3,811,0,3004650,0.76,1.84,2,602,0
E00036,E02643,supplier,0.52,32,2720491,0.61,1.87,2,621,0,3004650,0.76,1.84,2,602,0
E02841,E00863,supplier,1.0,42,3814980,0.57,1.1,2,628,0,5988886,0.47,1.27,0,737,0
E01053,E00863,co-investor,0.24,47,6965146,0.17,1.93,3,747,0,5988886,0.47,1.27,0,737,0
E01417,E00863,co-investor,0.63,30,4690150,0.25,1.81,3,699,0,5988886,0.47,1.27,0,737,0
E00185,E00863,parent_company,0.21,11,7129137,0.97,0.77,2,764,0,5988886,0.47,1.27,0,737,0
E02538,E00220,co-investor,0.96,32,3779954,0.7,1.24,2,577,1,3633136,0.33,1.27,1,778,0
E01260,E00220,co-investor,0.75,48,6465298,0.2,0.97,0,736,0,3633136,0.33,1.27,1,778,0
E00572,E00220,supplier,0.65,48,6450302,0.76,1.86,0,751,1,3633136,0.33,1.27,1,778,0
E00938,E00220,supplier,0.73,44,1125275,0.65,1.28,0,695,0,3633136,0.33,1.27,1,778,0
E02538,E00564,supplier,0.15,18,3779954,0.7,1.24,2,577,1,7252234,0.49,1.48,2,790,0
E00670,E00564,parent_company,0.83,34,5162553,0.39,0.62,2,508,0,7252234,0.49,1.48,2,790,0
E02365,E00564,shared_director,0.73,19,4445367,0.35,1.28,0,731,0,7252234,0.49,1.48,2,790,0
E00997,E00564,supplier,0.12,6,4146485,0.92,0.52,1,778,1,7252234,0.49,1.48,2,790,0
E01932,E00564,shared_director,0.64,4,3603022,0.49,1.78,1,670,0,7252234,0.49,1.48,2,790,0
E00560,E00982,co-investor,0.8,38,8067956,0.27,1.68,2,666,0,5174662,0.11,1.26,0,776,0
E02562,E00982,co-investor,0.36,48,4348825,0.54,0.55,1,575,0,5174662,0.11,1.26,0,776,0
E00115,E00982,co-investor,0.25,7,2516997,0.26,0.59,0,784,0,5174662,0.11,1.26,0,776,0
E00560,E02885,parent_company,0.79,15,8067956,0.27,1.68,2,666,0,6241495,0.46,0.92,2,617,0
E02608,E02885,co-investor,0.53,22,3468279,0.11,1.49,1,781,0,6241495,0.46,0.92,2,617,0
E02909,E02030,shared_director,0.65,24,579914,0.72,1.68,2,695,1,3625231,0.81,1.07,0,680,0
E01450,E02030,supplier,0.78,26,5030757,0.12,0.64,0,549,0,3625231,0.81,1.07,0,680,0
E01238,E02030,parent_company,0.34,40,581696,0.84,1.33,1,574,1,3625231,0.81,1.07,0,680,0
E01912,E02030,co-investor,0.57,3,8181809,0.15,0.97,1,789,1,3625231,0.81,1.07,0,680,0
E02126,E02030,parent_company,0.64,25,5947386,0.55,1.6,1,584,0,3625231,0.81,1.07,0,680,0
E02764,E02030,shared_director,0.1,31,3915435,0.15,1.45,1,664,0,3625231,0.81,1.07,0,680,0
E02909,E01503,shared_director,0.16,14,579914,0.72,1.68,2,695,1,8095999,0.72,1.97,3,773,1
E02225,E01503,supplier,0.78,29,806648,0.49,0.74,1,841,0,8095999,0.72,1.97,3,773,1
E02198,E01503,co-investor,0.41,2,8282319,0.81,1.08,3,639,0,8095999,0.72,1.97,3,773,1
E01939,E01503,parent_company,0.49,27,7171853,0.95,1.26,1,625,0,8095999,0.72,1.97,3,773,1
E00127,E00904,co-investor,0.13,15,4328569,0.87,1.2,0,743,0,3328475,0.18,1.62,2,644,0
E02522,E00904,supplier,0.82,28,4851262,0.55,1.27,3,621,0,3328475,0.18,1.62,2,644,0
E01697,E00904,shared_director,0.18,19,5960609,0.23,1.84,2,645,0,3328475,0.18,1.62,2,644,0
E00614,E00904,shared_director,0.82,31,6502751,0.43,1.97,2,575,1,3328475,0.18,1.62,2,644,0
E02671,E00904,supplier,0.78,50,6216815,0.73,1.58,1,780,0,3328475,0.18,1.62,2,644,0
E00127,E00829,co-investor,0.17,16,4328569,0.87,1.2,0,743,0,3292526,0.35,1.79,3,577,0
E01753,E00829,parent_company,0.89,20,5139493,0.65,0.51,4,503,0,3292526,0.35,1.79,3,577,0
E00745,E00829,co-investor,0.69,17,5031373,0.7,1.7,0,608,0,3292526,0.35,1.79,3,577,0
E01842,E00829,co-investor,0.97,24,4398393,0.32,0.72,2,743,0,3292526,0.35,1.79,3,577,0
E01923,E00829,parent_company,1.0,2,3440687,0.48,1.78,1,760,0,3292526,0.35,1.79,3,577,0
E02203,E01879,co-investor,0.19,40,7447706,0.77,1.08,1,557,1,8498448,0.4,0.71,3,572,0
E00716,E01879,parent_company,0.66,13,5395157,0.88,1.47,1,761,0,8498448,0.4,0.71,3,572,0
E00913,E01879,co-investor,0.32,12,3750420,0.91,1.68,3,602,0,8498448,0.4,0.71,3,572,0
E02029,E02252,supplier,0.62,18,3483829,0.29,0.88,3,646,0,6077838,0.53,1.26,3,752,0
E01471,E02252,co-investor,0.59,25,5383013,0.79,1.37,0,736,0,6077838,0.53,1.26,3,752,0
E00634,E02252,co-investor,0.21,15,1629378,0.59,1.45,0,520,1,6077838,0.53,1.26,3,752,0
E02839,E02252,shared_director,0.5,20,1911245,0.88,0.56,2,635,0,6077838,0.53,1.26,3,752,0
E00664,E02252,parent_company,0.21,12,8453667,0.27,1.79,2,810,0,6077838,0.53,1.26,3,752,0
E02029,E01139,parent_company,0.75,27,3483829,0.29,0.88,3,646,0,4556278,0.62,1.31,4,790,0
E00282,E01139,shared_director,0.25,20,2736367,0.4,1.31,2,743,0,4556278,0.62,1.31,4,790,0
E02029,E02715,parent_company,0.11,22,3483829,0.29,0.88,3,646,0,6314729,0.47,1.2,1,531,0
E00702,E02715,shared_director,0.49,3,5927944,0.28,1.8,4,745,0,6314729,0.47,1.2,1,531,0
E02029,E02083,supplier,0.72,37,3483829,0.29,0.88,3,646,0,2597393,0.74,0.74,0,846,0
E00782,E02083,co-investor,0.67,26,5414187,0.52,0.96,0,562,0,2597393,0.74,0.74,0,846,0
E02225,E01772,parent_company,0.95,21,806648,0.49,0.74,1,841,0,7293247,0.86,1.52,0,545,0
E01475,E01772,shared_director,0.32,13,5406605,0.18,1.87,0,689,0,7293247,0.86,1.52,0,545,0
E02225,E00176,co-investor,0.46,16,806648,0.49,0.74,1,841,0,4199237,0.7,1.37,1,619,0
E00959,E00176,parent_company,0.57,24,6800353,0.31,1.24,2,503,1,4199237,0.7,1.37,1,619,0
E01735,E00176,parent_company,0.2,7,5386414,0.99,1.46,1,529,0,4199237,0.7,1.37,1,619,0
E00162,E00176,parent_company,0.82,24,5358073,0.45,1.28,5,799,0,4199237,0.7,1.37,1,619,0
E01669,E00176,co-investor,0.67,50,3095642,0.37,1.81,3,833,0,4199237,0.7,1.37,1,619,0
E02225,E02805,supplier,0.95,35,806648,0.49,0.74,1,841,0,5373524,0.54,1.0,3,663,0
E01387,E02805,supplier,0.24,2,5842759,0.54,1.02,2,712,0,5373524,0.54,1.0,3,663,0
E00632,E02805,co-investor,0.1,11,5535502,0.92,1.22,4,748,0,5373524,0.54,1.0,3,663,0
E02238,E00896,shared_director,0.19,42,5890172,0.51,0.96,0,567,0,5677441,0.61,0.81,2,723,0
E01954,E00896,co-investor,0.19,11,2431139,0.97,0.52,3,726,0,5677441,0.61,0.81,2,723,0
E01014,E01220,supplier,0.5,23,2931254,0.55,0.91,4,711,0,675561,0.51,1.16,0,711,0
E00618,E01220,supplier,0.4,6,3879103,0.97,1.18,3,709,0,675561,0.51,1.16,0,711,0
E01014,E00318,co-investor,0.21,8,2931254,0.55,0.91,4,711,0,2117011,0.25,1.2,1,722,0
E02865,E00318,shared_director,0.21,1,4024013,0.95,0.51,0,742,0,2117011,0.25,1.2,1,722,0
E00345,E00318,supplier,0.52,17,4770819,0.47,1.56,1,576,0,2117011,0.25,1.2,1,722,0
E00004,E00318,supplier,0.91,19,5807641,0.54,0.93,2,722,0,2117011,0.25,1.2,1,722,0
E01014,E01936,supplier,0.14,2,2931254,0.55,0.91,4,711,0,7825668,0.34,1.13,2,567,0
E01311,E01936,parent_company,0.6,21,1920666,0.83,0.62,1,548,1,7825668,0.34,1.13,2,567,0
E00855,E01936,co-investor,0.19,48,5652549,0.33,1.96,1,648,0,7825668,0.34,1.13,2,567,0
E00357,E00145,co-investor,0.26,25,6011003,0.2,0.52,1,593,1,4683797,0.7,1.31,0,736,0
E02574,E00145,supplier,0.12,31,3608277,0.13,1.06,3,636,0,4683797,0.7,1.31,0,736,0
E00357,E00567,shared_director,0.38,11,6011003,0.2,0.52,1,593,1,2686511,0.41,0.97,1,795,0
E02192,E00567,parent_company,0.78,29,4950685,0.72,1.58,3,609,0,2686511,0.41,0.97,1,795,0
E00839,E00567,co-investor,0.31,8,4032377,0.38,0.52,1,589,0,2686511,0.41,0.97,1,795,0
E01366,E00567,parent_company,0.44,36,7983839,0.12,0.71,1,571,1,2686511,0.41,0.97,1,795,0
E01473,E00567,co-investor,0.79,29,2889225,0.91,1.92,1,808,0,2686511,0.41,0.97,1,795,0
E00860,E01944,parent_company,0.56,36,6155821,0.36,1.16,2,628,0,4517537,0.6,1.67,1,568,0
E01598,E01944,co-investor,0.23,28,6144185,0.48,1.28,0,565,0,4517537,0.6,1.67,1,568,0
E02853,E01944,parent_company,0.86,12,4604461,0.34,1.15,4,642,0,4517537,0.6,1.67,1,568,0
E02729,E01944,shared_director,0.4,12,6197478,0.32,1.13,2,767,0,4517537,0.6,1.67,1,568,0
E02893,E01944,co-investor,0.38,34,4007895,0.39,0.79,3,715,0,4517537,0.6,1.67,1,568,0
E00954,E01944,shared_director,0.76,23,4896711,0.41,1.27,1,552,0,4517537,0.6,1.67,1,568,0
E00860,E02818,supplier,0.7,3,6155821,0.36,1.16,2,628,0,6614889,0.97,0.9,1,654,0
E00801,E02818,shared_director,0.77,43,5473922,0.12,0.69,0,539,1,6614889,0.97,0.9,1,654,0
E01713,E02818,co-investor,0.65,41,7174928,0.95,1.43,2,823,0,6614889,0.97,0.9,1,654,0
E02592,E01754,parent_company,0.65,14,6085656,0.68,0.65,6,654,0,3720470,0.25,1.14,2,849,0
E00060,E01754,parent_company,0.32,28,2361709,0.24,1.13,1,680,0,3720470,0.25,1.14,2,849,0
E01665,E01754,supplier,0.41,44,4042865,0.75,0.61,0,760,1,3720470,0.25,1.14,2,849,0
E01748,E01754,supplier,0.66,17,6619715,0.93,0.91,1,826,1,3720470,0.25,1.14,2,849,0
E02592,E02345,parent_company,0.74,40,6085656,0.68,0.65,6,654,0,1585231,0.66,1.01,4,795,0
E00161,E02345,parent_company,0.15,17,5190641,0.86,1.6,0,637,1,1585231,0.66,1.01,4,795,0
E02668,E02345,co-investor,0.83,20,3484287,0.76,1.74,1,586,0,1585231,0.66,1.01,4,795,0
E01928,E02345,parent_company,0.61,45,6199718,0.99,0.62,2,786,0,1585231,0.66,1.01,4,795,0
E00938,E02345,shared_director,0.96,2,1125275,0.65,1.28,0,695,0,1585231,0.66,1.01,4,795,0
E02884,E02345,shared_director,0.43,21,3867742,0.57,1.96,3,808,0,1585231,0.66,1.01,4,795,0
E02207,E00805,co-investor,0.76,41,8405392,0.37,1.5,1,790,0,3038165,0.65,1.18,3,672,0
E02472,E00805,parent_company,0.36,12,7329229,0.37,1.75,3,800,0,3038165,0.65,1.18,3,672,0
E01604,E00805,co-investor,0.64,13,7350566,0.15,1.02,0,847,0,3038165,0.65,1.18,3,672,0
E01751,E00805,shared_director,0.52,5,7223157,0.77,1.7,0,569,1,3038165,0.65,1.18,3,672,0
E01714,E00805,parent_company,0.39,14,6848323,0.33,1.11,1,689,0,3038165,0.65,1.18,3,672,0
E02032,E00805,parent_company,0.17,23,4686515,0.16,1.49,1,697,0,3038165,0.65,1.18,3,672,0
E01374,E00805,shared_director,0.62,29,4517171,0.76,1.65,2,718,0,3038165,0.65,1.18,3,672,0
E02207,E00782,supplier,0.37,30,8405392,0.37,1.5,1,790,0,5414187,0.52,0.96,0,562,0
E02146,E00782,supplier,0.89,49,6598357,0.18,0.59,1,682,0,5414187,0.52,0.96,0,562,0
E01534,E00782,shared_director,0.24,16,2297108,0.89,0.9,2,631,0,5414187,0.52,0.96,0,562,0
E00243,E01136,parent_company,0.73,9,1860079,0.21,1.01,3,586,0,4873107,0.59,1.48,0,716,0
E00953,E01136,co-investor,0.32,44,2777173,0.28,1.14,0,838,0,4873107,0.59,1.48,0,716,0
E01958,E01136,parent_company,0.15,13,5519147,0.86,1.3,0,835,1,4873107,0.59,1.48,0,716,0
E00243,E02850,co-investor,0.61,27,1860079,0.21,1.01,3,586,0,100000,0.72,1.44,3,505,0
E02915,E02850,supplier,0.92,6,2997875,0.97,1.35,1,638,0,100000,0.72,1.44,3,505,0
E02663,E02850,shared_director,0.45,19,8070297,0.84,0.84,3,552,0,100000,0.72,1.44,3,505,0
E01948,E02850,supplier,0.75,26,3166230,0.34,0.61,3,642,0,100000,0.72,1.44,3,505,0
E01023,E00600,co-investor,0.85,49,3581932,0.8,1.68,2,561,1,4849711,0.85,1.74,0,646,1
E01023,E02840,supplier,0.42,7,3581932,0.8,1.68,2,561,1,5264545,0.95,1.21,1,677,0
E02758,E02840,supplier,0.27,30,2764442,0.87,1.46,2,618,1,5264545,0.95,1.21,1,677,0
E01023,E02534,co-investor,0.24,7,3581932,0.8,1.68,2,561,1,6310081,0.14,1.38,3,529,0
E01893,E02534,shared_director,0.79,40,710394,0.67,1.59,1,724,0,6310081,0.14,1.38,3,529,0
E01023,E00748,parent_company,0.37,2,3581932,0.8,1.68,2,561,1,6824870,0.98,1.46,0,701,0
E00614,E00748,shared_director,0.77,48,6502751,0.43,1.97,2,575,1,6824870,0.98,1.46,0,701,0
E02068,E00748,shared_director,0.84,33,4415480,0.32,1.47,2,660,0,6824870,0.98,1.46,0,701,0
E02197,E00748,supplier,0.67,17,6083684,0.17,1.61,1,693,0,6824870,0.98,1.46,0,701,0
E02826,E00748,co-investor,0.57,36,5425899,0.5,0.56,2,565,0,6824870,0.98,1.46,0,701,0
E01023,E00224,co-investor,0.46,30,3581932,0.8,1.68,2,561,1,5627723,0.64,0.61,1,831,0
E00713,E00224,co-investor,0.32,49,5101071,0.44,0.93,1,509,0,5627723,0.64,0.61,1,831,0
E02770,E01609,shared_director,0.23,41,4282592,0.7,1.58,2,747,1,6236976,0.75,1.58,0,549,0
E01842,E01609,co-investor,0.69,3,4398393,0.32,0.72,2,743,0,6236976,0.75,1.58,0,549,0
E00012,E01609,shared_director,0.51,49,4110724,0.55,0.92,3,515,0,6236976,0.75,1.58,0,549,0
E02770,E01544,supplier,0.85,21,4282592,0.7,1.58,2,747,1,4784881,0.74,0.67,0,742,1
E00454,E01544,shared_director,0.41,40,2492383,0.66,0.58,3,747,0,4784881,0.74,0.67,0,742,1
E02770,E00522,supplier,0.27,43,4282592,0.7,1.58,2,747,1,5615241,0.28,1.9,1,534,0
E01376,E00522,supplier,0.72,4,7202311,0.83,1.22,7,782,0,5615241,0.28,1.9,1,534,0
E00267,E00522,co-investor,0.94,15,3298887,0.99,1.39,0,646,0,5615241,0.28,1.9,1,534,0
E02545,E00522,shared_director,0.65,27,6346264,0.5,1.96,1,651,0,5615241,0.28,1.9,1,534,0
E01101,E00484,supplier,0.4,28,6527182,0.98,1.67,2,546,1,6041328,0.21,1.82,0,817,0
E02581,E00484,parent_company,0.92,11,7105583,0.17,1.47,1,628,0,6041328,0.21,1.82,0,817,0
E02913,E00484,supplier,0.42,5,5796898,0.3,1.79,2,588,1,6041328,0.21,1.82,0,817,0
E01101,E02514,supplier,0.17,14,6527182,0.98,1.67,2,546,1,4836954,0.58,1.91,1,726,0
E02887,E02514,co-investor,0.57,23,2191997,0.18,0.58,0,630,0,4836954,0.58,1.91,1,726,0
E01581,E02514,shared_director,0.98,17,3872599,0.51,1.37,2,737,0,4836954,0.58,1.91,1,726,0
E02596,E00382,shared_director,0.56,18,3551506,0.38,1.86,2,780,0,4949221,0.37,0.89,0,521,0
E02094,E00382,co-investor,0.1,29,4015712,0.52,0.98,0,715,0,4949221,0.37,0.89,0,521,0
E02281,E00382,shared_director,0.78,32,3698334,0.25,1.18,2,539,0,4949221,0.37,0.89,0,521,0
E02596,E02143,co-investor,0.65,31,3551506,0.38,1.86,2,780,0,6863142,0.4,1.74,2,785,0
E02734,E02143,shared_director,0.95,35,4688868,0.87,1.33,3,803,0,6863142,0.4,1.74,2,785,0
E01110,E02143,shared_director,0.47,12,3419867,0.21,0.7,1,768,0,6863142,0.4,1.74,2,785,0
E01745,E02143,co-investor,0.2,12,2765717,0.69,1.78,0,820,0,6863142,0.4,1.74,2,785,0
E00057,E02143,supplier,0.49,44,2749161,0.82,1.24,1,524,0,6863142,0.4,1.74,2,785,0
E02846,E01512,shared_director,0.96,21,3903667,0.69,1.97,3,637,0,2732368,0.24,1.08,0,573,0
E00166,E01512,parent_company,0.64,47,3682462,0.27,1.59,2,817,0,2732368,0.24,1.08,0,573,0
E02768,E01512,co-investor,0.59,12,4276822,0.33,0.84,0,761,0,2732368,0.24,1.08,0,573,0
E02846,E00183,co-investor,0.2,31,3903667,0.69,1.97,3,637,0,2361304,0.9,0.82,4,650,0
E02073,E00183,shared_director,0.12,41,7322797,0.42,0.82,4,762,0,2361304,0.9,0.82,4,650,0
E01870,E00183,co-investor,0.4,27,5368495,0.32,1.81,1,815,0,2361304,0.9,0.82,4,650,0
E00695,E00183,supplier,0.7,7,9311486,0.43,1.44,3,789,0,2361304,0.9,0.82,4,650,0
E02846,E00953,co-investor,0.89,24,3903667,0.69,1.97,3,637,0,2777173,0.28,1.14,0,838,0
E01955,E00953,supplier,0.35,35,4735825,0.54,0.95,1,783,0,2777173,0.28,1.14,0,838,0
E01002,E00953,supplier,0.58,44,10326364,0.53,0.96,3,769,0,2777173,0.28,1.14,0,838,0
E02846,E01561,parent_company,0.77,21,3903667,0.69,1.97,3,637,0,2659964,0.45,1.91,4,724,0
E02539,E01561,co-investor,0.98,43,6354719,0.36,1.35,3,706,0,2659964,0.45,1.91,4,724,0
E00322,E01561,co-investor,0.52,10,4190668,0.79,0.95,1,607,0,2659964,0.45,1.91,4,724,0
E02345,E01561,shared_director,0.7,25,1585231,0.66,1.01,4,795,0,2659964,0.45,1.91,4,724,0
E01814,E01561,co-investor,0.48,40,8390776,0.44,1.0,0,590,0,2659964,0.45,1.91,4,724,0
E02384,E01272,co-investor,0.78,35,6164488,0.27,0.67,1,817,0,5977383,0.89,1.21,2,820,0
E02145,E01272,co-investor,0.23,7,5663885,0.63,0.65,1,661,0,5977383,0.89,1.21,2,820,0
E02534,E01272,shared_director,0.78,5,6310081,0.14,1.38,3,529,0,5977383,0.89,1.21,2,820,0
E01006,E01272,shared_director,0.54,28,8623009,0.61,0.6,4,822,0,5977383,0.89,1.21,2,820,0
E00582,E01272,shared_director,0.58,17,3031455,0.98,1.54,0,511,1,5977383,0.89,1.21,2,820,0
E00186,E01272,supplier,0.32,44,5239211,0.71,1.85,4,719,0,5977383,0.89,1.21,2,820,0
E02384,E02758,shared_director,0.77,40,6164488,0.27,0.67,1,817,0,2764442,0.87,1.46,2,618,1
E01596,E02758,supplier,0.58,42,3837707,0.74,1.23,1,745,1,2764442,0.87,1.46,2,618,1
E02818,E02758,shared_director,0.97,10,6614889,0.97,0.9,1,654,0,2764442,0.87,1.46,2,618,1
E01174,E02758,co-investor,0.83,26,10375068,0.73,1.13,3,787,0,2764442,0.87,1.46,2,618,1
E02384,E01694,parent_company,0.69,23,6164488,0.27,0.67,1,817,0,5457153,0.81,1.83,0,523,0
E00632,E01694,co-investor,0.37,49,5535502,0.92,1.22,4,748,0,5457153,0.81,1.83,0,523,0
E01358,E01694,parent_company,0.6,16,3549462,0.25,1.35,2,803,0,5457153,0.81,1.83,0,523,0
E00057,E01694,supplier,0.41,29,2749161,0.82,1.24,1,524,0,5457153,0.81,1.83,0,523,0
E00777,E01694,co-investor,0.79,45,394606,0.37,1.07,3,703,0,5457153,0.81,1.83,0,523,0
E02601,E02721,co-investor,0.87,35,6803246,0.21,1.84,3,715,0,6672657,0.56,1.28,0,516,0
E02601,E00789,parent_company,0.96,35,6803246,0.21,1.84,3,715,0,7821136,0.54,1.26,0,715,0
E00414,E00789,parent_company,0.68,24,5715851,0.97,1.35,3,753,0,7821136,0.54,1.26,0,715,0
E01428,E00789,parent_company,0.29,1,5670074,0.2,1.22,1,567,0,7821136,0.54,1.26,0,715,0
E01883,E00789,co-investor,0.81,50,6085408,0.14,1.03,1,724,0,7821136,0.54,1.26,0,715,0
E01571,E00789,co-investor,0.13,5,5075723,0.62,1.97,2,515,0,7821136,0.54,1.26,0,715,0
E00287,E00789,supplier,0.67,10,6865993,0.31,1.17,3,612,0,7821136,0.54,1.26,0,715,0
E00950,E00789,parent_company,0.15,10,5803542,0.22,0.76,4,615,0,7821136,0.54,1.26,0,715,0
E02601,E00733,co-investor,0.24,42,6803246,0.21,1.84,3,715,0,6080225,0.15,1.67,1,755,0
E01512,E00733,parent_company,0.58,12,2732368,0.24,1.08,0,573,0,6080225,0.15,1.67,1,755,0
E01977,E00733,co-investor,0.6,31,4630830,0.79,0.95,3,835,0,6080225,0.15,1.67,1,755,0
E01103,E00733,supplier,0.8,36,1963102,0.53,1.45,1,591,0,6080225,0.15,1.67,1,755,0
E00636,E00733,parent_company,0.21,40,4995832,0.41,1.92,0,526,0,6080225,0.15,1.67,1,755,0
E01630,E00893,shared_director,0.84,32,6175463,0.1,1.79,1,586,0,3365629,0.56,1.24,1,772,0
E00420,E00893,parent_company,0.55,13,6900290,0.58,1.75,4,754,0,3365629,0.56,1.24,1,772,0
E00849,E00893,co-investor,0.42,18,7427462,0.95,1.61,1,678,0,3365629,0.56,1.24,1,772,0
E01630,E02224,supplier,0.82,5,6175463,0.1,1.79,1,586,0,6321446,0.18,0.93,0,606,0
E02919,E02224,co-investor,0.28,30,100000,0.5,1.15,1,667,0,6321446,0.18,0.93,0,606,0
E00314,E02224,shared_director,0.95,44,4197240,0.17,1.41,5,538,0,6321446,0.18,0.93,0,606,0
E01208,E02224,shared_director,0.27,12,5013736,0.37,0.93,2,790,0,6321446,0.18,0.93,0,606,0
E01240,E02224,shared_director,0.54,28,4386237,0.69,1.56,2,800,0,6321446,0.18,0.93,0,606,0
E00667,E02224,shared_director,0.44,43,3018615,0.3,1.96,3,686,0,6321446,0.18,0.93,0,606,0
E02340,E02224,parent_company,0.68,48,5333323,0.56,1.45,2,801,0,6321446,0.18,0.93,0,606,0
E01559,E02224,shared_director,0.81,24,2403746,0.96,1.54,0,512,0,6321446,0.18,0.93,0,606,0
E01100,E01323,co-investor,0.4,37,940652,0.16,1.17,1,608,0,2477090,0.15,0.65,0,566,0
E02404,E01323,co-investor,0.61,43,3726659,0.83,1.11,2,631,0,2477090,0.15,0.65,0,566,0
E02818,E01323,parent_company,0.62,20,6614889,0.97,0.9,1,654,0,2477090,0.15,0.65,0,566,0
E00527,E01323,supplier,0.21,21,2846678,0.87,0.59,1,792,1,2477090,0.15,0.65,0,566,0
E01100,E00194,supplier,0.71,28,940652,0.16,1.17,1,608,0,4884190,0.23,1.79,2,802,0
E00528,E00194,parent_company,0.87,16,6336815,0.7,1.84,1,584,1,4884190,0.23,1.79,2,802,0
E02858,E00194,supplier,0.79,42,3530883,0.4,0.66,0,830,0,4884190,0.23,1.79,2,802,0
E01100,E02487,parent_company,0.81,13,940652,0.16,1.17,1,608,0,7693339,0.13,1.41,5,761,0
E01271,E02487,co-investor,0.66,22,6056136,0.26,1.38,1,516,1,7693339,0.13,1.41,5,761,0
E00821,E02487,shared_director,0.24,29,6283374,0.97,1.39,2,516,0,7693339,0.13,1.41,5,761,0
E02837,E02487,co-investor,0.14,38,7800799,0.62,1.91,1,816,0,7693339,0.13,1.41,5,761,0
E01268,E02487,supplier,0.89,10,2810826,0.79,1.28,1,627,0,7693339,0.13,1.41,5,761,0
E00535,E02579,supplier,0.14,42,5681200,0.15,0.97,3,639,1,6210447,0.49,1.8,4,579,0
E02746,E02579,parent_company,0.88,28,5676504,0.7,1.27,1,644,0,6210447,0.49,1.8,4,579,0
E02428,E02579,shared_director,0.65,20,3586878,0.94,1.79,2,628,0,6210447,0.49,1.8,4,579,0
E02885,E02579,co-investor,0.94,23,6241495,0.46,0.92,2,617,0,6210447,0.49,1.8,4,579,0
E02084,E02579,shared_director,0.33,7,6383762,0.93,1.32,3,801,0,6210447,0.49,1.8,4,579,0
E00726,E02579,parent_company,0.88,29,5107976,0.31,0.65,2,649,0,6210447,0.49,1.8,4,579,0
E00535,E01859,co-investor,0.27,42,5681200,0.15,0.97,3,639,1,6620690,0.57,1.6,2,682,0
E01783,E01859,shared_director,0.21,46,8027195,0.69,1.37,3,613,0,6620690,0.57,1.6,2,682,0
E02032,E01859,co-investor,0.78,10,4686515,0.16,1.49,1,697,0,6620690,0.57,1.6,2,682,0
E01570,E01859,parent_company,0.83,16,4688357,0.54,0.75,2,707,0,6620690,0.57,1.6,2,682,0
E00535,E00755,parent_company,0.14,25,5681200,0.15,0.97,3,639,1,3985784,0.88,0.73,0,516,0
E01975,E00755,supplier,0.14,23,4819750,0.16,0.94,3,703,1,3985784,0.88,0.73,0,516,0
E00199,E00189,supplier,0.66,30,7258138,0.42,1.48,2,679,0,7572537,0.32,1.17,2,655,0
E01806,E00189,supplier,0.34,21,6852124,0.75,1.89,1,533,1,7572537,0.32,1.17,2,655,0
E01925,E00189,shared_director,0.72,46,5211498,0.92,1.02,1,838,0,7572537,0.32,1.17,2,655,0
E00199,E01285,supplier,0.32,18,7258138,0.42,1.48,2,679,0,5099157,0.23,0.93,2,533,0
E00935,E01285,co-investor,0.69,46,7294818,0.32,0.7,1,533,0,5099157,0.23,0.93,2,533,0
E02559,E01285,co-investor,0.18,27,6050380,0.57,1.34,2,761,0,5099157,0.23,0.93,2,533,0
E01538,E01285,shared_director,0.83,12,3127422,0.66,1.34,2,749,0,5099157,0.23,0.93,2,533,0
E01291,E01285,supplier,0.88,39,7220604,0.2,1.54,0,600,0,5099157,0.23,0.93,2,533,0
E00836,E01285,supplier,0.84,33,1104232,0.5,1.64,1,738,0,5099157,0.23,0.93,2,533,0
E00199,E00136,parent_company,0.72,47,7258138,0.42,1.48,2,679,0,6103727,0.68,0.67,1,844,0
E02332,E00136,shared_director,0.68,15,5969757,0.29,0.8,0,558,0,6103727,0.68,0.67,1,844,0
E00575,E00136,co-investor,0.91,20,4494628,0.4,1.53,0,828,0,6103727,0.68,0.67,1,844,0
E00123,E00136,supplier,0.8,50,1493061,0.39,1.56,1,759,0,6103727,0.68,0.67,1,844,0
E01753,E00707,shared_director,0.89,20,5139493,0.65,0.51,4,503,0,3985753,0.35,1.06,1,828,0
E00406,E00707,shared_director,0.6,41,2874734,0.18,0.81,1,731,0,3985753,0.35,1.06,1,828,0
E00652,E01123,supplier,0.69,17,5066917,0.47,1.05,2,759,0,6447221,0.85,0.64,0,638,0
E02147,E01123,co-investor,0.85,20,5857581,0.5,0.58,2,764,0,6447221,0.85,0.64,0,638,0
E01707,E01123,supplier,0.65,37,381632,0.17,0.9,1,751,0,6447221,0.85,0.64,0,638,0
E01735,E01123,shared_director,0.39,43,5386414,0.99,1.46,1,529,0,6447221,0.85,0.64,0,638,0
E00652,E00269,co-investor,0.74,26,5066917,0.47,1.05,2,759,0,1502906,0.99,1.52,3,512,0
E01696,E00269,shared_director,0.88,47,5766200,0.22,1.49,3,638,0,1502906,0.99,1.52,3,512,0
E00656,E00269,supplier,0.45,39,5217085,0.66,0.82,1,530,1,1502906,0.99,1.52,3,512,0
E00008,E00269,supplier,0.67,8,5804068,0.64,0.53,1,512,0,1502906,0.99,1.52,3,512,0
E00652,E01941,shared_director,0.11,24,5066917,0.47,1.05,2,759,0,5000890,0.56,1.71,2,761,0
E01526,E01941,shared_director,0.45,17,8095140,0.59,0.51,0,624,0,5000890,0.56,1.71,2,761,0
E02337,E01941,co-investor,0.42,36,6649498,0.46,1.92,0,621,0,5000890,0.56,1.71,2,761,0
E00242,E01941,parent_company,0.3,1,8242217,0.49,1.81,3,549,0,5000890,0.56,1.71,2,761,0
E02678,E01941,supplier,0.51,33,3809793,0.53,1.55,1,620,0,5000890,0.56,1.71,2,761,0
E00652,E01003,parent_company,0.25,28,5066917,0.47,1.05,2,759,0,4408917,0.4,0.7,2,751,0
E00688,E01003,co-investor,0.16,10,3220507,0.45,1.11,2,568,0,4408917,0.4,0.7,2,751,0
E02014,E01003,co-investor,0.41,45,4764251,0.79,0.76,2,721,0,4408917,0.4,0.7,2,751,0
E00653,E01003,shared_director,0.75,5,3756363,0.89,1.23,4,820,0,4408917,0.4,0.7,2,751,0
E02642,E01003,supplier,0.21,18,4440863,0.54,1.26,1,843,0,4408917,0.4,0.7,2,751,0
E00119,E01003,shared_director,0.85,50,6512703,0.16,0.57,1,683,0,4408917,0.4,0.7,2,751,0
E00652,E01330,co-investor,0.56,28,5066917,0.47,1.05,2,759,0,2783670,0.74,0.85,2,799,0
E01208,E01330,supplier,0.66,1,5013736,0.37,0.93,2,790,0,2783670,0.74,0.85,2,799,0
E01271,E01330,shared_director,0.71,43,6056136,0.26,1.38,1,516,1,2783670,0.74,0.85,2,799,0
E02784,E01330,shared_director,0.72,40,6607838,0.37,1.96,3,593,0,2783670,0.74,0.85,2,799,0
E00338,E02624,parent_company,0.35,20,4644519,0.82,1.49,3,520,1,4356587,0.82,1.71,0,517,0
E00687,E02624,co-investor,0.48,40,2858811,0.92,1.5,2,720,1,4356587,0.82,1.71,0,517,0
E00338,E02009,supplier,0.54,21,4644519,0.82,1.49,3,520,1,7148494,0.17,0.94,4,752,0
E02279,E02009,supplier,0.88,28,5042560,0.88,0.76,1,550,0,7148494,0.17,0.94,4,752,0
E00797,E02009,co-investor,0.64,33,5177293,0.75,1.85,2,670,0,7148494,0.17,0.94,4,752,0
E00230,E02009,co-investor,0.73,8,3390426,0.28,1.57,1,595,0,7148494,0.17,0.94,4,752,0
E01520,E02009,co-investor,0.67,37,4916638,0.98,1.67,2,594,0,7148494,0.17,0.94,4,752,0
E01252,E02865,parent_company,0.49,6,6273192,0.25,1.3,1,688,0,4024013,0.95,0.51,0,742,0
E01982,E02865,shared_director,0.47,4,5088535,0.74,0.8,0,650,1,4024013,0.95,0.51,0,742,0
E02316,E02865,supplier,0.79,17,6066801,0.4,1.78,2,719,0,4024013,0.95,0.51,0,742,0
E00235,E02865,co-investor,0.55,26,2858843,0.86,1.43,2,604,1,4024013,0.95,0.51,0,742,0
E01252,E01666,co-investor,0.86,41,6273192,0.25,1.3,1,688,0,6915455,0.22,1.23,0,679,0
E01287,E01666,supplier,0.58,50,2174663,0.31,1.14,3,683,0,6915455,0.22,1.23,0,679,0
E00580,E01666,co-investor,0.41,4,3099303,0.54,1.63,1,724,0,6915455,0.22,1.23,0,679,0
E00095,E01666,parent_company,0.42,45,4821557,0.22,1.26,3,714,0,6915455,0.22,1.23,0,679,0
E00473,E01666,co-investor,0.84,25,7215440,0.29,1.83,2,667,0,6915455,0.22,1.23,0,679,0
E00217,E01666,supplier,0.23,28,6426799,0.68,0.89,2,570,1,6915455,0.22,1.23,0,679,0
E01252,E00292,supplier,0.63,11,6273192,0.25,1.3,1,688,0,6714891,0.48,1.14,0,732,0
E02410,E00292,shared_director,0.9,8,2397312,0.13,1.84,3,542,0,6714891,0.48,1.14,0,732,0
E01252,E00532,supplier,0.14,24,6273192,0.25,1.3,1,688,0,5593256,0.94,0.73,1,796,0
E00068,E00532,co-investor,0.54,36,4670928,0.75,1.79,2,501,0,5593256,0.94,0.73,1,796,0
E00544,E02156,parent_company,0.67,37,6270793,0.66,1.97,3,644,0,4759772,0.72,0.72,0,792,0
E00412,E02156,shared_director,0.61,31,3402909,0.93,1.07,0,662,0,4759772,0.72,0.72,0,792,0
E00970,E02156,supplier,0.44,6,4557773,0.16,1.38,1,762,0,4759772,0.72,0.72,0,792,0
E00455,E02156,co-investor,0.96,24,7753606,0.77,1.19,0,555,0,4759772,0.72,0.72,0,792,0
E00792,E02156,parent_company,0.61,12,6598998,0.51,0.94,0,676,0,4759772,0.72,0.72,0,792,0
E01155,E02156,co-investor,0.49,3,1787245,0.76,1.65,3,610,0,4759772,0.72,0.72,0,792,0
E02053,E02156,parent_company,0.92,9,7089027,0.18,0.66,2,848,0,4759772,0.72,0.72,0,792,0
E01682,E02156,co-investor,0.87,32,6641110,0.56,0.83,1,826,1,4759772,0.72,0.72,0,792,0
E02644,E02156,shared_director,0.81,18,7073293,0.88,1.9,3,606,1,4759772,0.72,0.72,0,792,0
E02843,E00542,shared_director,0.16,25,2567348,0.31,1.18,1,766,0,6139900,0.25,1.13,2,747,0
E01520,E00542,supplier,0.62,17,4916638,0.98,1.67,2,594,0,6139900,0.25,1.13,2,747,0
E01097,E00542,parent_company,0.85,42,3869430,0.68,1.14,3,592,0,6139900,0.25,1.13,2,747,0
E01748,E00542,supplier,0.83,2,6619715,0.93,0.91,1,826,1,6139900,0.25,1.13,2,747,0
E02742,E00542,supplier,0.66,23,2643119,0.4,1.25,2,664,0,6139900,0.25,1.13,2,747,0
E02843,E02690,shared_director,0.38,9,2567348,0.31,1.18,1,766,0,7283706,0.8,0.65,3,702,0
E02369,E02690,parent_company,0.32,47,8818837,0.92,1.36,0,802,1,7283706,0.8,0.65,3,702,0
E02529,E02690,parent_company,0.85,29,3739562,0.84,1.02,3,824,0,7283706,0.8,0.65,3,702,0
E02843,E00357,co-investor,0.83,48,2567348,0.31,1.18,1,766,0,6011003,0.2,0.52,1,593,1
E00437,E00357,supplier,0.92,50,3995488,0.93,1.44,3,664,0,6011003,0.2,0.52,1,593,1
E00372,E00357,co-investor,0.75,6,3485200,0.38,0.85,2,847,0,6011003,0.2,0.52,1,593,1
E00366,E00794,shared_director,0.67,18,5646491,0.93,1.14,0,582,0,5336790,0.99,1.81,2,604,0
E02556,E00794,parent_company,0.27,11,3269857,0.28,0.97,2,807,0,5336790,0.99,1.81,2,604,0
E00166,E00794,co-investor,0.4,9,3682462,0.27,1.59,2,817,0,5336790,0.99,1.81,2,604,0
E01835,E00794,parent_company,0.99,17,6615061,0.47,1.26,1,826,0,5336790,0.99,1.81,2,604,0
E00366,E02116,parent_company,0.46,48,5646491,0.93,1.14,0,582,0,7155302,0.94,1.02,1,570,0
E01985,E02116,co-investor,0.84,33,4612101,0.21,1.51,1,801,0,7155302,0.94,1.02,1,570,0
E02697,E02116,co-investor,0.77,2,7071449,0.64,1.58,1,565,0,7155302,0.94,1.02,1,570,0
E00912,E02116,co-investor,0.74,18,6912880,0.41,1.19,0,613,0,7155302,0.94,1.02,1,570,0
E00837,E02116,shared_director,0.39,41,6158885,0.56,0.53,0,845,0,7155302,0.94,1.02,1,570,0
E01334,E02116,shared_director,0.69,27,6798929,0.67,0.53,2,706,0,7155302,0.94,1.02,1,570,0
E00934,E02116,co-investor,0.86,30,5523325,0.99,1.72,2,768,1,7155302,0.94,1.02,1,570,0
E00562,E02134,parent_company,0.37,36,3634015,0.49,1.69,3,736,0,4374914,0.83,1.75,1,760,1
E00866,E02134,shared_director,0.77,34,7150866,0.87,0.61,1,591,0,4374914,0.83,1.75,1,760,1
E02896,E02134,co-investor,0.55,16,1595731,0.36,1.93,1,554,1,4374914,0.83,1.75,1,760,1
E00163,E02134,shared_director,0.68,19,6215133,0.25,0.61,0,825,1,4374914,0.83,1.75,1,760,1
E00020,E02134,co-investor,0.39,26,5561928,0.18,1.34,3,536,0,4374914,0.83,1.75,1,760,1
E00586,E00281,supplier,0.65,11,5793677,0.54,1.46,0,610,0,7647749,0.84,1.64,3,778,0
E00967,E00281,supplier,0.47,27,3047249,0.96,1.57,1,640,0,7647749,0.84,1.64,3,778,0
E00050,E00281,co-investor,0.28,49,358525,0.29,1.5,1,762,0,7647749,0.84,1.64,3,778,0
E01803,E00638,co-investor,0.93,22,7379822,0.89,1.61,2,815,0,3455391,0.6,1.95,1,805,0
E01590,E00638,co-investor,0.72,40,1765274,0.44,0.66,0,742,1,3455391,0.6,1.95,1,805,0
E00716,E00638,supplier,0.33,23,5395157,0.88,1.47,1,761,0,3455391,0.6,1.95,1,805,0
E02158,E00638,co-investor,0.83,50,4030742,0.18,1.92,3,815,0,3455391,0.6,1.95,1,805,0
E01620,E00638,shared_director,0.31,47,4026840,0.93,1.1,1,729,0,3455391,0.6,1.95,1,805,0
E02281,E00638,supplier,0.36,47,3698334,0.25,1.18,2,539,0,3455391,0.6,1.95,1,805,0
E01803,E02766,parent_company,0.83,42,7379822,0.89,1.61,2,815,0,7980758,0.75,0.53,2,778,0
E02815,E02766,co-investor,0.95,26,5263289,0.37,0.82,2,749,0,7980758,0.75,0.53,2,778,0
E00709,E02766,shared_director,0.9,25,2624174,0.98,0.6,0,838,1,7980758,0.75,0.53,2,778,0
E01687,E02524,shared_director,0.87,6,6727193,0.39,1.19,2,836,0,5681905,0.32,1.27,0,590,0
E02927,E02524,co-investor,0.19,41,2206131,0.74,1.73,2,694,0,5681905,0.32,1.27,0,590,0
E01139,E02524,supplier,0.25,6,4556278,0.62,1.31,4,790,0,5681905,0.32,1.27,0,590,0
E00412,E00336,shared_director,0.74,29,3402909,0.93,1.07,0,662,0,4187014,0.38,1.09,0,610,0
E01688,E00336,supplier,0.16,9,6159286,0.63,0.99,1,522,0,4187014,0.38,1.09,0,610,0
E01338,E00336,parent_company,0.18,6,2448335,1.0,0.75,2,528,0,4187014,0.38,1.09,0,610,0
E00412,E00458,parent_company,0.32,23,3402909,0.93,1.07,0,662,0,3628779,0.46,0.66,4,631,0
E00903,E00458,supplier,0.49,37,5362233,0.43,1.2,1,719,0,3628779,0.46,0.66,4,631,0
E00412,E01667,shared_director,0.9,30,3402909,0.93,1.07,0,662,0,7074094,0.85,1.55,2,795,0
E00134,E01667,parent_company,0.36,11,5201634,0.4,1.6,1,811,0,7074094,0.85,1.55,2,795,0
E01772,E01667,co-investor,0.21,34,7293247,0.86,1.52,0,545,0,7074094,0.85,1.55,2,795,0
E02309,E01667,shared_director,0.39,32,6010808,0.2,1.41,1,630,0,7074094,0.85,1.55,2,795,0
E01440,E01759,co-investor,0.81,16,7739417,0.32,1.13,0,765,0,7435496,0.26,1.58,2,565,0
E01286,E01759,co-investor,0.9,3,4677311,0.84,1.5,0,520,1,7435496,0.26,1.58,2,565,0
E02055,E01759,co-investor,0.19,8,6425256,0.55,0.94,0,757,0,7435496,0.26,1.58,2,565,0
E01322,E01759,parent_company,0.42,5,3253180,0.16,0.69,1,818,0,7435496,0.26,1.58,2,565,0
E02307,E01759,supplier,0.21,28,3594543,0.57,1.67,1,802,0,7435496,0.26,1.58,2,565,0
E00317,E01759,parent_company,0.82,42,7417963,0.87,0.95,1,743,0,7435496,0.26,1.58,2,565,0
E01440,E00402,parent_company,0.97,12,7739417,0.32,1.13,0,765,0,4827723,0.45,1.34,3,779,0
E02854,E00402,shared_director,0.55,6,5378222,0.51,1.11,1,771,0,4827723,0.45,1.34,3,779,0
E01135,E02641,supplier,0.32,39,5505873,0.41,1.85,0,763,0,2864730,0.25,1.63,1,641,0
E01979,E02641,shared_director,0.7,2,4448595,0.84,1.11,1,757,0,2864730,0.25,1.63,1,641,0
E01135,E02217,parent_company,0.69,45,5505873,0.41,1.85,0,763,0,4016877,0.91,0.7,1,528,1
E01244,E02217,co-investor,0.72,21,4663383,0.67,1.92,3,849,0,4016877,0.91,0.7,1,528,1
E01135,E01250,shared_director,0.95,39,5505873,0.41,1.85,0,763,0,6517877,0.85,0.72,3,726,0
E00200,E01250,co-investor,0.29,48,4839168,0.41,1.83,2,802,0,6517877,0.85,0.72,3,726,0
E02891,E01250,parent_company,0.41,25,6005429,0.61,0.84,0,535,0,6517877,0.85,0.72,3,726,0
E00276,E01250,parent_company,0.87,19,2878346,0.74,1.47,1,695,0,6517877,0.85,0.72,3,726,0
E00321,E01250,parent_company,0.7,43,4627255,0.56,1.61,1,787,0,6517877,0.85,0.72,3,726,0
E02458,E01815,co-investor,0.91,36,4488138,0.78,0.58,1,827,0,5087559,0.43,1.54,1,614,0
E00739,E01815,supplier,0.72,25,3872701,0.48,1.04,2,646,0,5087559,0.43,1.54,1,614,0
E00901,E01815,parent_company,0.95,13,7333097,0.62,1.85,0,784,0,5087559,0.43,1.54,1,614,0
E00410,E01815,parent_company,0.86,30,4110033,0.21,1.41,0,830,0,5087559,0.43,1.54,1,614,0
E02458,E02538,shared_director,0.79,41,4488138,0.78,0.58,1,827,0,3779954,0.7,1.24,2,577,1
E02454,E02538,supplier,0.5,47,7036314,0.22,1.13,1,610,0,3779954,0.7,1.24,2,577,1
E02469,E02538,parent_company,0.51,36,5303755,0.46,0.65,3,638,0,3779954,0.7,1.24,2,577,1
E02458,E01329,shared_director,0.71,50,4488138,0.78,0.58,1,827,0,4656274,0.5,1.78,0,779,0
E00821,E01329,shared_director,0.78,9,6283374,0.97,1.39,2,516,0,4656274,0.5,1.78,0,779,0
E00197,E01329,parent_company,0.99,42,5893279,0.98,1.54,2,661,1,4656274,0.5,1.78,0,779,0
E00467,E01329,shared_director,0.84,50,2688863,0.77,1.16,2,535,0,4656274,0.5,1.78,0,779,0
E01650,E01329,supplier,0.14,13,4418849,0.2,1.68,1,762,0,4656274,0.5,1.78,0,779,0
E02458,E01832,parent_company,0.63,34,4488138,0.78,0.58,1,827,0,4826488,0.17,1.66,2,805,0
E01839,E01832,shared_director,0.5,28,3602790,0.75,0.57,1,763,0,4826488,0.17,1.66,2,805,0
E02458,E02291,shared_director,0.74,30,4488138,0.78,0.58,1,827,0,3370810,0.38,0.91,0,584,1
E00229,E02291,supplier,0.37,25,4399279,0.15,1.63,1,615,0,3370810,0.38,0.91,0,584,1
E01358,E02291,co-investor,0.93,43,3549462,0.25,1.35,2,803,0,3370810,0.38,0.91,0,584,1
E00664,E02291,co-investor,0.48,22,8453667,0.27,1.79,2,810,0,3370810,0.38,0.91,0,584,1
E01668,E02291,supplier,0.7,13,6481181,0.24,1.27,1,638,0,3370810,0.38,0.91,0,584,1
E02088,E00922,supplier,0.63,37,9040098,0.89,1.44,4,601,0,6601873,0.14,1.2,0,570,0
E01526,E00922,supplier,0.9,44,8095140,0.59,0.51,0,624,0,6601873,0.14,1.2,0,570,0
E00863,E00922,supplier,0.93,50,5988886,0.47,1.27,0,737,0,6601873,0.14,1.2,0,570,0
E02088,E02630,parent_company,0.2,47,9040098,0.89,1.44,4,601,0,3259487,0.58,1.17,1,522,1
E00744,E02630,shared_director,0.73,25,3744143,0.72,1.72,2,505,0,3259487,0.58,1.17,1,522,1
E01352,E02630,supplier,0.51,46,5781045,0.89,1.66,0,680,0,3259487,0.58,1.17,1,522,1
E02088,E02456,shared_director,0.61,14,9040098,0.89,1.44,4,601,0,1847296,0.89,1.05,0,577,0
E00482,E02456,supplier,0.59,47,2216007,0.33,1.09,2,710,0,1847296,0.89,1.05,0,577,0
E01782,E02456,parent_company,0.12,24,5154947,0.63,1.69,1,601,0,1847296,0.89,1.05,0,577,0
E01412,E02456,shared_director,0.44,14,3580855,0.19,1.88,1,542,0,1847296,0.89,1.05,0,577,0
E02356,E02456,co-investor,0.45,49,8425335,0.64,1.54,0,624,0,1847296,0.89,1.05,0,577,0
E02470,E02456,supplier,0.43,7,7509623,0.96,1.58,1,842,1,1847296,0.89,1.05,0,577,0
E01420,E02456,parent_company,0.61,24,6266722,0.74,1.9,1,641,1,1847296,0.89,1.05,0,577,0
E02614,E02433,supplier,0.58,1,6419858,0.13,1.88,1,577,0,4567095,0.14,0.73,1,673,0
E02614,E02392,supplier,0.29,13,6419858,0.13,1.88,1,577,0,4532169,0.95,1.05,1,635,0
E02548,E02392,supplier,0.63,34,2627861,0.81,1.16,1,509,0,4532169,0.95,1.05,1,635,0
E01807,E02392,shared_director,0.76,39,6311202,0.38,1.18,3,640,0,4532169,0.95,1.05,1,635,0
E00050,E02392,shared_director,0.67,39,358525,0.29,1.5,1,762,0,4532169,0.95,1.05,1,635,0
E02614,E01320,supplier,0.67,3,6419858,0.13,1.88,1,577,0,7455441,0.84,0.72,1,584,0
E01403,E01320,supplier,0.55,40,5060381,0.32,0.89,2,529,0,7455441,0.84,0.72,1,584,0
E00679,E01320,parent_company,0.46,25,5150374,0.61,1.41,0,659,0,7455441,0.84,0.72,1,584,0
E00339,E01320,parent_company,0.57,15,6297272,0.77,1.44,1,626,0,7455441,0.84,0.72,1,584,0
E02614,E01299,parent_company,0.38,28,6419858,0.13,1.88,1,577,0,5010985,0.7,1.59,1,602,0
E01807,E01299,co-investor,0.28,37,6311202,0.38,1.18,3,640,0,5010985,0.7,1.59,1,602,0
E02614,E00352,parent_company,0.44,22,6419858,0.13,1.88,1,577,0,3661757,0.26,1.85,1,574,0
E02614,E01520,supplier,0.25,9,6419858,0.13,1.88,1,577,0,4916638,0.98,1.67,2,594,0
E01482,E01520,shared_director,0.44,12,5033781,0.36,1.33,1,695,0,4916638,0.98,1.67,2,594,0
E01052,E01520,co-investor,0.39,22,5235442,0.66,1.48,0,707,0,4916638,0.98,1.67,2,594,0
E02614,E01237,shared_director,0.1,2,6419858,0.13,1.88,1,577,0,3335412,0.93,1.25,2,585,0
E02669,E01237,co-investor,0.49,35,5049715,0.47,1.07,0,829,0,3335412,0.93,1.25,2,585,0
E01480,E01861,supplier,0.23,28,4750048,0.82,1.46,0,651,1,7213929,0.61,1.73,0,766,0
E02785,E01861,co-investor,0.93,33,3458525,0.19,1.0,1,593,0,7213929,0.61,1.73,0,766,0
E01680,E01861,co-investor,0.76,41,3501937,0.15,0.72,1,608,1,7213929,0.61,1.73,0,766,0
E01480,E00131,parent_company,0.58,26,4750048,0.82,1.46,0,651,1,3754290,0.72,1.26,1,663,0
E00405,E00131,shared_director,0.69,34,5390820,0.37,1.12,2,679,0,3754290,0.72,1.26,1,663,0
E02063,E00131,supplier,0.4,8,3923925,0.74,1.04,1,509,1,3754290,0.72,1.26,1,663,0
E02067,E00131,parent_company,0.55,6,6341481,0.96,0.77,0,763,0,3754290,0.72,1.26,1,663,0
E01125,E00131,shared_director,0.47,41,2575820,0.32,0.64,2,719,0,3754290,0.72,1.26,1,663,0
E00144,E00131,co-investor,0.8,16,6020592,0.4,1.05,0,717,0,3754290,0.72,1.26,1,663,0
E01480,E00479,co-investor,0.39,48,4750048,0.82,1.46,0,651,1,4481499,0.91,1.99,2,814,0
E01480,E02078,parent_company,0.51,50,4750048,0.82,1.46,0,651,1,3992420,0.61,1.07,4,808,0
E01469,E02078,co-investor,0.86,43,6044487,0.95,0.71,1,727,0,3992420,0.61,1.07,4,808,0
E01347,E02078,shared_director,0.56,42,3669029,0.67,1.12,2,777,0,3992420,0.61,1.07,4,808,0
E02061,E02078,supplier,0.79,28,4334725,0.11,0.78,0,574,0,3992420,0.61,1.07,4,808,0
E00166,E02078,shared_director,0.52,3,3682462,0.27,1.59,2,817,0,3992420,0.61,1.07,4,808,0
E01724,E01497,parent_company,0.79,50,5175937,0.24,1.32,1,784,0,3515987,0.84,1.74,0,670,0
E01735,E01497,co-investor,0.27,23,5386414,0.99,1.46,1,529,0,3515987,0.84,1.74,0,670,0
E02003,E01497,shared_director,0.38,49,7793193,0.22,1.74,0,572,0,3515987,0.84,1.74,0,670,0
E00692,E01497,supplier,0.77,11,6416178,0.78,0.76,1,819,0,3515987,0.84,1.74,0,670,0
E00259,E01497,shared_director,0.68,35,9714752,0.5,1.65,2,824,0,3515987,0.84,1.74,0,670,0
E02727,E01497,shared_director,0.11,11,3961685,0.92,0.58,3,666,1,3515987,0.84,1.74,0,670,0
E01083,E01497,parent_company,0.19,21,5541949,0.22,0.93,4,551,0,3515987,0.84,1.74,0,670,0
E01724,E02685,parent_company,0.44,46,5175937,0.24,1.32,1,784,0,3876107,0.79,0.55,3,776,1
E02433,E02685,supplier,0.79,11,4567095,0.14,0.73,1,673,0,3876107,0.79,0.55,3,776,1
E01548,E02685,shared_director,0.22,48,5103252,0.63,1.14,0,762,0,3876107,0.79,0.55,3,776,1
E01832,E02685,co-investor,0.34,31,4826488,0.17,1.66,2,805,0,3876107,0.79,0.55,3,776,1
E01724,E00081,parent_company,0.16,28,5175937,0.24,1.32,1,784,0,843246,0.78,0.99,5,625,1
E01358,E00081,supplier,0.49,43,3549462,0.25,1.35,2,803,0,843246,0.78,0.99,5,625,1
E01560,E00081,supplier,0.62,47,8156213,0.58,1.06,1,762,0,843246,0.78,0.99,5,625,1
E00299,E00069,supplier,0.11,14,3620919,0.96,0.71,1,706,0,5001398,0.36,0.62,0,633,0
E00299,E00888,supplier,0.61,28,3620919,0.96,0.71,1,706,0,7909621,0.3,1.09,1,639,0
E02003,E00888,supplier,0.41,43,7793193,0.22,1.74,0,572,0,7909621,0.3,1.09,1,639,0
E00729,E00888,supplier,0.9,35,100000,0.53,0.77,2,516,0,7909621,0.3,1.09,1,639,0
E02613,E00888,parent_company,0.27,19,3383563,0.16,0.65,3,645,0,7909621,0.3,1.09,1,639,0
E02018,E00888,parent_company,0.46,21,7883433,0.15,1.21,1,844,0,7909621,0.3,1.09,1,639,0
E02920,E00888,shared_director,0.94,24,3957197,0.33,1.23,2,618,0,7909621,0.3,1.09,1,639,0
E02767,E00888,shared_director,0.97,30,3333252,0.5,1.83,2,562,0,7909621,0.3,1.09,1,639,0
E00299,E02396,co-investor,0.3,36,3620919,0.96,0.71,1,706,0,7057308,0.23,1.52,0,517,0
E02428,E02396,supplier,0.53,12,3586878,0.94,1.79,2,628,0,7057308,0.23,1.52,0,517,0
E00165,E02396,co-investor,0.45,49,4989327,0.59,1.76,2,662,0,7057308,0.23,1.52,0,517,0
E00142,E02396,parent_company,0.26,11,8140989,0.22,1.73,0,778,0,7057308,0.23,1.52,0,517,0
E01080,E02396,co-investor,0.64,12,5447910,0.84,0.5,2,587,1,7057308,0.23,1.52,0,517,0
E00164,E00248,shared_director,0.56,41,1961640,0.85,0.79,0,590,1,3754259,0.75,1.28,2,635,1
E00164,E01489,shared_director,0.74,33,1961640,0.85,0.79,0,590,1,4206675,0.12,1.22,3,661,0
E02145,E01489,shared_director,0.3,13,5663885,0.63,0.65,1,661,0,4206675,0.12,1.22,3,661,0
E00292,E01489,co-investor,0.2,30,6714891,0.48,1.14,0,732,0,4206675,0.12,1.22,3,661,0
E01525,E01489,shared_director,0.29,7,5241513,0.59,1.74,1,842,0,4206675,0.12,1.22,3,661,0
E00164,E01423,shared_director,0.87,37,1961640,0.85,0.79,0,590,1,5157792,0.18,0.57,1,508,0
E02296,E01423,co-investor,0.5,46,3770099,0.87,1.57,1,628,1,5157792,0.18,0.57,1,508,0
E00075,E01423,supplier,0.83,3,4770311,0.3,1.75,0,557,0,5157792,0.18,0.57,1,508,0
E02366,E01423,parent_company,0.98,36,6430324,0.92,0.52,4,671,0,5157792,0.18,0.57,1,508,0
E02499,E01423,co-investor,0.32,48,4344352,0.32,0.64,0,811,0,5157792,0.18,0.57,1,508,0
E02919,E02053,shared_director,0.48,26,100000,0.5,1.15,1,667,0,7089027,0.18,0.66,2,848,0
E00393,E02053,co-investor,0.26,1,4473356,0.9,1.35,2,689,0,7089027,0.18,0.66,2,848,0
E02417,E02053,supplier,0.9,27,5672142,0.53,1.57,1,538,1,7089027,0.18,0.66,2,848,0
E02919,E02197,parent_company,0.33,7,100000,0.5,1.15,1,667,0,6083684,0.17,1.61,1,693,0
E01692,E02197,supplier,0.99,1,1559794,0.12,1.91,1,517,0,6083684,0.17,1.61,1,693,0
E02281,E02197,parent_company,0.44,12,3698334,0.25,1.18,2,539,0,6083684,0.17,1.61,1,693,0
E01780,E02197,supplier,0.8,37,1663096,0.16,1.25,0,560,0,6083684,0.17,1.61,1,693,0
E02919,E00365,parent_company,0.4,26,100000,0.5,1.15,1,667,0,3111262,0.94,0.83,1,654,1
E00669,E00365,supplier,0.23,4,3170081,0.14,1.86,3,558,1,3111262,0.94,0.83,1,654,1
E00795,E00365,parent_company,1.0,16,2617419,0.15,0.79,1,833,0,3111262,0.94,0.83,1,654,1
E00324,E02095,parent_company,0.98,10,5349278,0.92,0.74,1,610,0,2291963,0.14,1.42,1,761,0
E01985,E02095,co-investor,0.23,30,4612101,0.21,1.51,1,801,0,2291963,0.14,1.42,1,761,0
E02819,E02095,shared_director,0.62,30,4413188,0.57,1.95,2,590,0,2291963,0.14,1.42,1,761,0
E00324,E01447,supplier,0.57,9,5349278,0.92,0.74,1,610,0,5670477,0.35,0.51,0,526,0
E00608,E01447,co-investor,0.51,11,5802384,0.5,1.69,1,848,0,5670477,0.35,0.51,0,526,0
E00377,E01447,parent_company,0.45,13,1817190,0.83,0.97,0,663,1,5670477,0.35,0.51,0,526,0
E00324,E00725,co-investor,0.74,7,5349278,0.92,0.74,1,610,0,6015515,0.77,1.74,1,544,1
E00343,E00725,parent_company,0.18,12,4555174,0.18,1.58,2,532,0,6015515,0.77,1.74,1,544,1
E01352,E00725,supplier,0.27,7,5781045,0.89,1.66,0,680,0,6015515,0.77,1.74,1,544,1
E02198,E01339,shared_director,0.63,49,8282319,0.81,1.08,3,639,0,4939711,0.53,1.71,0,678,0
E00205,E01339,shared_director,0.34,1,2915030,0.56,1.4,0,619,0,4939711,0.53,1.71,0,678,0
E02662,E02790,supplier,0.38,28,5574266,0.34,1.64,0,783,0,5345100,0.23,1.43,2,536,0
E00099,E02790,parent_company,0.63,26,5197491,0.29,1.42,0,617,0,5345100,0.23,1.43,2,536,0
E02860,E02790,supplier,0.61,47,5353972,0.55,1.14,4,626,0,5345100,0.23,1.43,2,536,0
E00603,E02790,parent_company,0.76,42,5943922,0.49,1.71,1,783,0,5345100,0.23,1.43,2,536,0
E01420,E02790,co-investor,0.44,3,6266722,0.74,1.9,1,641,1,5345100,0.23,1.43,2,536,0
E02662,E01196,co-investor,0.63,11,5574266,0.34,1.64,0,783,0,5214084,0.23,1.25,2,560,0
E00978,E00238,parent_company,0.18,28,2737947,0.72,1.18,2,710,0,3348830,0.21,1.04,0,780,0
E00549,E00238,supplier,0.38,5,2443954,0.63,0.73,1,665,0,3348830,0.21,1.04,0,780,0
E02540,E00238,co-investor,0.74,44,3449931,0.63,1.57,1,534,0,3348830,0.21,1.04,0,780,0
E00978,E02544,parent_company,0.59,31,2737947,0.72,1.18,2,710,0,3649037,0.34,0.6,4,778,0
E01350,E02544,parent_company,0.15,12,2654816,0.18,1.96,0,816,0,3649037,0.34,0.6,4,778,0
E00978,E00698,co-investor,0.71,11,2737947,0.72,1.18,2,710,0,5062533,0.4,0.92,1,520,0
E01178,E00698,co-investor,0.45,48,4295973,0.87,1.18,1,573,0,5062533,0.4,0.92,1,520,0
E01763,E00698,supplier,0.65,5,3592690,0.59,1.72,2,835,0,5062533,0.4,0.92,1,520,0
E02488,E00698,shared_director,0.81,15,4051309,0.27,1.18,2,809,0,5062533,0.4,0.92,1,520,0
E00978,E01478,shared_director,0.83,46,2737947,0.72,1.18,2,710,0,5279553,0.81,1.41,1,803,1
E01700,E01478,parent_company,0.24,49,5210618,0.8,1.12,1,616,0,5279553,0.81,1.41,1,803,1
E01886,E01478,shared_director,0.81,2,5329820,0.97,1.56,0,730,0,5279553,0.81,1.41,1,803,1
E00978,E01127,shared_director,0.92,21,2737947,0.72,1.18,2,710,0,5545395,0.27,1.12,1,735,0
E02652,E01127,shared_director,0.46,45,5505179,0.94,0.59,5,792,0,5545395,0.27,1.12,1,735,0
E01584,E01127,parent_company,0.21,8,2535715,0.39,0.93,0,809,0,5545395,0.27,1.12,1,735,0
E02114,E01127,parent_company,0.46,37,2446454,0.22,0.78,0,785,0,5545395,0.27,1.12,1,735,0
E00978,E00431,supplier,1.0,33,2737947,0.72,1.18,2,710,0,10930020,0.89,0.85,1,518,1
E02828,E00431,supplier,0.96,25,6147374,0.32,1.9,3,683,0,10930020,0.89,0.85,1,518,1
E01551,E00431,supplier,0.26,47,3675738,0.24,1.58,0,806,0,10930020,0.89,0.85,1,518,1
E02143,E02119,co-investor,0.25,9,6863142,0.4,1.74,2,785,0,5808203,0.79,0.66,1,707,0
E02642,E02119,parent_company,0.86,25,4440863,0.54,1.26,1,843,0,5808203,0.79,0.66,1,707,0
E02143,E01124,parent_company,0.86,2,6863142,0.4,1.74,2,785,0,6334921,0.89,1.87,1,803,0
E00409,E01124,co-investor,0.73,32,4013074,0.54,1.18,2,746,0,6334921,0.89,1.87,1,803,0
E02522,E01124,co-investor,0.34,17,4851262,0.55,1.27,3,621,0,6334921,0.89,1.87,1,803,0
E00163,E01124,parent_company,0.69,15,6215133,0.25,0.61,0,825,1,6334921,0.89,1.87,1,803,0
E02796,E01124,supplier,1.0,50,5867010,0.95,1.95,5,558,0,6334921,0.89,1.87,1,803,0
E01384,E01124,co-investor,0.38,8,6713234,0.88,0.8,1,718,0,6334921,0.89,1.87,1,803,0
E01115,E02146,supplier,0.34,37,3981609,0.9,1.51,0,810,0,6598357,0.18,0.59,1,682,0
E00888,E02146,supplier,0.36,41,7909621,0.3,1.09,1,639,0,6598357,0.18,0.59,1,682,0
E01115,E01803,shared_director,0.49,25,3981609,0.9,1.51,0,810,0,7379822,0.89,1.61,2,815,0
E00121,E01803,supplier,0.82,18,7493389,0.2,0.88,1,510,0,7379822,0.89,1.61,2,815,0
E02707,E01803,parent_company,0.29,47,4407907,0.95,1.19,2,693,1,7379822,0.89,1.61,2,815,0
E02061,E01803,co-investor,0.2,16,4334725,0.11,0.78,0,574,0,7379822,0.89,1.61,2,815,0
E01304,E01803,supplier,0.42,42,4276377,0.22,0.76,2,633,1,7379822,0.89,1.61,2,815,0
E02571,E02227,supplier,0.12,3,4249012,0.8,1.92,2,664,0,3215349,0.36,0.84,0,519,0
E01025,E02227,parent_company,0.55,48,7323867,0.79,0.67,3,567,0,3215349,0.36,0.84,0,519,0
E02043,E02227,supplier,0.65,32,5196620,0.33,1.04,4,699,0,3215349,0.36,0.84,0,519,0
E00136,E02227,supplier,0.16,27,6103727,0.68,0.67,1,844,0,3215349,0.36,0.84,0,519,0
E00726,E02227,co-investor,0.47,22,5107976,0.31,0.65,2,649,0,3215349,0.36,0.84,0,519,0
E02571,E01094,co-investor,0.48,19,4249012,0.8,1.92,2,664,0,6985377,0.48,1.18,1,542,0
E02528,E01094,parent_company,0.64,15,6560140,0.6,0.75,0,523,0,6985377,0.48,1.18,1,542,0
E02019,E01094,co-investor,0.18,50,6568255,0.8,0.57,2,519,0,6985377,0.48,1.18,1,542,0
E00649,E01094,co-investor,0.66,31,3826871,0.21,0.87,3,759,0,6985377,0.48,1.18,1,542,0
E01607,E01094,co-investor,0.33,11,4987296,0.89,1.75,1,788,0,6985377,0.48,1.18,1,542,0
E02571,E02035,shared_director,0.34,37,4249012,0.8,1.92,2,664,0,5444532,0.85,0.53,1,739,0
E01145,E02035,supplier,0.33,43,6777325,0.86,1.08,0,611,0,5444532,0.85,0.53,1,739,0
E00541,E02035,supplier,0.93,9,7093840,0.64,0.55,2,689,0,5444532,0.85,0.53,1,739,0
E00767,E02035,co-investor,0.22,41,5217691,0.89,0.81,3,558,0,5444532,0.85,0.53,1,739,0
E00888,E02035,supplier,0.43,23,7909621,0.3,1.09,1,639,0,5444532,0.85,0.53,1,739,0
E02571,E01983,shared_director,0.76,48,4249012,0.8,1.92,2,664,0,5383078,0.93,1.26,0,746,0
E01747,E01983,parent_company,0.13,8,5753148,0.9,0.61,1,758,0,5383078,0.93,1.26,0,746,0
E02299,E01983,shared_director,0.38,50,6508166,0.37,1.95,5,542,0,5383078,0.93,1.26,0,746,0
E02571,E02402,parent_company,0.43,21,4249012,0.8,1.92,2,664,0,3962784,0.54,1.66,2,570,0
E01954,E02402,supplier,0.36,10,2431139,0.97,0.52,3,726,0,3962784,0.54,1.66,2,570,0
E00023,E02402,co-investor,0.4,24,5341188,0.47,0.67,2,802,0,3962784,0.54,1.66,2,570,0
E00422,E02351,supplier,0.31,33,7634556,0.25,0.68,1,692,0,3995449,0.18,1.99,0,762,0
E00422,E02231,co-investor,0.19,27,7634556,0.25,0.68,1,692,0,3182699,0.48,0.79,2,581,0
E00802,E02231,shared_director,0.77,3,4090359,0.8,1.38,3,525,0,3182699,0.48,0.79,2,581,0
E01015,E02231,supplier,0.21,38,3578479,0.39,0.81,2,577,0,3182699,0.48,0.79,2,581,0
E01368,E02231,co-investor,0.98,49,4591090,0.51,1.16,2,546,1,3182699,0.48,0.79,2,581,0
E00011,E02385,co-investor,0.79,4,7573949,0.11,0.84,0,765,0,4868050,0.27,1.74,1,794,0
E00760,E02385,shared_director,0.2,3,6524396,0.73,0.86,1,724,0,4868050,0.27,1.74,1,794,0
E02762,E02385,co-investor,0.54,39,6021725,0.39,0.76,0,720,1,4868050,0.27,1.74,1,794,0
E00753,E02385,supplier,0.66,43,4742985,0.62,0.64,2,826,0,4868050,0.27,1.74,1,794,0
E02293,E02385,co-investor,0.98,37,7442471,0.89,1.58,1,672,0,4868050,0.27,1.74,1,794,0
E00011,E01424,shared_director,0.69,21,7573949,0.11,0.84,0,765,0,5046277,0.99,1.88,1,572,1
E02657,E01424,co-investor,0.39,46,7330064,0.66,1.25,0,682,0,5046277,0.99,1.88,1,572,1
E00834,E01424,co-investor,0.74,19,2437404,0.17,0.63,0,599,0,5046277,0.99,1.88,1,572,1
E01491,E00212,supplier,0.44,30,4258818,0.14,1.74,3,559,0,7087091,0.47,0.58,2,776,1
E01612,E00212,shared_director,0.22,41,2461209,0.21,1.6,1,536,0,7087091,0.47,0.58,2,776,1
E00601,E00212,parent_company,0.77,14,3842073,0.21,0.84,0,813,0,7087091,0.47,0.58,2,776,1
E01491,E01488,supplier,0.77,42,4258818,0.14,1.74,3,559,0,4359816,0.68,0.63,1,682,0
E02524,E01488,shared_director,0.96,37,5681905,0.32,1.27,0,590,0,4359816,0.68,0.63,1,682,0
E02032,E01488,co-investor,0.45,46,4686515,0.16,1.49,1,697,0,4359816,0.68,0.63,1,682,0
E02265,E02925,shared_director,0.3,16,4860843,0.62,1.16,1,814,0,10139814,0.26,1.53,1,504,0
E02265,E01956,shared_director,0.6,30,4860843,0.62,1.16,1,814,0,5353509,0.16,1.37,2,555,0
E01758,E01956,shared_director,0.1,35,1969809,0.52,1.55,4,579,0,5353509,0.16,1.37,2,555,0
E00890,E01956,co-investor,0.51,23,2787383,0.33,1.8,1,659,0,5353509,0.16,1.37,2,555,0
E01225,E01956,shared_director,0.85,7,2244598,0.37,1.12,0,803,0,5353509,0.16,1.37,2,555,0
E01800,E01956,co-investor,0.14,45,3374544,0.96,1.1,2,775,0,5353509,0.16,1.37,2,555,0
E02265,E00461,supplier,0.41,46,4860843,0.62,1.16,1,814,0,1699017,0.71,1.09,3,808,0
E00352,E00461,supplier,0.32,40,3661757,0.26,1.85,1,574,0,1699017,0.71,1.09,3,808,0
E02808,E00461,shared_director,0.87,11,4833239,0.22,1.7,0,814,0,1699017,0.71,1.09,3,808,0
E00376,E00461,co-investor,0.98,28,4971421,0.64,1.98,2,815,0,1699017,0.71,1.09,3,808,0
E01705,E02451,supplier,0.9,31,5066655,0.86,1.62,5,541,0,2600280,0.14,1.06,1,771,0
E01528,E01987,shared_director,0.41,11,5384469,0.48,1.01,5,560,1,4410441,0.21,0.67,1,606,0
E00027,E01987,parent_company,0.2,1,5361061,0.12,1.41,0,505,1,4410441,0.21,0.67,1,606,0
E00727,E01987,co-investor,0.56,28,1395182,0.15,1.91,1,567,0,4410441,0.21,0.67,1,606,0
E02245,E01987,parent_company,0.1,50,5803121,0.1,1.55,1,514,0,4410441,0.21,0.67,1,606,0
E01528,E01382,supplier,0.19,50,5384469,0.48,1.01,5,560,1,3632080,0.47,0.56,1,791,0
E01110,E01382,parent_company,0.12,26,3419867,0.21,0.7,1,768,0,3632080,0.47,0.56,1,791,0
E01558,E01382,parent_company,0.58,43,4260828,0.56,0.52,0,793,0,3632080,0.47,0.56,1,791,0
E02108,E01382,co-investor,1.0,12,3693816,0.58,1.13,3,832,0,3632080,0.47,0.56,1,791,0
E01528,E00283,co-investor,0.66,17,5384469,0.48,1.01,5,560,1,1721207,0.84,1.76,3,616,0
E01516,E00283,parent_company,0.22,20,180223,0.66,1.8,1,733,0,1721207,0.84,1.76,3,616,0
E00189,E01643,supplier,0.89,19,7572537,0.32,1.17,2,655,0,1919504,0.19,0.7,2,623,0
E00189,E01145,supplier,0.92,9,7572537,0.32,1.17,2,655,0,6777325,0.86,1.08,0,611,0
E00903,E01145,supplier,0.1,43,5362233,0.43,1.2,1,719,0,6777325,0.86,1.08,0,611,0
E02409,E01145,supplier,0.31,32,3888861,0.28,0.52,0,550,0,6777325,0.86,1.08,0,611,0
E00189,E01023,co-investor,0.4,15,7572537,0.32,1.17,2,655,0,3581932,0.8,1.68,2,561,1
E00827,E01023,co-investor,0.92,13,6491602,0.62,1.43,0,722,0,3581932,0.8,1.68,2,561,1
E00646,E01023,shared_director,0.22,4,6126690,0.71,1.6,0,655,0,3581932,0.8,1.68,2,561,1
E02608,E01023,supplier,0.49,31,3468279,0.11,1.49,1,781,0,3581932,0.8,1.68,2,561,1
E00189,E02794,co-investor,0.92,10,7572537,0.32,1.17,2,655,0,3337458,0.59,1.52,3,750,0
E01365,E02794,supplier,0.76,15,5829397,0.11,0.59,1,654,0,3337458,0.59,1.52,3,750,0
E00189,E02837,supplier,0.64,48,7572537,0.32,1.17,2,655,0,7800799,0.62,1.91,1,816,0
E00189,E01635,shared_director,0.53,23,7572537,0.32,1.17,2,655,0,7757419,0.37,1.78,3,754,0
E02213,E01635,shared_director,0.11,13,4453755,0.84,0.53,1,661,0,7757419,0.37,1.78,3,754,0
E02432,E01635,supplier,0.26,41,5974827,0.65,1.0,3,519,1,7757419,0.37,1.78,3,754,0
E00340,E01635,co-investor,0.23,27,6974617,0.68,0.92,1,784,0,7757419,0.37,1.78,3,754,0
E01273,E01341,supplier,0.6,1,1361384,0.76,1.36,2,685,0,1950957,0.49,0.69,0,691,0
E01592,E01341,shared_director,0.99,39,5314109,0.32,0.56,1,791,0,1950957,0.49,0.69,0,691,0
E01273,E02085,co-investor,0.66,3,1361384,0.76,1.36,2,685,0,7669806,0.34,1.3,0,846,0
E01345,E02085,co-investor,0.55,47,4276473,0.47,0.89,0,724,0,7669806,0.34,1.3,0,846,0
E01273,E01290,shared_director,0.88,32,1361384,0.76,1.36,2,685,0,3572492,0.64,1.29,0,623,0
E01644,E01290,supplier,0.16,31,8966772,0.47,1.83,1,759,0,3572492,0.64,1.29,0,623,0
E01512,E00822,co-investor,0.61,20,2732368,0.24,1.08,0,573,0,7449254,0.56,1.87,2,636,0
E00720,E00822,parent_company,0.61,41,6059386,0.39,0.96,1,660,0,7449254,0.56,1.87,2,636,0
E00500,E00822,co-investor,0.55,48,5896780,0.41,1.78,4,522,0,7449254,0.56,1.87,2,636,0
E01747,E00822,supplier,0.2,9,5753148,0.9,0.61,1,758,0,7449254,0.56,1.87,2,636,0
E01292,E00822,supplier,0.43,48,2633187,0.12,1.83,2,618,0,7449254,0.56,1.87,2,636,0
E02717,E00822,co-investor,0.12,31,8941728,0.82,1.1,2,514,1,7449254,0.56,1.87,2,636,0
E01512,E01088,supplier,0.81,10,2732368,0.24,1.08,0,573,0,1089447,0.14,0.98,3,538,0
E01442,E01088,supplier,0.93,6,5130536,0.45,1.47,6,755,0,1089447,0.14,0.98,3,538,0
E00211,E01088,co-investor,0.4,25,3698830,0.64,1.43,1,681,0,1089447,0.14,0.98,3,538,0
E01512,E01853,supplier,0.32,49,2732368,0.24,1.08,0,573,0,4629918,0.17,0.62,3,799,0
E02263,E01853,supplier,0.22,10,3687608,0.5,1.75,4,698,0,4629918,0.17,0.62,3,799,0
E00957,E01853,co-investor,0.43,3,100000,0.21,1.78,0,837,0,4629918,0.17,0.62,3,799,0
E02551,E02318,supplier,0.55,42,4656104,0.24,1.75,0,611,0,3038025,0.8,0.9,3,707,0
E00801,E02239,parent_company,0.24,27,5473922,0.12,0.69,0,539,1,4299963,0.3,1.62,2,790,0
E02852,E02239,parent_company,0.45,21,4322617,0.56,1.04,3,516,0,4299963,0.3,1.62,2,790,0
E02706,E02239,shared_director,0.76,7,5699539,0.94,1.44,2,658,0,4299963,0.3,1.62,2,790,0
E00801,E01016,parent_company,0.95,8,5473922,0.12,0.69,0,539,1,5147540,0.33,1.48,3,545,0
E01269,E01016,co-investor,0.54,8,4468460,0.94,1.41,2,590,0,5147540,0.33,1.48,3,545,0
E00098,E00955,co-investor,0.67,45,3543369,0.62,1.03,5,806,0,5411372,0.66,0.76,1,622,0
E01024,E00955,co-investor,0.83,6,3979127,0.83,1.51,1,542,0,5411372,0.66,0.76,1,622,0
E00859,E00955,shared_director,0.5,15,6625378,1.0,1.77,1,527,0,5411372,0.66,0.76,1,622,0
E02566,E00955,supplier,0.8,38,2143703,0.91,1.21,4,646,0,5411372,0.66,0.76,1,622,0
E01260,E00426,parent_company,0.58,16,6465298,0.2,0.97,0,736,0,5409098,0.78,1.69,1,743,1
E00035,E00426,supplier,0.58,17,5500487,0.92,1.05,1,804,0,5409098,0.78,1.69,1,743,1
E01427,E00426,co-investor,0.92,43,3290654,0.63,1.53,0,644,0,5409098,0.78,1.69,1,743,1
E02599,E00426,supplier,0.74,26,4093788,0.93,0.73,2,511,0,5409098,0.78,1.69,1,743,1
E01260,E01699,parent_company,0.1,27,6465298,0.2,0.97,0,736,0,6136960,0.68,1.94,0,627,0
E00568,E01699,co-investor,0.44,41,1934408,0.94,0.68,1,535,0,6136960,0.68,1.94,0,627,0
E02461,E01699,parent_company,0.69,50,7928908,0.11,1.71,0,718,0,6136960,0.68,1.94,0,627,0
E00493,E01699,shared_director,0.64,48,4346238,0.24,1.12,0,849,0,6136960,0.68,1.94,0,627,0
E00293,E01699,shared_director,0.42,21,7017041,0.44,1.98,2,589,0,6136960,0.68,1.94,0,627,0
E01260,E00551,co-investor,0.41,16,6465298,0.2,0.97,0,736,0,3229673,0.7,1.64,0,840,0
E00515,E00551,supplier,0.16,2,7146174,0.86,1.46,1,562,0,3229673,0.7,1.64,0,840,0
E01804,E00551,supplier,0.38,31,7027351,0.42,1.21,2,574,0,3229673,0.7,1.64,0,840,0
E01720,E02016,supplier,0.98,10,2555576,0.46,1.03,3,503,0,5435994,0.87,0.86,3,652,0
E02482,E02016,supplier,0.81,32,4828783,0.59,0.75,1,834,1,5435994,0.87,0.86,3,652,0
E01129,E02016,co-investor,0.28,26,3067375,0.92,1.52,2,643,0,5435994,0.87,0.86,3,652,0
E02832,E02016,co-investor,0.99,1,6153587,0.16,1.81,0,830,0,5435994,0.87,0.86,3,652,0
E02931,E02016,supplier,0.58,41,1757211,0.47,1.07,0,557,1,5435994,0.87,0.86,3,652,0
E01720,E00825,shared_director,0.9,28,2555576,0.46,1.03,3,503,0,7911237,0.96,1.97,1,664,0
E00632,E00825,shared_director,0.82,4,5535502,0.92,1.22,4,748,0,7911237,0.96,1.97,1,664,0
E02624,E00825,supplier,0.41,43,4356587,0.82,1.71,0,517,0,7911237,0.96,1.97,1,664,0
E02604,E00825,co-investor,0.88,31,6834630,0.85,0.51,1,581,0,7911237,0.96,1.97,1,664,0
E01720,E01854,shared_director,0.68,11,2555576,0.46,1.03,3,503,0,3760888,0.35,1.13,4,558,0
E01258,E01854,shared_director,0.6,6,4028697,0.32,1.01,1,550,0,3760888,0.35,1.13,4,558,0
E02933,E01854,supplier,0.19,43,6229682,0.43,1.45,2,801,0,3760888,0.35,1.13,4,558,0
E01415,E01854,shared_director,0.55,8,6745838,0.8,1.78,0,848,0,3760888,0.35,1.13,4,558,0
E02915,E02450,shared_director,0.87,10,2997875,0.97,1.35,1,638,0,4300770,0.71,0.59,0,843,0
E02649,E02450,shared_director,0.94,26,7364468,0.22,0.91,3,736,0,4300770,0.71,0.59,0,843,0
E02915,E01334,parent_company,0.55,37,2997875,0.97,1.35,1,638,0,6798929,0.67,0.53,2,706,0
E00394,E01334,co-investor,0.73,12,4193420,0.41,1.03,3,749,0,6798929,0.67,0.53,2,706,0
E02812,E01334,shared_director,0.7,42,2860209,0.14,1.75,0,656,0,6798929,0.67,0.53,2,706,0
E00658,E01334,shared_director,0.95,38,9235711,0.38,1.52,2,501,0,6798929,0.67,0.53,2,706,0
E02127,E01334,co-investor,0.95,18,6046158,0.75,1.46,0,514,1,6798929,0.67,0.53,2,706,0
E02129,E01692,co-investor,0.51,48,6693036,0.47,1.74,1,811,0,1559794,0.12,1.91,1,517,0
E01106,E01692,parent_company,0.77,13,7450264,0.7,1.34,1,758,0,1559794,0.12,1.91,1,517,0
E01818,E01692,co-investor,0.41,23,1752889,0.43,1.24,0,837,0,1559794,0.12,1.91,1,517,0
E02377,E01692,parent_company,0.56,38,2943807,0.96,1.51,1,517,1,1559794,0.12,1.91,1,517,0
E02129,E00946,shared_director,0.23,15,6693036,0.47,1.74,1,811,0,5340596,0.13,1.1,1,774,0
E01483,E00946,shared_director,0.38,8,2117035,0.96,1.98,0,587,1,5340596,0.13,1.1,1,774,0
E01964,E00946,shared_director,0.35,11,6676473,0.65,1.92,4,573,0,5340596,0.13,1.1,1,774,0
E00195,E00946,co-investor,0.93,20,6636969,0.11,1.35,0,597,0,5340596,0.13,1.1,1,774,0
E00521,E00946,shared_director,0.13,26,6925931,0.67,1.59,2,793,0,5340596,0.13,1.1,1,774,0
E00037,E00946,supplier,0.87,6,2317109,0.26,1.05,2,534,0,5340596,0.13,1.1,1,774,0
E01616,E00307,supplier,0.49,9,6428206,0.28,1.96,2,818,0,5049284,0.67,1.72,3,534,0
E01180,E00307,parent_company,0.87,40,5460019,0.68,1.53,1,793,0,5049284,0.67,1.72,3,534,0
E01616,E00607,parent_company,0.4,31,6428206,0.28,1.96,2,818,0,4432116,0.14,0.66,1,790,0
E00437,E00607,parent_company,0.86,15,3995488,0.93,1.44,3,664,0,4432116,0.14,0.66,1,790,0
E01616,E01610,shared_director,0.64,32,6428206,0.28,1.96,2,818,0,4585044,0.39,0.66,2,509,0
E00204,E01610,shared_director,0.24,24,6002066,0.55,1.23,2,849,0,4585044,0.39,0.66,2,509,0
E02652,E01610,co-investor,0.37,6,5505179,0.94,0.59,5,792,0,4585044,0.39,0.66,2,509,0
E00495,E01610,parent_company,0.51,13,5096770,0.64,1.57,0,668,0,4585044,0.39,0.66,2,509,0
E00033,E01610,co-investor,0.37,49,5433722,0.49,0.89,6,622,0,4585044,0.39,0.66,2,509,0
E01152,E01610,supplier,0.63,50,5183729,0.64,1.02,1,614,0,4585044,0.39,0.66,2,509,0
E00875,E01610,parent_company,0.17,13,4499063,0.43,0.89,1,622,0,4585044,0.39,0.66,2,509,0
E00970,E01195,co-investor,0.87,26,4557773,0.16,1.38,1,762,0,9581767,0.92,0.77,1,677,0
E01019,E01195,shared_director,0.51,38,3705518,0.93,1.53,5,727,0,9581767,0.92,0.77,1,677,0
E00970,E02917,co-investor,0.47,35,4557773,0.16,1.38,1,762,0,7736196,0.64,1.56,3,501,0
E00556,E02917,co-investor,0.91,36,3798052,0.4,1.53,0,705,0,7736196,0.64,1.56,3,501,0
E01179,E02917,shared_director,0.63,41,6771606,0.36,1.11,3,622,0,7736196,0.64,1.56,3,501,0
E00733,E02917,supplier,0.48,20,6080225,0.15,1.67,1,755,0,7736196,0.64,1.56,3,501,0
E02597,E02917,parent_company,0.6,36,6172665,0.18,0.51,1,833,0,7736196,0.64,1.56,3,501,0
E00970,E00432,parent_company,0.76,25,4557773,0.16,1.38,1,762,0,4806742,0.14,0.7,1,539,1
E00497,E00432,parent_company,0.15,33,4738168,0.79,0.62,5,773,0,4806742,0.14,0.7,1,539,1
E01015,E00432,co-investor,0.56,13,3578479,0.39,0.81,2,577,0,4806742,0.14,0.7,1,539,1
E02871,E01079,parent_company,0.36,26,4332442,0.86,1.04,2,512,0,8585845,0.16,1.6,1,606,0
E01905,E01079,parent_company,0.85,37,2198652,0.4,1.65,3,753,0,8585845,0.16,1.6,1,606,0
E01715,E01079,shared_director,0.77,9,4154732,0.4,0.8,1,557,1,8585845,0.16,1.6,1,606,0
E01053,E01079,parent_company,0.1,8,6965146,0.17,1.93,3,747,0,8585845,0.16,1.6,1,606,0
E02871,E00328,parent_company,0.25,7,4332442,0.86,1.04,2,512,0,5255605,0.36,0.87,1,510,0
E02829,E00328,parent_company,0.76,34,1956806,0.58,0.52,1,767,1,5255605,0.36,0.87,1,510,0
E00956,E00328,shared_director,0.78,3,4243091,0.59,1.49,0,840,0,5255605,0.36,0.87,1,510,0
E02871,E02268,co-investor,0.75,21,4332442,0.86,1.04,2,512,0,4588462,0.35,1.14,1,764,0
E01294,E02268,supplier,0.75,38,7544974,0.34,0.97,0,577,0,4588462,0.35,1.14,1,764,0
E00354,E02268,supplier,0.96,8,4541194,0.95,1.18,1,566,0,4588462,0.35,1.14,1,764,0
E02025,E02268,co-investor,0.21,3,3024338,0.75,1.44,1,606,0,4588462,0.35,1.14,1,764,0
E02871,E00476,supplier,0.25,9,4332442,0.86,1.04,2,512,0,4455208,0.96,0.9,2,586,0
E00306,E00831,parent_company,0.8,38,2021213,0.21,0.5,2,532,0,6113641,1.0,1.97,2,826,1
E00813,E00831,shared_director,0.31,9,3436574,0.58,0.73,4,562,0,6113641,1.0,1.97,2,826,1
E00532,E00831,shared_director,0.33,32,5593256,0.94,0.73,1,796,0,6113641,1.0,1.97,2,826,1
E01544,E00831,parent_company,0.87,50,4784881,0.74,0.67,0,742,1,6113641,1.0,1.97,2,826,1
E00306,E01455,parent_company,0.51,43,2021213,0.21,0.5,2,532,0,4454049,0.11,1.16,0,656,0
E01780,E01455,parent_company,0.89,17,1663096,0.16,1.25,0,560,0,4454049,0.11,1.16,0,656,0
E00306,E00662,supplier,0.21,27,2021213,0.21,0.5,2,532,0,8893085,0.71,0.58,2,678,0
E00054,E00662,parent_company,0.17,43,3363051,0.11,1.01,0,713,0,8893085,0.71,0.58,2,678,0
E00018,E00662,supplier,0.36,8,7017205,0.26,1.01,1,782,0,8893085,0.71,0.58,2,678,0
E00058,E00662,supplier,0.89,38,4701926,0.94,1.11,2,822,1,8893085,0.71,0.58,2,678,0
E00581,E00662,supplier,0.67,49,3258854,0.18,0.89,1,773,0,8893085,0.71,0.58,2,678,0
E00452,E00662,parent_company,0.52,44,5358549,0.81,1.47,2,707,0,8893085,0.71,0.58,2,678,0
E00447,E00637,supplier,0.25,30,4789216,0.83,1.84,1,822,0,5829083,0.87,0.75,1,576,0
E01904,E00637,co-investor,0.16,42,719468,0.55,1.54,0,559,0,5829083,0.87,0.75,1,576,0
E01109,E00637,supplier,0.24,18,5744869,0.38,0.99,2,594,0,5829083,0.87,0.75,1,576,0
E01241,E00637,supplier,0.23,17,8042796,0.58,0.77,0,672,0,5829083,0.87,0.75,1,576,0
E02400,E00637,supplier,0.88,25,4342801,0.94,1.21,3,637,0,5829083,0.87,0.75,1,576,0
E01287,E01466,parent_company,0.28,26,2174663,0.31,1.14,3,683,0,8963383,0.79,1.97,1,849,0
E02670,E01466,co-investor,0.63,35,4399090,0.67,1.38,0,600,0,8963383,0.79,1.97,1,849,0
E01287,E02516,co-investor,0.92,40,2174663,0.31,1.14,3,683,0,5062151,0.32,0.52,2,831,0
E02901,E02516,supplier,0.77,46,7402029,0.58,0.85,1,731,1,5062151,0.32,0.52,2,831,0
E00979,E02516,parent_company,0.78,9,1474335,0.38,0.81,1,506,0,5062151,0.32,0.52,2,831,0
E00934,E02516,supplier,0.89,9,5523325,0.99,1.72,2,768,1,5062151,0.32,0.52,2,831,0
E01464,E02516,co-investor,0.67,18,6512106,0.38,0.91,4,797,1,5062151,0.32,0.52,2,831,0
E00851,E01852,co-investor,0.52,8,6777197,0.25,1.13,5,558,0,8423874,0.48,0.54,2,580,0
E00264,E01852,parent_company,0.87,33,6167600,0.11,0.61,1,665,0,8423874,0.48,0.54,2,580,0
E01662,E01852,parent_company,0.51,17,6419282,0.27,0.84,1,522,0,8423874,0.48,0.54,2,580,0
E00501,E01852,parent_company,0.61,11,3822472,0.68,1.8,0,663,0,8423874,0.48,0.54,2,580,0
E02472,E02209,supplier,0.91,50,7329229,0.37,1.75,3,800,0,100000,0.77,0.8,1,594,0
E02858,E02209,parent_company,0.63,30,3530883,0.4,0.66,0,830,0,100000,0.77,0.8,1,594,0
E02544,E02209,supplier,0.91,30,3649037,0.34,0.6,4,778,0,100000,0.77,0.8,1,594,0
E00264,E02209,parent_company,0.39,34,6167600,0.11,0.61,1,665,0,100000,0.77,0.8,1,594,0
E02106,E02209,parent_company,0.72,4,8194745,0.93,1.04,3,544,0,100000,0.77,0.8,1,594,0
E00803,E02209,parent_company,0.12,40,3395014,0.22,1.29,2,582,0,100000,0.77,0.8,1,594,0
E02472,E00409,shared_director,0.45,8,7329229,0.37,1.75,3,800,0,4013074,0.54,1.18,2,746,0
E02931,E00409,co-investor,0.22,16,1757211,0.47,1.07,0,557,1,4013074,0.54,1.18,2,746,0
E02472,E02669,shared_director,0.28,8,7329229,0.37,1.75,3,800,0,5049715,0.47,1.07,0,829,0
E01441,E02669,co-investor,0.69,25,2688749,0.99,1.35,2,795,0,5049715,0.47,1.07,0,829,0
E00608,E02321,supplier,0.93,37,5802384,0.5,1.69,1,848,0,2823361,0.82,0.96,2,524,0
E01718,E02321,co-investor,0.37,16,6080048,0.55,1.6,1,727,0,2823361,0.82,0.96,2,524,0
E01855,E02321,shared_director,0.3,50,5307663,0.98,1.91,2,660,0,2823361,0.82,0.96,2,524,0
E02104,E02133,shared_director,0.46,40,6098631,0.21,0.62,3,584,0,2793634,0.25,1.38,3,563,0
E02774,E02133,shared_director,0.63,1,3637889,0.27,1.28,1,562,0,2793634,0.25,1.38,3,563,0
E01981,E02133,co-investor,0.3,37,5992329,0.97,1.3,2,624,0,2793634,0.25,1.38,3,563,0
E00423,E02133,co-investor,0.12,49,5802687,0.92,0.52,1,752,0,2793634,0.25,1.38,3,563,0
E02436,E02133,supplier,0.63,31,7287673,0.73,1.9,5,659,0,2793634,0.25,1.38,3,563,0
E00128,E02384,shared_director,0.79,14,7692088,0.87,1.45,1,585,1,6164488,0.27,0.67,1,817,0
E01367,E02384,parent_company,0.34,3,7331612,0.63,1.57,3,679,0,6164488,0.27,0.67,1,817,0
E00128,E02634,co-investor,0.75,25,7692088,0.87,1.45,1,585,1,8902284,0.16,0.89,2,751,0
E00051,E02634,co-investor,0.35,6,4540240,0.35,0.52,1,569,0,8902284,0.16,0.89,2,751,0
E01216,E02634,parent_company,0.33,42,4611336,0.69,0.91,1,666,0,8902284,0.16,0.89,2,751,0
E01462,E02634,shared_director,0.9,41,6889943,0.14,0.97,1,702,0,8902284,0.16,0.89,2,751,0
E00218,E02634,supplier,0.88,27,5094034,0.48,0.75,2,768,0,8902284,0.16,0.89,2,751,0
E01024,E00388,shared_director,0.19,9,3979127,0.83,1.51,1,542,0,2812742,0.28,0.84,2,564,1
E00518,E00388,parent_company,0.98,8,3165680,0.25,1.07,1,677,0,2812742,0.28,0.84,2,564,1
E00369,E00388,shared_director,0.57,47,2938564,0.83,0.5,1,638,1,2812742,0.28,0.84,2,564,1
E01024,E00233,supplier,0.15,29,3979127,0.83,1.51,1,542,0,1132643,0.1,1.46,0,555,1
E00985,E00233,shared_director,0.69,44,4780901,0.72,1.97,3,757,0,1132643,0.1,1.46,0,555,1
E00377,E00233,parent_company,0.96,41,1817190,0.83,0.97,0,663,1,1132643,0.1,1.46,0,555,1
E02860,E00233,parent_company,0.93,13,5353972,0.55,1.14,4,626,0,1132643,0.1,1.46,0,555,1
E02833,E00233,co-investor,0.82,5,2311910,0.27,0.63,3,637,0,1132643,0.1,1.46,0,555,1
E01024,E01719,shared_director,0.15,12,3979127,0.83,1.51,1,542,0,2401766,0.21,1.12,3,594,1
E02280,E01719,parent_company,0.9,13,6773464,0.67,0.5,1,826,0,2401766,0.21,1.12,3,594,1
E01177,E01719,shared_director,0.39,43,7948112,0.77,0.73,1,785,1,2401766,0.21,1.12,3,594,1
E00498,E00014,parent_company,0.16,50,2930090,0.98,1.91,2,842,0,3894708,0.76,1.46,1,747,0
E02213,E00014,shared_director,0.87,44,4453755,0.84,0.53,1,661,0,3894708,0.76,1.46,1,747,0
E01107,E00014,parent_company,0.49,8,5075900,0.74,1.68,0,620,0,3894708,0.76,1.46,1,747,0
E00498,E00500,parent_company,0.81,6,2930090,0.98,1.91,2,842,0,5896780,0.41,1.78,4,522,0
E01758,E00500,parent_company,0.36,35,1969809,0.52,1.55,4,579,0,5896780,0.41,1.78,4,522,0
E00817,E00500,parent_company,0.4,22,2494821,0.9,1.12,2,752,1,5896780,0.41,1.78,4,522,0
E00816,E00500,shared_director,0.79,17,7622317,0.9,0.54,0,704,0,5896780,0.41,1.78,4,522,0
E01249,E00500,co-investor,0.23,43,5413448,0.61,0.99,0,784,1,5896780,0.41,1.78,4,522,0
E02788,E00500,shared_director,0.44,7,2701256,0.61,1.86,1,636,0,5896780,0.41,1.78,4,522,0
E02914,E00500,co-investor,0.51,37,3343205,0.7,0.69,2,781,1,5896780,0.41,1.78,4,522,0
E02510,E00500,supplier,0.73,13,4787557,0.85,1.21,3,783,0,5896780,0.41,1.78,4,522,0
E00536,E01979,shared_director,0.2,27,7870363,0.75,0.69,1,565,1,4448595,0.84,1.11,1,757,0
E00536,E01780,parent_company,0.12,4,7870363,0.75,0.69,1,565,1,1663096,0.16,1.25,0,560,0
E02056,E01780,parent_company,0.79,31,6519092,0.23,1.42,3,642,0,1663096,0.16,1.25,0,560,0
E01786,E01780,shared_director,0.67,50,8403042,0.86,0.6,1,682,0,1663096,0.16,1.25,0,560,0
E00536,E01450,supplier,0.36,12,7870363,0.75,0.69,1,565,1,5030757,0.12,0.64,0,549,0
E02611,E01450,shared_director,0.65,42,6237260,0.65,0.94,0,665,0,5030757,0.12,0.64,0,549,0
E00258,E01450,parent_company,0.87,23,3592759,0.41,0.64,1,721,0,5030757,0.12,0.64,0,549,0
E01510,E01450,co-investor,0.1,29,5238036,0.89,0.63,1,841,0,5030757,0.12,0.64,0,549,0
E02641,E00345,co-investor,0.93,5,2864730,0.25,1.63,1,641,0,4770819,0.47,1.56,1,576,0
E00381,E00345,co-investor,0.66,39,4446202,0.31,1.78,1,559,0,4770819,0.47,1.56,1,576,0
E00032,E00345,shared_director,0.91,29,6180549,0.83,0.84,2,723,0,4770819,0.47,1.56,1,576,0
E00528,E00377,co-investor,0.21,30,6336815,0.7,1.84,1,584,1,1817190,0.83,0.97,0,663,1
E00817,E00377,co-investor,0.74,42,2494821,0.9,1.12,2,752,1,1817190,0.83,0.97,0,663,1
E01114,E00377,shared_director,0.98,9,6048529,0.88,1.38,2,661,0,1817190,0.83,0.97,0,663,1
E00546,E00377,co-investor,0.46,13,4477200,0.75,0.74,0,676,0,1817190,0.83,0.97,0,663,1
E00528,E00396,shared_director,0.58,7,6336815,0.7,1.84,1,584,1,4954793,0.12,1.12,3,583,0
E00950,E00396,supplier,0.55,44,5803542,0.22,0.76,4,615,0,4954793,0.12,1.12,3,583,0
E02717,E00396,co-investor,0.79,17,8941728,0.82,1.1,2,514,1,4954793,0.12,1.12,3,583,0
E00528,E02256,supplier,0.26,42,6336815,0.7,1.84,1,584,1,6377781,0.99,0.97,4,812,1
E01688,E02256,shared_director,0.15,18,6159286,0.63,0.99,1,522,0,6377781,0.99,0.97,4,812,1
E01387,E02256,supplier,0.24,41,5842759,0.54,1.02,2,712,0,6377781,0.99,0.97,4,812,1
E02698,E02256,parent_company,0.68,3,6639456,0.6,0.61,2,762,0,6377781,0.99,0.97,4,812,1
E01043,E02256,supplier,0.22,6,1338463,0.19,0.52,3,788,0,6377781,0.99,0.97,4,812,1
E02266,E02256,parent_company,0.31,11,6779975,1.0,1.09,1,719,0,6377781,0.99,0.97,4,812,1
E02437,E02256,supplier,0.94,46,5806600,0.67,1.71,0,509,0,6377781,0.99,0.97,4,812,1
E02924,E02256,supplier,0.26,28,5527093,0.37,1.37,2,718,0,6377781,0.99,0.97,4,812,1
E00528,E00873,supplier,0.58,37,6336815,0.7,1.84,1,584,1,3755243,0.99,1.74,4,670,0
E02489,E00873,shared_director,0.53,33,5146869,0.58,1.91,1,843,0,3755243,0.99,1.74,4,670,0
E02033,E00121,shared_director,0.71,12,2255250,1.0,1.01,1,786,0,7493389,0.2,0.88,1,510,0
E00632,E00121,shared_director,0.53,34,5535502,0.92,1.22,4,748,0,7493389,0.2,0.88,1,510,0
E00510,E00121,supplier,0.74,26,5806780,0.87,1.26,3,532,0,7493389,0.2,0.88,1,510,0
E02586,E00121,parent_company,0.39,45,8533310,0.6,1.89,1,611,0,7493389,0.2,0.88,1,510,0
E02033,E00394,parent_company,0.76,6,2255250,1.0,1.01,1,786,0,4193420,0.41,1.03,3,749,0
E01711,E00394,supplier,0.76,39,6632145,0.69,0.98,2,775,0,4193420,0.41,1.03,3,749,0
E01450,E00880,parent_company,0.35,29,5030757,0.12,0.64,0,549,0,4154376,0.49,0.77,1,815,0
E01951,E00880,shared_director,0.17,44,5866979,0.13,1.11,0,505,0,4154376,0.49,0.77,1,815,0
E02868,E00880,parent_company,0.44,21,5239200,0.73,1.23,1,722,0,4154376,0.49,0.77,1,815,0
E02718,E00880,parent_company,0.44,43,4961062,0.51,1.44,0,817,0,4154376,0.49,0.77,1,815,0
E01827,E00880,parent_company,0.39,15,1789069,0.13,0.96,2,627,0,4154376,0.49,0.77,1,815,0
E00099,E00880,co-investor,0.57,11,5197491,0.29,1.42,0,617,0,4154376,0.49,0.77,1,815,0
E00742,E00880,co-investor,0.78,10,3586486,0.55,1.15,1,742,0,4154376,0.49,0.77,1,815,0
E01082,E00880,shared_director,0.92,11,6192884,0.68,1.87,2,643,0,4154376,0.49,0.77,1,815,0
E01450,E02153,parent_company,0.61,34,5030757,0.12,0.64,0,549,0,5577307,0.47,0.83,3,799,0
E02652,E02153,parent_company,0.73,29,5505179,0.94,0.59,5,792,0,5577307,0.47,0.83,3,799,0
E02062,E02153,parent_company,0.68,47,5983084,0.78,0.65,1,686,0,5577307,0.47,0.83,3,799,0
E01064,E02153,co-investor,0.93,40,2673621,0.2,1.72,0,569,0,5577307,0.47,0.83,3,799,0
E02135,E02153,co-investor,0.27,7,1690543,0.72,0.61,1,846,1,5577307,0.47,0.83,3,799,0
E01246,E02153,shared_director,0.61,33,7314192,0.14,1.25,1,618,0,5577307,0.47,0.83,3,799,0
E02338,E02153,supplier,0.15,37,6632013,0.94,1.83,4,564,1,5577307,0.47,0.83,3,799,0
E01450,E00043,supplier,0.62,15,5030757,0.12,0.64,0,549,0,10077382,0.63,1.0,1,731,0
E01216,E00043,shared_director,0.5,6,4611336,0.69,0.91,1,666,0,10077382,0.63,1.0,1,731,0
E00389,E00043,parent_company,0.63,44,5744262,0.52,1.27,1,557,0,10077382,0.63,1.0,1,731,0
E02639,E00043,shared_director,0.14,6,6256764,0.51,1.48,2,702,0,10077382,0.63,1.0,1,731,0
E02107,E00043,parent_company,0.88,39,4867713,0.62,1.77,1,802,0,10077382,0.63,1.0,1,731,0
E00609,E00142,parent_company,0.68,32,5999274,0.62,0.65,2,604,1,8140989,0.22,1.73,0,778,0
E01796,E00142,parent_company,0.76,20,5791871,0.97,1.3,1,838,0,8140989,0.22,1.73,0,778,0
E00609,E00886,shared_director,0.36,4,5999274,0.62,0.65,2,604,1,2779553,0.83,0.54,0,504,0
E00276,E00886,supplier,0.58,25,2878346,0.74,1.47,1,695,0,2779553,0.83,0.54,0,504,0
E00623,E00886,supplier,0.94,16,9445391,0.67,0.71,1,722,1,2779553,0.83,0.54,0,504,0
E01569,E02683,shared_director,0.61,31,2821839,0.4,1.27,0,683,0,7137919,0.53,0.75,2,662,0
E00573,E02683,supplier,0.19,43,6359946,0.13,0.66,0,569,0,7137919,0.53,0.75,2,662,0
E02718,E02683,co-investor,0.92,37,4961062,0.51,1.44,0,817,0,7137919,0.53,0.75,2,662,0
E00538,E02683,shared_director,0.83,39,5711101,0.37,1.4,0,657,0,7137919,0.53,0.75,2,662,0
E01021,E02584,supplier,0.99,46,3743030,0.74,1.79,1,516,1,1348031,0.62,1.83,1,515,0
E00551,E02584,co-investor,0.81,20,3229673,0.7,1.64,0,840,0,1348031,0.62,1.83,1,515,0
E01471,E01965,shared_director,0.41,37,5383013,0.79,1.37,0,736,0,7488996,0.47,2.0,2,656,0
E00559,E01965,shared_director,0.56,44,7179329,0.82,1.67,1,596,1,7488996,0.47,2.0,2,656,0
E02307,E01965,supplier,0.76,10,3594543,0.57,1.67,1,802,0,7488996,0.47,2.0,2,656,0
E00686,E01965,shared_director,0.47,4,6164791,0.58,1.96,3,594,0,7488996,0.47,2.0,2,656,0
E01471,E02796,co-investor,0.75,49,5383013,0.79,1.37,0,736,0,5867010,0.95,1.95,5,558,0
E02754,E02796,parent_company,0.16,9,4521246,0.7,1.52,2,786,0,5867010,0.95,1.95,5,558,0
E01982,E02796,parent_company,0.76,5,5088535,0.74,0.8,0,650,1,5867010,0.95,1.95,5,558,0
E02058,E02821,supplier,0.35,46,7869469,0.4,1.85,1,526,0,5651681,0.43,1.68,1,625,0
E02141,E02821,parent_company,0.69,20,3385129,0.57,1.84,1,700,0,5651681,0.43,1.68,1,625,0
E01836,E02821,co-investor,0.47,7,3053515,0.52,1.53,0,766,0,5651681,0.43,1.68,1,625,0
E02895,E02821,shared_director,0.19,28,1945408,0.98,0.88,1,805,0,5651681,0.43,1.68,1,625,0
E00376,E02821,parent_company,0.93,42,4971421,0.64,1.98,2,815,0,5651681,0.43,1.68,1,625,0
E02058,E01343,shared_director,0.43,6,7869469,0.4,1.85,1,526,0,5531772,0.64,0.76,3,736,0
E01754,E01343,parent_company,0.29,40,3720470,0.25,1.14,2,849,0,5531772,0.64,0.76,3,736,0
E01005,E01343,co-investor,0.6,19,5758964,0.9,1.38,2,570,0,5531772,0.64,0.76,3,736,0
E01065,E01343,co-investor,0.64,25,3528392,0.76,0.7,0,585,1,5531772,0.64,0.76,3,736,0
E02058,E00881,shared_director,0.81,18,7869469,0.4,1.85,1,526,0,5521325,0.8,1.01,2,716,0
E02218,E00881,co-investor,0.8,39,5689890,0.19,1.06,0,801,0,5521325,0.8,1.01,2,716,0
E02415,E00881,shared_director,0.37,1,5821524,0.82,1.99,1,676,0,5521325,0.8,1.01,2,716,0
E01307,E00905,parent_company,0.8,39,4813131,0.25,1.18,1,657,0,9428503,0.51,1.43,2,828,0
E02505,E00905,supplier,0.94,10,2734661,0.92,0.65,0,619,0,9428503,0.51,1.43,2,828,0
E01151,E00240,shared_director,0.58,50,3178592,0.41,0.76,1,836,0,3672206,0.75,1.46,2,786,0
E00905,E00240,supplier,0.43,38,9428503,0.51,1.43,2,828,0,3672206,0.75,1.46,2,786,0
E02383,E00240,parent_company,0.39,45,1511338,0.49,1.3,2,636,0,3672206,0.75,1.46,2,786,0
E01151,E00867,parent_company,0.27,24,3178592,0.41,0.76,1,836,0,1201647,0.55,0.78,1,502,1
E01151,E01128,co-investor,0.11,8,3178592,0.41,0.76,1,836,0,6300763,0.19,1.11,1,706,0
E01566,E01128,shared_director,0.43,8,1328577,0.86,1.01,3,796,0,6300763,0.19,1.11,1,706,0
E01151,E02908,co-investor,0.75,13,3178592,0.41,0.76,1,836,0,2860079,0.16,0.75,3,704,0
E00035,E02908,supplier,0.3,48,5500487,0.92,1.05,1,804,0,2860079,0.16,0.75,3,704,0
E01926,E02908,co-investor,0.51,24,1945560,0.79,1.81,0,513,0,2860079,0.16,0.75,3,704,0
E01374,E02908,supplier,0.37,12,4517171,0.76,1.65,2,718,0,2860079,0.16,0.75,3,704,0
E01151,E01903,co-investor,0.37,35,3178592,0.41,0.76,1,836,0,7129753,0.35,1.71,1,675,0
E01151,E01304,parent_company,0.29,43,3178592,0.41,0.76,1,836,0,4276377,0.22,0.76,2,633,1
E00861,E01304,co-investor,0.3,49,5060957,0.58,0.53,0,722,0,4276377,0.22,0.76,2,633,1
E01151,E02868,shared_director,0.16,48,3178592,0.41,0.76,1,836,0,5239200,0.73,1.23,1,722,0
E01731,E02868,supplier,0.59,26,4879422,0.43,1.41,0,672,0,5239200,0.73,1.23,1,722,0
E02061,E02868,shared_director,0.35,46,4334725,0.11,0.78,0,574,0,5239200,0.73,1.23,1,722,0
E01151,E01600,supplier,0.77,48,3178592,0.41,0.76,1,836,0,2513352,0.4,1.35,1,825,0
E01745,E01600,co-investor,0.56,39,2765717,0.69,1.78,0,820,0,2513352,0.4,1.35,1,825,0
E02151,E01600,supplier,0.26,10,3208887,0.91,1.61,1,718,0,2513352,0.4,1.35,1,825,0
E01030,E01600,co-investor,0.16,11,6022831,0.68,1.46,1,783,0,2513352,0.4,1.35,1,825,0
E02393,E00954,parent_company,0.19,43,2167132,0.94,1.03,1,717,1,4896711,0.41,1.27,1,552,0
E02497,E00954,co-investor,0.98,1,503714,0.13,1.42,3,647,0,4896711,0.41,1.27,1,552,0
E01886,E00954,shared_director,0.86,22,5329820,0.97,1.56,0,730,0,4896711,0.41,1.27,1,552,0
E02393,E01693,shared_director,0.7,34,2167132,0.94,1.03,1,717,1,3803148,0.82,1.79,2,526,0
E00024,E01693,parent_company,0.97,27,6671130,0.57,1.3,2,743,0,3803148,0.82,1.79,2,526,0
E00711,E01693,shared_director,0.79,35,2926848,0.75,1.95,1,609,0,3803148,0.82,1.79,2,526,0
E00764,E01693,supplier,0.9,43,4969613,0.16,1.81,0,845,0,3803148,0.82,1.79,2,526,0
E02393,E00330,co-investor,0.82,20,2167132,0.94,1.03,1,717,1,3948389,0.44,0.89,1,701,0
E02393,E01279,parent_company,0.69,17,2167132,0.94,1.03,1,717,1,3026427,0.75,1.26,2,698,0
E01060,E01279,shared_director,0.75,20,3968565,0.95,0.64,4,687,0,3026427,0.75,1.26,2,698,0
E00482,E01279,parent_company,0.82,36,2216007,0.33,1.09,2,710,0,3026427,0.75,1.26,2,698,0
E02049,E01279,shared_director,0.66,35,2973368,0.82,1.72,4,706,0,3026427,0.75,1.26,2,698,0
E01706,E01279,co-investor,0.72,37,3087646,0.29,1.28,1,659,0,3026427,0.75,1.26,2,698,0
E00988,E01092,supplier,0.79,15,3161639,0.83,0.7,2,544,1,519900,0.51,1.19,2,603,0
E01600,E01092,parent_company,0.73,26,2513352,0.4,1.35,1,825,0,519900,0.51,1.19,2,603,0
E01501,E01092,parent_company,0.19,36,7150351,0.55,0.75,0,545,1,519900,0.51,1.19,2,603,0
E00988,E02431,supplier,0.67,13,3161639,0.83,0.7,2,544,1,5359662,0.61,1.34,1,825,0
E01387,E02431,shared_director,0.97,41,5842759,0.54,1.02,2,712,0,5359662,0.61,1.34,1,825,0
E01340,E02431,shared_director,0.87,7,3864588,0.83,1.69,4,540,1,5359662,0.61,1.34,1,825,0
E00276,E02431,parent_company,0.17,10,2878346,0.74,1.47,1,695,0,5359662,0.61,1.34,1,825,0
E00988,E02036,shared_director,0.97,36,3161639,0.83,0.7,2,544,1,4041326,0.43,1.6,1,789,0
E01836,E02036,co-investor,0.66,12,3053515,0.52,1.53,0,766,0,4041326,0.43,1.6,1,789,0
E00852,E02036,shared_director,0.63,36,6468898,0.96,1.1,0,553,1,4041326,0.43,1.6,1,789,0
E00988,E02308,shared_director,0.59,7,3161639,0.83,0.7,2,544,1,2590613,0.15,1.62,5,524,0
E02327,E02308,co-investor,0.87,12,4063132,0.74,1.65,1,715,0,2590613,0.15,1.62,5,524,0
E02788,E02308,parent_company,0.68,37,2701256,0.61,1.86,1,636,0,2590613,0.15,1.62,5,524,0
E02359,E02096,supplier,0.72,16,6560685,0.94,1.65,1,738,0,3893615,0.27,1.91,2,829,0
E02359,E01086,co-investor,0.99,22,6560685,0.94,1.65,1,738,0,5701570,0.92,1.57,2,803,0
E00152,E01086,co-investor,0.79,24,6162044,0.73,1.87,2,560,0,5701570,0.92,1.57,2,803,0
E00722,E01073,supplier,0.12,44,5127913,0.45,0.98,2,599,0,7297466,0.12,0.97,0,692,0
E00813,E01073,parent_company,0.14,40,3436574,0.58,0.73,4,562,0,7297466,0.12,0.97,0,692,0
E00903,E01073,supplier,0.35,13,5362233,0.43,1.2,1,719,0,7297466,0.12,0.97,0,692,0
E02121,E01073,shared_director,0.16,41,2587999,0.13,0.55,3,786,0,7297466,0.12,0.97,0,692,0
E00722,E00719,parent_company,0.53,7,5127913,0.45,0.98,2,599,0,3699173,0.3,0.53,2,793,0
E00178,E00719,parent_company,0.28,6,6065190,0.43,0.98,1,749,0,3699173,0.3,0.53,2,793,0
E01028,E00719,co-investor,0.52,42,5189987,0.85,1.92,0,713,0,3699173,0.3,0.53,2,793,0
E02432,E00719,supplier,0.67,12,5974827,0.65,1.0,3,519,1,3699173,0.3,0.53,2,793,0
E00722,E00363,supplier,0.43,43,5127913,0.45,0.98,2,599,0,5919858,0.27,1.37,1,766,0
E00425,E00363,parent_company,0.7,13,4260956,0.43,1.55,1,642,0,5919858,0.27,1.37,1,766,0
E01540,E00363,supplier,0.47,18,4640751,0.81,1.39,2,777,1,5919858,0.27,1.37,1,766,0
E02284,E00363,supplier,0.61,32,3975708,0.76,0.78,4,678,1,5919858,0.27,1.37,1,766,0
E01470,E02424,supplier,0.73,23,3367192,0.47,0.98,2,533,0,5106614,0.44,1.47,3,720,0
E00887,E02424,shared_director,0.85,18,5555966,0.31,1.41,4,617,0,5106614,0.44,1.47,3,720,0
E01470,E01967,parent_company,0.47,38,3367192,0.47,0.98,2,533,0,5722884,0.41,1.59,1,633,0
E01139,E01967,parent_company,0.93,16,4556278,0.62,1.31,4,790,0,5722884,0.41,1.59,1,633,0
E00093,E01967,shared_director,0.52,6,5970631,0.97,0.58,1,611,1,5722884,0.41,1.59,1,633,0
E01742,E01967,co-investor,0.45,3,7773516,0.44,0.91,2,741,0,5722884,0.41,1.59,1,633,0
E01470,E02324,parent_company,0.12,6,3367192,0.47,0.98,2,533,0,3401303,0.31,1.02,2,623,0
E01562,E02324,co-investor,0.72,6,6697124,0.86,1.73,1,730,0,3401303,0.31,1.02,2,623,0
E01627,E02324,supplier,0.81,29,5495023,0.7,0.97,1,840,0,3401303,0.31,1.02,2,623,0
E00697,E02324,supplier,0.11,34,6672647,0.35,1.48,2,565,0,3401303,0.31,1.02,2,623,0
E01197,E02324,shared_director,0.18,27,4788939,0.68,1.77,0,502,0,3401303,0.31,1.02,2,623,0
E02019,E02324,shared_director,0.87,9,6568255,0.8,0.57,2,519,0,3401303,0.31,1.02,2,623,0
E01104,E02324,shared_director,0.27,44,7487705,0.42,1.86,1,680,0,3401303,0.31,1.02,2,623,0
E00819,E02324,co-investor,0.44,41,5562359,0.65,1.5,3,664,0,3401303,0.31,1.02,2,623,0
E00258,E02324,supplier,0.32,19,3592759,0.41,0.64,1,721,0,3401303,0.31,1.02,2,623,0
E02326,E02309,parent_company,0.61,13,2497243,0.87,1.24,3,597,0,6010808,0.2,1.41,1,630,0
E01246,E02309,co-investor,0.16,31,7314192,0.14,1.25,1,618,0,6010808,0.2,1.41,1,630,0
E01477,E02309,co-investor,0.82,26,4123780,0.84,1.63,2,693,0,6010808,0.2,1.41,1,630,0
E02826,E02309,co-investor,0.55,30,5425899,0.5,0.56,2,565,0,6010808,0.2,1.41,1,630,0
E02326,E01696,shared_director,0.79,5,2497243,0.87,1.24,3,597,0,5766200,0.22,1.49,3,638,0
E00682,E01696,shared_director,0.89,23,5450685,0.5,1.61,1,845,0,5766200,0.22,1.49,3,638,0
E02218,E01696,parent_company,0.6,25,5689890,0.19,1.06,0,801,0,5766200,0.22,1.49,3,638,0
E00143,E01696,parent_company,0.72,30,2992484,0.96,0.56,2,723,0,5766200,0.22,1.49,3,638,0
E01293,E01696,parent_company,0.85,18,1742219,0.92,1.24,1,840,1,5766200,0.22,1.49,3,638,0
E01154,E01696,shared_director,0.32,22,4407465,0.12,0.9,2,597,1,5766200,0.22,1.49,3,638,0
E02326,E01708,supplier,0.68,17,2497243,0.87,1.24,3,597,0,5314107,0.73,1.66,3,678,0
E00748,E01708,co-investor,0.3,39,6824870,0.98,1.46,0,701,0,5314107,0.73,1.66,3,678,0
E02745,E01708,supplier,0.73,32,4823911,0.88,0.71,1,561,1,5314107,0.73,1.66,3,678,0
E02006,E01708,parent_company,0.23,9,6248142,0.3,1.55,1,593,0,5314107,0.73,1.66,3,678,0
E02017,E02221,co-investor,0.26,3,6082815,0.71,1.07,0,570,1,4297607,0.84,1.3,1,558,0
E01840,E02221,parent_company,0.29,9,3258965,0.58,0.94,1,720,0,4297607,0.84,1.3,1,558,0
E00590,E02221,parent_company,0.73,45,1826376,0.85,1.21,4,538,0,4297607,0.84,1.3,1,558,0
E00913,E02221,co-investor,0.14,14,3750420,0.91,1.68,3,602,0,4297607,0.84,1.3,1,558,0
E00364,E02221,co-investor,0.32,1,6215028,0.23,1.32,1,780,0,4297607,0.84,1.3,1,558,0
E02017,E01909,parent_company,0.36,32,6082815,0.71,1.07,0,570,1,5349635,0.89,0.82,3,557,0
E00277,E01909,parent_company,0.6,22,100000,0.41,1.03,2,759,0,5349635,0.89,0.82,3,557,0
E01150,E01909,shared_director,0.62,46,3708457,0.39,1.52,1,738,0,5349635,0.89,0.82,3,557,0
E02432,E01909,supplier,0.26,23,5974827,0.65,1.0,3,519,1,5349635,0.89,0.82,3,557,0
E02017,E01951,shared_director,0.43,14,6082815,0.71,1.07,0,570,1,5866979,0.13,1.11,0,505,0
E02597,E01951,co-investor,0.6,37,6172665,0.18,0.51,1,833,0,5866979,0.13,1.11,0,505,0
E00883,E01951,shared_director,0.85,43,6439674,0.81,1.26,1,644,1,5866979,0.13,1.11,0,505,0
E00984,E01951,shared_director,0.52,36,5193499,0.4,1.17,0,641,0,5866979,0.13,1.11,0,505,0
E01545,E01951,co-investor,0.79,46,3609912,0.89,1.39,3,589,0,5866979,0.13,1.11,0,505,0
E01134,E01951,supplier,0.43,17,7201195,0.49,0.76,0,831,1,5866979,0.13,1.11,0,505,0
E00370,E00231,parent_company,0.64,2,4900466,0.16,1.91,0,554,0,2987768,0.48,1.5,1,830,0
E02441,E00231,supplier,0.77,26,4069566,0.22,0.8,1,639,0,2987768,0.48,1.5,1,830,0
E00370,E01920,parent_company,0.37,10,4900466,0.16,1.91,0,554,0,8489278,0.87,1.63,3,601,0
E02441,E01920,shared_director,0.75,14,4069566,0.22,0.8,1,639,0,8489278,0.87,1.63,3,601,0
E01193,E01920,shared_director,0.14,37,7958157,0.78,0.74,1,669,1,8489278,0.87,1.63,3,601,0
E00072,E01920,parent_company,0.86,10,5298573,0.31,0.82,3,693,0,8489278,0.87,1.63,3,601,0
E00370,E01775,parent_company,0.33,42,4900466,0.16,1.91,0,554,0,8040678,0.19,1.16,0,659,0
E00370,E01882,supplier,0.78,11,4900466,0.16,1.91,0,554,0,4015283,0.29,0.75,3,836,1
E01479,E01882,supplier,0.47,26,5815850,0.28,1.44,0,795,0,4015283,0.29,0.75,3,836,1
E01493,E01882,supplier,0.35,18,4453960,0.11,1.36,1,576,0,4015283,0.29,0.75,3,836,1
E02157,E01958,supplier,0.4,40,4635158,0.87,0.7,2,566,0,5519147,0.86,1.3,0,835,1
E00874,E01958,supplier,0.94,31,5956179,0.65,1.68,0,647,0,5519147,0.86,1.3,0,835,1
E01474,E01958,co-investor,0.56,30,7116969,0.92,1.05,0,639,0,5519147,0.86,1.3,0,835,1
E00826,E00535,co-investor,0.75,21,8598543,0.23,0.52,2,780,0,5681200,0.15,0.97,3,639,1
E00244,E01761,parent_company,0.65,25,5147925,0.56,1.65,1,690,0,3629587,0.12,0.5,1,690,0
E02383,E01761,supplier,0.75,29,1511338,0.49,1.3,2,636,0,3629587,0.12,0.5,1,690,0
E01777,E01761,shared_director,0.63,40,4411470,0.67,1.21,2,613,0,3629587,0.12,0.5,1,690,0
E00244,E01758,parent_company,0.3,19,5147925,0.56,1.65,1,690,0,1969809,0.52,1.55,4,579,0
E00244,E02884,co-investor,0.26,20,5147925,0.56,1.65,1,690,0,3867742,0.57,1.96,3,808,0
E02774,E02884,shared_director,0.5,44,3637889,0.27,1.28,1,562,0,3867742,0.57,1.96,3,808,0
E02264,E02884,shared_director,0.29,27,3534214,0.85,1.95,0,615,1,3867742,0.57,1.96,3,808,0
E00450,E02884,supplier,0.12,27,3854463,0.86,1.48,0,819,0,3867742,0.57,1.96,3,808,0
E00455,E01933,parent_company,0.89,5,7753606,0.77,1.19,0,555,0,5225101,0.24,1.53,0,704,0
E02173,E01933,supplier,0.72,40,4236951,0.78,1.1,2,841,0,5225101,0.24,1.53,0,704,0
E00455,E02522,shared_director,0.98,10,7753606,0.77,1.19,0,555,0,4851262,0.55,1.27,3,621,0
E02071,E02522,supplier,0.76,32,3585413,0.62,1.14,1,617,0,4851262,0.55,1.27,3,621,0
E02562,E02522,co-investor,0.54,37,4348825,0.54,0.55,1,575,0,4851262,0.55,1.27,3,621,0
E02788,E02522,co-investor,0.7,11,2701256,0.61,1.86,1,636,0,4851262,0.55,1.27,3,621,0
E01352,E02522,parent_company,0.93,9,5781045,0.89,1.66,0,680,0,4851262,0.55,1.27,3,621,0
E00455,E01104,co-investor,0.82,24,7753606,0.77,1.19,0,555,0,7487705,0.42,1.86,1,680,0
E01150,E01104,parent_company,0.39,39,3708457,0.39,1.52,1,738,0,7487705,0.42,1.86,1,680,0
E01212,E01104,co-investor,0.51,32,10461734,0.92,1.41,1,838,0,7487705,0.42,1.86,1,680,0
E00455,E00442,supplier,0.23,40,7753606,0.77,1.19,0,555,0,6746317,0.54,1.04,2,594,0
E01385,E00442,shared_director,0.14,41,6030085,0.7,1.1,1,555,0,6746317,0.54,1.04,2,594,0
E02345,E00442,supplier,0.56,5,1585231,0.66,1.01,4,795,0,6746317,0.54,1.04,2,594,0
E01703,E00442,co-investor,0.35,31,6940786,0.24,1.93,1,705,0,6746317,0.54,1.04,2,594,0
E01237,E01322,parent_company,0.98,47,3335412,0.93,1.25,2,585,0,3253180,0.16,0.69,1,818,0
E02228,E01322,co-investor,0.84,44,5804176,0.8,1.28,0,648,0,3253180,0.16,0.69,1,818,0
E01237,E01784,supplier,0.41,42,3335412,0.93,1.25,2,585,0,3773278,0.33,1.86,2,673,0
E01230,E01784,shared_director,0.39,5,8062647,0.82,1.31,4,533,0,3773278,0.33,1.86,2,673,0
E01790,E02619,shared_director,0.68,12,3674431,0.79,1.31,1,524,0,4581957,0.93,1.43,0,696,0
E00719,E01550,co-investor,0.76,19,3699173,0.3,0.53,2,793,0,3699966,0.48,0.99,0,737,0
E01597,E01550,parent_company,0.34,28,5053362,0.12,0.96,0,586,0,3699966,0.48,0.99,0,737,0
E02182,E01550,co-investor,0.39,28,4699791,0.22,0.81,2,805,0,3699966,0.48,0.99,0,737,0
E00719,E01071,parent_company,0.54,34,3699173,0.3,0.53,2,793,0,5530112,0.35,1.33,3,649,0
E00606,E01071,shared_director,0.95,10,5767943,0.48,0.87,0,844,0,5530112,0.35,1.33,3,649,0
E02602,E01071,shared_director,0.35,43,8376884,0.42,1.48,3,818,0,5530112,0.35,1.33,3,649,0
E00719,E02687,shared_director,0.77,5,3699173,0.3,0.53,2,793,0,3364569,0.55,1.24,3,693,0
E00392,E02687,co-investor,0.36,36,3857990,0.2,1.86,4,518,0,3364569,0.55,1.24,3,693,0
E01174,E02687,supplier,0.39,48,10375068,0.73,1.13,3,787,0,3364569,0.55,1.24,3,693,0
E01442,E02687,co-investor,0.51,9,5130536,0.45,1.47,6,755,0,3364569,0.55,1.24,3,693,0
E01124,E02687,supplier,0.6,13,6334921,0.89,1.87,1,803,0,3364569,0.55,1.24,3,693,0
E00522,E00728,supplier,0.95,37,5615241,0.28,1.9,1,534,0,3706940,0.37,1.69,0,753,0
E02684,E00728,parent_company,0.98,27,5182376,0.99,0.89,2,689,1,3706940,0.37,1.69,0,753,0
E02759,E00728,parent_company,0.34,13,8985665,0.92,1.24,1,568,0,3706940,0.37,1.69,0,753,0
E01931,E00728,supplier,0.22,24,3526027,0.34,0.74,2,530,1,3706940,0.37,1.69,0,753,0
E01460,E00728,co-investor,0.5,20,3672559,0.81,1.59,2,507,0,3706940,0.37,1.69,0,753,0
E00522,E00932,parent_company,0.23,40,5615241,0.28,1.9,1,534,0,2846619,0.5,0.58,2,544,0
E00168,E00932,supplier,0.61,29,6974244,0.56,0.68,1,700,0,2846619,0.5,0.58,2,544,0
E01069,E00932,parent_company,0.15,44,6042590,1.0,1.97,0,502,1,2846619,0.5,0.58,2,544,0
E00522,E01024,supplier,0.22,19,5615241,0.28,1.9,1,534,0,3979127,0.83,1.51,1,542,0
E00241,E01024,shared_director,0.68,29,7334205,0.94,1.54,2,580,1,3979127,0.83,1.51,1,542,0
E01995,E01024,co-investor,0.99,38,8523377,0.45,1.32,0,668,0,3979127,0.83,1.51,1,542,0
E01617,E01024,parent_company,0.74,42,4692347,0.95,0.89,6,776,1,3979127,0.83,1.51,1,542,0
E02431,E01024,supplier,0.23,40,5359662,0.61,1.34,1,825,0,3979127,0.83,1.51,1,542,0
E00946,E01024,supplier,0.76,44,5340596,0.13,1.1,1,774,0,3979127,0.83,1.51,1,542,0
E01739,E01024,parent_company,0.86,34,4524112,0.92,1.73,2,720,0,3979127,0.83,1.51,1,542,0
E00522,E01818,co-investor,0.53,15,5615241,0.28,1.9,1,534,0,1752889,0.43,1.24,0,837,0
E00328,E01818,supplier,0.36,48,5255605,0.36,0.87,1,510,0,1752889,0.43,1.24,0,837,0
E00193,E01818,shared_director,0.54,23,1946896,0.45,1.16,1,660,0,1752889,0.43,1.24,0,837,0
E02650,E01818,parent_company,0.37,17,7321398,0.8,0.8,3,675,1,1752889,0.43,1.24,0,837,0
E00522,E02800,parent_company,0.81,27,5615241,0.28,1.9,1,534,0,3372939,0.2,1.56,1,758,0
E01240,E02800,co-investor,0.27,39,4386237,0.69,1.56,2,800,0,3372939,0.2,1.56,1,758,0
E01622,E02800,co-investor,0.47,34,5677987,0.34,1.93,0,536,0,3372939,0.2,1.56,1,758,0
E01069,E02800,parent_company,0.98,28,6042590,1.0,1.97,0,502,1,3372939,0.2,1.56,1,758,0
E00546,E02800,co-investor,0.81,15,4477200,0.75,0.74,0,676,0,3372939,0.2,1.56,1,758,0
E01604,E02325,supplier,0.26,21,7350566,0.15,1.02,0,847,0,3359646,0.94,0.66,1,648,1
E00205,E02325,co-investor,0.11,5,2915030,0.56,1.4,0,619,0,3359646,0.94,0.66,1,648,1
E01552,E02325,co-investor,0.15,47,3804383,0.73,1.47,0,742,0,3359646,0.94,0.66,1,648,1
E00938,E02325,supplier,0.53,44,1125275,0.65,1.28,0,695,0,3359646,0.94,0.66,1,648,1
E00921,E02325,shared_director,0.41,20,100000,0.15,0.55,0,699,0,3359646,0.94,0.66,1,648,1
E01269,E02325,co-investor,0.82,12,4468460,0.94,1.41,2,590,0,3359646,0.94,0.66,1,648,1
E01604,E00450,shared_director,0.41,34,7350566,0.15,1.02,0,847,0,3854463,0.86,1.48,0,819,0
E01472,E00450,co-investor,0.88,16,5136741,0.54,0.61,1,711,0,3854463,0.86,1.48,0,819,0
E01918,E00450,co-investor,0.43,27,6487631,0.14,0.59,4,725,0,3854463,0.86,1.48,0,819,0
E00640,E00450,co-investor,0.62,50,1173787,0.19,1.22,1,618,0,3854463,0.86,1.48,0,819,0
E02335,E00450,parent_company,0.27,30,9151275,0.29,0.72,0,834,0,3854463,0.86,1.48,0,819,0
E01604,E02563,supplier,0.54,11,7350566,0.15,1.02,0,847,0,4374967,0.21,1.72,1,753,0
E01298,E02563,supplier,0.47,30,2706670,0.34,1.8,0,827,0,4374967,0.21,1.72,1,753,0
E02509,E02563,parent_company,0.48,37,3812193,0.27,0.66,3,786,0,4374967,0.21,1.72,1,753,0
E00533,E02563,supplier,0.29,45,7010285,0.57,0.56,1,555,1,4374967,0.21,1.72,1,753,0
E02332,E02563,shared_director,0.72,24,5969757,0.29,0.8,0,558,0,4374967,0.21,1.72,1,753,0
E00712,E02563,parent_company,0.38,23,7626137,0.98,1.31,2,794,0,4374967,0.21,1.72,1,753,0
E01604,E02541,co-investor,0.25,39,7350566,0.15,1.02,0,847,0,4978124,0.63,0.66,1,749,0
E01754,E02541,supplier,0.41,44,3720470,0.25,1.14,2,849,0,4978124,0.63,0.66,1,749,0
E00867,E02541,supplier,0.9,27,1201647,0.55,0.78,1,502,1,4978124,0.63,0.66,1,749,0
E02505,E01205,parent_company,0.67,41,2734661,0.92,0.65,0,619,0,3211334,0.46,0.83,1,576,0
E01357,E00319,parent_company,0.41,21,6279574,0.56,1.49,2,553,0,5351091,0.87,1.4,2,729,0
E01325,E00319,supplier,0.22,29,5122231,0.62,0.79,2,697,0,5351091,0.87,1.4,2,729,0
E00428,E00319,co-investor,0.64,22,3941403,0.96,1.24,1,694,0,5351091,0.87,1.4,2,729,0
E01357,E00842,parent_company,0.47,36,6279574,0.56,1.49,2,553,0,4670873,0.97,1.42,0,511,0
E00409,E00842,shared_director,0.15,21,4013074,0.54,1.18,2,746,0,4670873,0.97,1.42,0,511,0
E02682,E00842,co-investor,0.47,7,5549483,0.19,0.98,4,817,0,4670873,0.97,1.42,0,511,0
E01684,E00842,supplier,0.88,2,7267246,0.61,1.91,1,846,0,4670873,0.97,1.42,0,511,0
E01357,E02861,parent_company,0.91,21,6279574,0.56,1.49,2,553,0,6093922,0.59,0.65,2,630,0
E00911,E02861,shared_director,0.33,49,8261858,0.32,1.23,0,680,0,6093922,0.59,0.65,2,630,0
E02342,E02861,co-investor,0.28,39,6398027,0.91,1.98,1,811,0,6093922,0.59,0.65,2,630,0
E01357,E02773,supplier,0.74,10,6279574,0.56,1.49,2,553,0,5161583,0.17,0.85,1,756,0
E01920,E02773,parent_company,0.71,6,8489278,0.87,1.63,3,601,0,5161583,0.17,0.85,1,756,0
E01477,E02773,co-investor,0.18,39,4123780,0.84,1.63,2,693,0,5161583,0.17,0.85,1,756,0
E01957,E02773,supplier,0.86,21,100000,0.6,1.06,4,809,0,5161583,0.17,0.85,1,756,0
E00688,E02606,supplier,0.84,43,3220507,0.45,1.11,2,568,0,8655361,0.31,1.82,3,555,0
E01981,E02606,parent_company,0.4,49,5992329,0.97,1.3,2,624,0,8655361,0.31,1.82,3,555,0
E02891,E02606,co-investor,0.97,25,6005429,0.61,0.84,0,535,0,8655361,0.31,1.82,3,555,0
E02856,E02606,supplier,0.37,22,5018930,0.74,1.89,1,565,0,8655361,0.31,1.82,3,555,0
E01167,E02606,shared_director,0.84,22,3532424,0.67,1.86,3,599,1,8655361,0.31,1.82,3,555,0
E00688,E02335,co-investor,0.31,35,3220507,0.45,1.11,2,568,0,9151275,0.29,0.72,0,834,0
E00728,E02335,shared_director,0.5,34,3706940,0.37,1.69,0,753,0,9151275,0.29,0.72,0,834,0
E02293,E02335,co-investor,0.65,23,7442471,0.89,1.58,1,672,0,9151275,0.29,0.72,0,834,0
E00688,E00744,supplier,0.8,13,3220507,0.45,1.11,2,568,0,3744143,0.72,1.72,2,505,0
E01852,E00744,supplier,0.63,26,8423874,0.48,0.54,2,580,0,3744143,0.72,1.72,2,505,0
E02032,E00744,shared_director,0.27,12,4686515,0.16,1.49,1,697,0,3744143,0.72,1.72,2,505,0
E00688,E00464,shared_director,0.7,1,3220507,0.45,1.11,2,568,0,7124803,0.42,0.73,3,528,0
E01818,E00464,supplier,0.31,21,1752889,0.43,1.24,0,837,0,7124803,0.42,0.73,3,528,0
E02361,E00464,shared_director,0.92,37,2581931,0.8,0.82,1,671,0,7124803,0.42,0.73,3,528,0
E01507,E00464,parent_company,0.35,32,3243034,0.23,1.5,1,833,0,7124803,0.42,0.73,3,528,0
E00006,E00198,shared_director,0.49,27,3365997,0.34,0.79,4,835,0,4573455,0.43,1.27,1,541,0
E01398,E00198,shared_director,0.36,25,1734883,0.75,1.82,2,699,0,4573455,0.43,1.27,1,541,0
E01638,E00198,parent_company,0.32,9,3804580,0.44,1.26,2,747,0,4573455,0.43,1.27,1,541,0
E00682,E02005,parent_company,0.13,36,5450685,0.5,1.61,1,845,0,6502261,0.12,0.78,2,602,0
E00048,E02005,supplier,0.78,41,3834398,0.25,1.1,2,753,0,6502261,0.12,0.78,2,602,0
E01473,E02005,supplier,0.64,30,2889225,0.91,1.92,1,808,0,6502261,0.12,0.78,2,602,0
E00682,E02832,shared_director,0.55,48,5450685,0.5,1.61,1,845,0,6153587,0.16,1.81,0,830,0
E01037,E02832,parent_company,0.62,42,3053106,0.36,1.71,1,839,0,6153587,0.16,1.81,0,830,0
E01941,E02832,parent_company,0.8,15,5000890,0.56,1.71,2,761,0,6153587,0.16,1.81,0,830,0
E02237,E01538,supplier,0.85,37,5134987,0.83,0.56,2,553,0,3127422,0.66,1.34,2,749,0
E02728,E01538,supplier,0.79,44,9328014,0.95,1.69,1,786,0,3127422,0.66,1.34,2,749,0
E02237,E02349,co-investor,0.44,13,5134987,0.83,0.56,2,553,0,2791177,0.25,1.2,1,786,0
E00770,E02349,shared_director,0.87,14,4938122,0.6,1.52,2,799,0,2791177,0.25,1.2,1,786,0
E02758,E02349,supplier,0.85,47,2764442,0.87,1.46,2,618,1,2791177,0.25,1.2,1,786,0
E01620,E02349,shared_director,0.44,8,4026840,0.93,1.1,1,729,0,2791177,0.25,1.2,1,786,0
E01533,E02349,shared_director,0.29,28,6977338,0.34,1.78,1,690,0,2791177,0.25,1.2,1,786,0
E01849,E02349,supplier,0.81,7,7834040,0.68,1.0,0,601,0,2791177,0.25,1.2,1,786,0
E02237,E01058,parent_company,0.97,30,5134987,0.83,0.56,2,553,0,5966850,0.33,1.58,0,683,0
E01110,E01058,parent_company,0.75,18,3419867,0.21,0.7,1,768,0,5966850,0.33,1.58,0,683,0
E02374,E01058,shared_director,0.11,45,6012733,0.45,1.68,0,786,0,5966850,0.33,1.58,0,683,0
E01088,E01058,shared_director,0.1,15,1089447,0.14,0.98,3,538,0,5966850,0.33,1.58,0,683,0
E01054,E01058,co-investor,0.72,18,6312721,0.2,0.5,1,641,0,5966850,0.33,1.58,0,683,0
E02904,E01058,parent_company,0.17,11,5564005,0.25,1.57,0,550,0,5966850,0.33,1.58,0,683,0
E02667,E02815,parent_company,0.25,5,2404980,0.62,1.77,0,597,0,5263289,0.37,0.82,2,749,0
E02734,E02815,co-investor,0.66,19,4688868,0.87,1.33,3,803,0,5263289,0.37,0.82,2,749,0
E02434,E02815,supplier,0.77,27,3739427,0.46,1.77,0,782,0,5263289,0.37,0.82,2,749,0
E01173,E02815,parent_company,0.45,20,6306566,0.8,1.48,1,580,1,5263289,0.37,0.82,2,749,0
E02667,E00511,shared_director,0.37,48,2404980,0.62,1.77,0,597,0,3123064,0.41,1.38,1,578,0
E02057,E00511,shared_director,0.68,30,3101151,0.5,1.71,4,546,0,3123064,0.41,1.38,1,578,0
E01876,E00511,parent_company,0.1,49,4966928,0.55,1.77,2,736,0,3123064,0.41,1.38,1,578,0
E02090,E00511,parent_company,0.52,39,5661146,0.77,1.2,1,670,0,3123064,0.41,1.38,1,578,0
E00137,E01546,co-investor,0.9,45,9011148,0.56,1.58,1,737,0,4917661,0.21,0.91,5,678,0
E01040,E01546,parent_company,0.79,46,6010848,0.72,1.16,0,518,1,4917661,0.21,0.91,5,678,0
E01612,E01546,parent_company,0.12,2,2461209,0.21,1.6,1,536,0,4917661,0.21,0.91,5,678,0
E02674,E01546,parent_company,0.23,5,3316576,0.87,1.96,1,695,0,4917661,0.21,0.91,5,678,0
E00676,E02488,shared_director,0.24,7,2185711,0.28,1.08,1,741,0,4051309,0.27,1.18,2,809,0
E02923,E02488,shared_director,0.34,43,2639432,0.59,1.23,0,664,0,4051309,0.27,1.18,2,809,0
E00523,E02488,co-investor,0.26,46,4102158,0.29,0.92,2,693,0,4051309,0.27,1.18,2,809,0
E01709,E02488,shared_director,0.25,3,7163884,0.46,1.33,3,624,0,4051309,0.27,1.18,2,809,0
E02456,E02488,supplier,0.2,13,1847296,0.89,1.05,0,577,0,4051309,0.27,1.18,2,809,0
E00676,E02018,co-investor,0.98,15,2185711,0.28,1.08,1,741,0,7883433,0.15,1.21,1,844,0
E01475,E02018,shared_director,0.51,12,5406605,0.18,1.87,0,689,0,7883433,0.15,1.21,1,844,0
E02213,E01087,co-investor,0.37,7,4453755,0.84,0.53,1,661,0,4392676,0.5,1.53,0,590,0
E00717,E01087,co-investor,0.9,26,9929755,0.26,1.06,3,680,0,4392676,0.5,1.53,0,590,0
E02213,E00934,parent_company,0.88,35,4453755,0.84,0.53,1,661,0,5523325,0.99,1.72,2,768,1
E00403,E00934,parent_company,0.37,48,4641976,0.17,0.64,0,554,0,5523325,0.99,1.72,2,768,1
E02096,E00934,co-investor,0.43,4,3893615,0.27,1.91,2,829,0,5523325,0.99,1.72,2,768,1
E02609,E00934,supplier,0.87,38,6457818,0.28,1.02,3,698,0,5523325,0.99,1.72,2,768,1
E02267,E00934,supplier,0.96,17,8182038,0.36,1.77,1,565,1,5523325,0.99,1.72,2,768,1
E02475,E00934,co-investor,0.75,42,6309353,0.43,1.06,3,648,0,5523325,0.99,1.72,2,768,1
E00406,E00934,co-investor,0.85,43,2874734,0.18,0.81,1,731,0,5523325,0.99,1.72,2,768,1
E01303,E00934,shared_director,0.93,41,2803709,0.82,0.93,2,740,0,5523325,0.99,1.72,2,768,1
E00016,E02339,co-investor,0.12,43,6947114,0.63,0.7,1,602,0,6730397,0.18,0.82,2,645,0
E00862,E02339,parent_company,0.39,13,2016127,0.58,0.61,1,743,0,6730397,0.18,0.82,2,645,0
E01997,E02339,shared_director,0.22,44,7578793,0.74,1.1,1,621,0,6730397,0.18,0.82,2,645,0
E01097,E02339,parent_company,0.66,20,3869430,0.68,1.14,3,592,0,6730397,0.18,0.82,2,645,0
E00016,E02267,shared_director,0.38,44,6947114,0.63,0.7,1,602,0,8182038,0.36,1.77,1,565,1
E02668,E02267,co-investor,0.79,21,3484287,0.76,1.74,1,586,0,8182038,0.36,1.77,1,565,1
E00323,E02267,supplier,0.78,37,4274085,0.94,1.49,1,532,0,8182038,0.36,1.77,1,565,1
E00435,E02267,co-investor,0.47,16,2744345,0.3,0.8,1,532,0,8182038,0.36,1.77,1,565,1
E00474,E01264,shared_director,0.52,43,3583842,0.97,1.37,4,756,0,6691203,0.67,1.14,3,532,0
E00262,E01264,shared_director,0.96,42,5329395,0.88,0.96,2,824,1,6691203,0.67,1.14,3,532,0
E00523,E01264,parent_company,0.74,20,4102158,0.29,0.92,2,693,0,6691203,0.67,1.14,3,532,0
E00845,E01264,parent_company,0.19,35,5608252,0.61,0.66,1,694,0,6691203,0.67,1.14,3,532,0
E00512,E01264,parent_company,0.7,39,6288536,0.88,1.04,1,534,0,6691203,0.67,1.14,3,532,0
E01086,E01040,co-investor,0.36,31,5701570,0.92,1.57,2,803,0,6010848,0.72,1.16,0,518,1
E00752,E01040,co-investor,0.44,15,4582079,0.75,0.56,1,746,0,6010848,0.72,1.16,0,518,1
E02442,E01040,shared_director,0.13,8,4422409,0.95,1.87,1,701,0,6010848,0.72,1.16,0,518,1
E01086,E01813,supplier,0.41,41,5701570,0.92,1.57,2,803,0,3270868,0.5,1.53,1,832,0
E01841,E01813,supplier,0.63,49,8410028,0.56,0.92,0,741,1,3270868,0.5,1.53,1,832,0
E01514,E00765,shared_director,0.14,29,100000,0.57,1.19,2,834,0,6726200,0.59,1.09,1,528,0
E02660,E00765,shared_director,0.14,40,6417437,0.97,1.57,2,546,0,6726200,0.59,1.09,1,528,0
E01596,E00765,shared_director,0.52,26,3837707,0.74,1.23,1,745,1,6726200,0.59,1.09,1,528,0
E01400,E00765,parent_company,0.14,17,3903120,0.54,1.48,0,702,0,6726200,0.59,1.09,1,528,0
E00773,E00765,supplier,0.32,39,2613880,0.56,0.6,1,583,0,6726200,0.59,1.09,1,528,0
E01898,E00765,supplier,0.32,25,7011070,0.18,0.77,1,577,0,6726200,0.59,1.09,1,528,0
E01514,E02089,shared_director,0.25,36,100000,0.57,1.19,2,834,0,6933520,0.95,0.78,1,605,0
E02433,E02089,co-investor,0.78,44,4567095,0.14,0.73,1,673,0,6933520,0.95,0.78,1,605,0
E01392,E02089,parent_company,0.39,46,5899311,0.53,1.37,0,645,0,6933520,0.95,0.78,1,605,0
E01905,E00624,shared_director,0.39,39,2198652,0.4,1.65,3,753,0,2524358,0.51,0.69,2,620,0
E00176,E00624,supplier,0.66,33,4199237,0.7,1.37,1,619,0,2524358,0.51,0.69,2,620,0
E01905,E00417,co-investor,0.46,38,2198652,0.4,1.65,3,753,0,3841073,0.59,1.2,0,577,0
E00920,E00417,co-investor,0.42,40,6364068,0.76,1.72,1,585,0,3841073,0.59,1.2,0,577,0
E02218,E00541,shared_director,0.41,29,5689890,0.19,1.06,0,801,0,7093840,0.64,0.55,2,689,0
E00760,E00541,shared_director,0.69,44,6524396,0.73,0.86,1,724,0,7093840,0.64,0.55,2,689,0
E01856,E00541,shared_director,0.46,21,6532934,0.64,1.58,0,602,0,7093840,0.64,0.55,2,689,0
E00004,E00541,co-investor,0.32,21,5807641,0.54,0.93,2,722,0,7093840,0.64,0.55,2,689,0
E02218,E00291,parent_company,0.7,33,5689890,0.19,1.06,0,801,0,6004833,0.36,1.88,2,522,0
E02482,E00291,supplier,0.94,14,4828783,0.59,0.75,1,834,1,6004833,0.36,1.88,2,522,0
E02604,E00291,co-investor,0.67,1,6834630,0.85,0.51,1,581,0,6004833,0.36,1.88,2,522,0
E01888,E00291,co-investor,0.93,24,5659958,0.64,1.33,1,556,0,6004833,0.36,1.88,2,522,0
E01894,E00291,shared_director,0.63,44,6065666,0.6,0.81,2,673,0,6004833,0.36,1.88,2,522,0
E02078,E00291,supplier,0.62,14,3992420,0.61,1.07,4,808,0,6004833,0.36,1.88,2,522,0
E02141,E00412,co-investor,0.32,5,3385129,0.57,1.84,1,700,0,3402909,0.93,1.07,0,662,0
E00572,E00412,supplier,0.37,43,6450302,0.76,1.86,0,751,1,3402909,0.93,1.07,0,662,0
E01731,E00412,parent_company,0.73,33,4879422,0.43,1.41,0,672,0,3402909,0.93,1.07,0,662,0
E01219,E00412,shared_director,0.78,3,5207088,0.97,1.17,2,557,0,3402909,0.93,1.07,0,662,0
E01951,E01225,supplier,0.46,46,5866979,0.13,1.11,0,505,0,2244598,0.37,1.12,0,803,0
E01951,E01914,co-investor,0.59,9,5866979,0.13,1.11,0,505,0,5718040,0.4,1.51,3,616,0
E01206,E01914,shared_director,0.49,26,3661179,0.99,0.55,4,758,0,5718040,0.4,1.51,3,616,0
E00840,E01914,shared_director,0.58,48,4337087,0.18,1.49,2,638,0,5718040,0.4,1.51,3,616,0
E00446,E01914,supplier,0.52,14,9003474,0.79,1.91,3,623,0,5718040,0.4,1.51,3,616,0
E01951,E02182,parent_company,0.44,46,5866979,0.13,1.11,0,505,0,4699791,0.22,0.81,2,805,0
E01951,E02631,shared_director,0.39,17,5866979,0.13,1.11,0,505,0,5438221,0.89,1.66,0,661,0
E00985,E02631,parent_company,0.96,44,4780901,0.72,1.97,3,757,0,5438221,0.89,1.66,0,661,0
E00143,E02057,parent_company,0.21,49,2992484,0.96,0.56,2,723,0,3101151,0.5,1.71,4,546,0
E01532,E02057,supplier,0.15,47,5511147,0.18,1.41,2,556,1,3101151,0.5,1.71,4,546,0
E00143,E01065,co-investor,0.29,46,2992484,0.96,0.56,2,723,0,3528392,0.76,0.7,0,585,1
E01840,E00709,parent_company,0.97,13,3258965,0.58,0.94,1,720,0,2624174,0.98,0.6,0,838,1
E01840,E01663,shared_director,0.54,38,3258965,0.58,0.94,1,720,0,7531259,0.13,1.42,1,793,0
E02116,E01663,co-investor,0.84,23,7155302,0.94,1.02,1,570,0,7531259,0.13,1.42,1,793,0
E01262,E01663,supplier,0.64,44,7574648,0.92,0.83,3,609,1,7531259,0.13,1.42,1,793,0
E00853,E01663,shared_director,0.9,30,2922396,0.58,0.54,0,756,0,7531259,0.13,1.42,1,793,0
E01503,E01663,co-investor,0.97,27,8095999,0.72,1.97,3,773,1,7531259,0.13,1.42,1,793,0
E01221,E01663,parent_company,0.59,22,4962883,0.95,0.64,3,629,1,7531259,0.13,1.42,1,793,0
E00517,E00612,supplier,0.35,22,6094431,0.49,0.75,0,796,0,4398191,0.38,1.02,3,726,0
E00272,E00612,co-investor,0.86,22,3098632,0.58,1.02,2,501,0,4398191,0.38,1.02,3,726,0
E00060,E00612,shared_director,0.81,1,2361709,0.24,1.13,1,680,0,4398191,0.38,1.02,3,726,0
E02186,E00612,shared_director,0.82,7,2873964,0.6,1.86,0,652,0,4398191,0.38,1.02,3,726,0
E01412,E00612,parent_company,0.25,13,3580855,0.19,1.88,1,542,0,4398191,0.38,1.02,3,726,0
E02590,E00612,shared_director,0.43,28,5419426,0.49,0.51,3,658,0,4398191,0.38,1.02,3,726,0
E02455,E00612,co-investor,0.2,42,5028488,0.31,1.35,4,514,0,4398191,0.38,1.02,3,726,0
E02888,E00612,shared_director,0.86,18,10290073,0.49,1.56,0,798,0,4398191,0.38,1.02,3,726,0
E00517,E00129,parent_company,0.49,33,6094431,0.49,0.75,0,796,0,9310479,0.79,1.17,1,698,0
E00732,E00129,parent_company,0.2,13,3413436,0.46,1.1,2,812,0,9310479,0.79,1.17,1,698,0
E01250,E00129,co-investor,0.94,39,6517877,0.85,0.72,3,726,0,9310479,0.79,1.17,1,698,0
E02485,E00129,supplier,0.98,23,7616023,0.85,1.86,3,683,1,9310479,0.79,1.17,1,698,0
E00274,E00129,parent_company,0.94,32,4983443,0.87,2.0,0,724,0,9310479,0.79,1.17,1,698,0
E00517,E00889,shared_director,0.23,19,6094431,0.49,0.75,0,796,0,2100286,0.55,0.95,5,729,0
E00975,E00889,shared_director,0.51,29,3947843,0.87,1.9,2,846,1,2100286,0.55,0.95,5,729,0
E01013,E00889,supplier,0.29,9,8539724,0.26,1.12,1,690,0,2100286,0.55,0.95,5,729,0
E00471,E00889,supplier,0.39,15,6614586,0.77,1.24,1,775,0,2100286,0.55,0.95,5,729,0
E02748,E00889,parent_company,0.39,36,4011291,0.84,0.78,1,785,0,2100286,0.55,0.95,5,729,0
E00517,E01198,co-investor,0.84,32,6094431,0.49,0.75,0,796,0,4631286,0.31,0.53,1,581,0
E01400,E01198,parent_company,0.28,37,3903120,0.54,1.48,0,702,0,4631286,0.31,0.53,1,581,0
E01784,E00828,parent_company,0.85,17,3773278,0.33,1.86,2,673,0,6186858,0.35,1.12,0,621,0
E01025,E00828,co-investor,0.79,47,7323867,0.79,0.67,3,567,0,6186858,0.35,1.12,0,621,0
E00844,E00828,co-investor,0.93,30,6826000,0.4,1.01,0,681,0,6186858,0.35,1.12,0,621,0
E01618,E00828,supplier,0.6,32,3254140,0.98,1.18,6,603,1,6186858,0.35,1.12,0,621,0
E00166,E00828,supplier,0.35,20,3682462,0.27,1.59,2,817,0,6186858,0.35,1.12,0,621,0
E01784,E00190,supplier,0.2,9,3773278,0.33,1.86,2,673,0,7124419,0.95,0.98,3,715,1
E02515,E00190,supplier,0.2,14,4635163,0.1,0.58,1,526,0,7124419,0.95,0.98,3,715,1
E02800,E00190,supplier,0.18,1,3372939,0.2,1.56,1,758,0,7124419,0.95,0.98,3,715,1
E01784,E00320,supplier,0.23,21,3773278,0.33,1.86,2,673,0,5817024,0.11,0.76,0,652,0
E02740,E00320,co-investor,0.65,22,3841909,0.14,1.13,3,550,0,5817024,0.11,0.76,0,652,0
E02262,E01336,co-investor,0.57,1,4945336,0.1,1.07,3,674,0,7254716,0.43,1.28,1,837,0
E02206,E01336,supplier,0.51,28,4001231,0.83,0.66,0,548,0,7254716,0.43,1.28,1,837,0
E01774,E01336,co-investor,0.17,2,6041936,0.98,1.92,3,787,0,7254716,0.43,1.28,1,837,0
E00154,E00706,co-investor,0.46,40,3403121,0.71,1.51,2,534,0,6199188,0.45,1.96,1,598,0
E01149,E00706,parent_company,0.61,45,5679028,0.84,0.6,4,650,0,6199188,0.45,1.96,1,598,0
E02764,E00706,shared_director,0.43,40,3915435,0.15,1.45,1,664,0,6199188,0.45,1.96,1,598,0
E00154,E02361,shared_director,0.17,4,3403121,0.71,1.51,2,534,0,2581931,0.8,0.82,1,671,0
E02879,E02361,supplier,0.64,20,5220779,0.67,1.59,2,543,1,2581931,0.8,0.82,1,671,0
E01571,E02361,parent_company,0.71,12,5075723,0.62,1.97,2,515,0,2581931,0.8,0.82,1,671,0
E02768,E02361,shared_director,0.12,33,4276822,0.33,0.84,0,761,0,2581931,0.8,0.82,1,671,0
E00154,E00299,shared_director,0.79,39,3403121,0.71,1.51,2,534,0,3620919,0.96,0.71,1,706,0
E01215,E00299,co-investor,0.55,21,3441696,0.19,1.14,0,640,0,3620919,0.96,0.71,1,706,0
E00071,E00299,supplier,0.91,7,3644867,0.14,1.78,4,545,0,3620919,0.96,0.71,1,706,0
E00154,E01238,parent_company,0.86,4,3403121,0.71,1.51,2,534,0,581696,0.84,1.33,1,574,1
E01206,E01238,shared_director,0.89,2,3661179,0.99,0.55,4,758,0,581696,0.84,1.33,1,574,1
E01071,E01238,co-investor,0.26,28,5530112,0.35,1.33,3,649,0,581696,0.84,1.33,1,574,1
E00109,E01238,supplier,0.47,35,8292794,0.81,1.55,1,641,1,581696,0.84,1.33,1,574,1
E01689,E01238,co-investor,0.24,8,4079473,0.29,1.21,2,760,0,581696,0.84,1.33,1,574,1
E00154,E02610,shared_director,0.37,8,3403121,0.71,1.51,2,534,0,2925468,0.96,1.84,3,847,0
E01618,E02610,parent_company,0.71,19,3254140,0.98,1.18,6,603,1,2925468,0.96,1.84,3,847,0
E00154,E00872,supplier,0.32,36,3403121,0.71,1.51,2,534,0,6800457,0.56,0.54,1,598,0
E02005,E00872,co-investor,0.97,12,6502261,0.12,0.78,2,602,0,6800457,0.56,0.54,1,598,0
E02829,E00974,supplier,0.77,18,1956806,0.58,0.52,1,767,1,8136209,0.8,1.25,5,723,0
E01383,E00974,shared_director,0.94,28,3928773,0.33,0.68,1,565,0,8136209,0.8,1.25,5,723,0
E00194,E00974,supplier,0.34,39,4884190,0.23,1.79,2,802,0,8136209,0.8,1.25,5,723,0
E02554,E00974,supplier,0.29,43,2308833,0.76,1.03,3,842,0,8136209,0.8,1.25,5,723,0
E02829,E02453,supplier,0.38,21,1956806,0.58,0.52,1,767,1,5306203,0.79,1.33,1,537,0
E00595,E02453,co-investor,0.59,48,8693253,0.16,1.76,0,738,0,5306203,0.79,1.33,1,537,0
E01234,E02453,supplier,0.82,34,3770454,0.28,1.15,2,625,0,5306203,0.79,1.33,1,537,0
E02829,E00139,co-investor,0.87,3,1956806,0.58,0.52,1,767,1,4061704,0.38,1.84,1,679,0
E02411,E00139,co-investor,0.73,41,5968893,0.68,0.87,2,727,0,4061704,0.38,1.84,1,679,0
E01526,E00083,co-investor,0.84,20,8095140,0.59,0.51,0,624,0,2644943,0.38,1.9,2,587,0
E02103,E00083,supplier,0.53,9,7236915,0.35,1.92,3,813,0,2644943,0.38,1.9,2,587,0
E01526,E02658,co-investor,0.47,1,8095140,0.59,0.51,0,624,0,2508812,0.79,0.55,2,688,0
E01347,E02658,co-investor,0.52,40,3669029,0.67,1.12,2,777,0,2508812,0.79,0.55,2,688,0
E01526,E02447,parent_company,0.64,21,8095140,0.59,0.51,0,624,0,4668943,0.38,0.81,1,554,1
E02504,E02447,shared_director,0.89,9,4550508,0.7,1.73,1,527,1,4668943,0.38,0.81,1,554,1
E01274,E00487,shared_director,0.75,14,3613626,0.33,1.89,1,609,0,7429018,0.14,0.57,0,751,0
E00288,E00487,supplier,0.34,22,5843369,0.16,0.61,3,663,0,7429018,0.14,0.57,0,751,0
E01089,E00487,shared_director,0.54,32,4669201,0.43,0.88,0,512,0,7429018,0.14,0.57,0,751,0
E01356,E00487,co-investor,0.66,10,3314514,0.39,0.96,2,724,0,7429018,0.14,0.57,0,751,0
E01780,E00487,supplier,0.75,16,1663096,0.16,1.25,0,560,0,7429018,0.14,0.57,0,751,0
E01274,E00804,co-investor,0.17,47,3613626,0.33,1.89,1,609,0,7597622,0.52,0.8,1,672,0
E02559,E00804,parent_company,0.39,22,6050380,0.57,1.34,2,761,0,7597622,0.52,0.8,1,672,0
E02340,E00804,parent_company,0.3,9,5333323,0.56,1.45,2,801,0,7597622,0.52,0.8,1,672,0
E00617,E00804,parent_company,0.43,44,6605803,0.97,1.56,0,549,0,7597622,0.52,0.8,1,672,0
E00413,E00804,parent_company,0.74,48,8623960,0.25,1.8,1,539,0,7597622,0.52,0.8,1,672,0
E00403,E00851,co-investor,0.85,15,4641976,0.17,0.64,0,554,0,6777197,0.25,1.13,5,558,0
E01823,E00851,shared_director,0.82,15,3271217,0.94,0.96,0,816,0,6777197,0.25,1.13,5,558,0
E00902,E00851,parent_company,0.17,13,3854004,0.75,1.8,4,717,1,6777197,0.25,1.13,5,558,0
E01815,E01315,co-investor,0.76,39,5087559,0.43,1.54,1,614,0,5366600,0.98,1.13,4,636,0
E02421,E01315,shared_director,0.59,23,2705356,0.29,1.05,0,597,0,5366600,0.98,1.13,4,636,0
E02707,E01315,co-investor,0.86,29,4407907,0.95,1.19,2,693,1,5366600,0.98,1.13,4,636,0
E01815,E00924,co-investor,0.78,35,5087559,0.43,1.54,1,614,0,3227915,0.42,1.75,2,597,0
E01392,E00924,shared_director,0.48,49,5899311,0.53,1.37,0,645,0,3227915,0.42,1.75,2,597,0
E00585,E00924,supplier,0.77,46,1175793,0.31,1.17,2,500,0,3227915,0.42,1.75,2,597,0
E01815,E02609,co-investor,0.24,13,5087559,0.43,1.54,1,614,0,6457818,0.28,1.02,3,698,0
E02168,E02609,supplier,0.43,39,4074368,0.62,0.89,0,540,1,6457818,0.28,1.02,3,698,0
E02722,E02609,parent_company,0.97,50,5477658,0.23,1.79,1,521,0,6457818,0.28,1.02,3,698,0
E01497,E02609,supplier,0.61,41,3515987,0.84,1.74,0,670,0,6457818,0.28,1.02,3,698,0
E01815,E01393,supplier,0.61,20,5087559,0.43,1.54,1,614,0,3465890,0.54,1.01,3,748,0
E01150,E01393,shared_director,0.98,34,3708457,0.39,1.52,1,738,0,3465890,0.54,1.01,3,748,0
E00096,E01393,shared_director,0.26,2,5059967,0.7,1.34,0,612,1,3465890,0.54,1.01,3,748,0
E01754,E01393,supplier,0.41,43,3720470,0.25,1.14,2,849,0,3465890,0.54,1.01,3,748,0
E00916,E01393,shared_director,0.31,29,7624817,0.39,0.77,1,556,0,3465890,0.54,1.01,3,748,0
E00715,E01393,parent_company,0.64,3,4549706,0.49,1.56,1,756,0,3465890,0.54,1.01,3,748,0
E00843,E01393,co-investor,0.62,36,2318893,0.95,1.54,2,743,1,3465890,0.54,1.01,3,748,0
E02645,E01188,co-investor,0.33,6,8803118,0.66,1.71,1,516,0,5060323,0.31,0.85,2,795,0
E01942,E01188,parent_company,0.82,47,2405662,0.8,1.69,2,785,0,5060323,0.31,0.85,2,795,0
E00378,E01188,co-investor,0.6,11,6129402,0.44,0.67,1,751,0,5060323,0.31,0.85,2,795,0
E02726,E01188,shared_director,0.35,34,7732309,0.94,0.92,2,507,0,5060323,0.31,0.85,2,795,0
E02645,E02759,parent_company,0.26,7,8803118,0.66,1.71,1,516,0,8985665,0.92,1.24,1,568,0
E01038,E02759,supplier,0.49,46,4989205,0.59,1.99,0,788,0,8985665,0.92,1.24,1,568,0
E01985,E00223,shared_director,0.23,40,4612101,0.21,1.51,1,801,0,6839655,0.39,1.39,2,647,0
E02754,E00223,shared_director,0.79,49,4521246,0.7,1.52,2,786,0,6839655,0.39,1.39,2,647,0
E01414,E00223,co-investor,0.78,8,3473137,0.5,1.36,0,599,0,6839655,0.39,1.39,2,647,0
E00800,E00223,parent_company,0.96,28,5180085,0.14,1.04,2,782,0,6839655,0.39,1.39,2,647,0
E00556,E01325,co-investor,0.66,31,3798052,0.4,1.53,0,705,0,5122231,0.62,0.79,2,697,0
E01370,E01325,co-investor,0.47,11,7007133,0.11,0.71,4,776,0,5122231,0.62,0.79,2,697,0
E01762,E01325,supplier,0.2,27,4696889,0.46,1.93,2,846,0,5122231,0.62,0.79,2,697,0
E02735,E01325,co-investor,0.25,5,6532392,0.2,1.42,2,582,0,5122231,0.62,0.79,2,697,0
E02001,E01325,co-investor,0.2,38,5537067,0.3,1.77,2,522,0,5122231,0.62,0.79,2,697,0
E00275,E01325,shared_director,0.65,10,6389522,0.19,1.63,1,693,0,5122231,0.62,0.79,2,697,0
E00647,E01325,supplier,0.23,3,2798441,0.94,1.53,1,650,0,5122231,0.62,0.79,2,697,0
E02887,E00206,shared_director,0.42,40,2191997,0.18,0.58,0,630,0,7555853,0.22,0.99,0,574,0
E02708,E00206,co-investor,0.57,33,4519694,0.43,0.56,6,501,0,7555853,0.22,0.99,0,574,0
E00882,E00206,shared_director,0.11,35,2198984,0.54,1.13,0,595,0,7555853,0.22,0.99,0,574,0
E02069,E00608,shared_director,0.67,50,4061701,0.39,1.2,2,826,0,5802384,0.5,1.69,1,848,0
E01241,E00608,supplier,0.33,47,8042796,0.58,0.77,0,672,0,5802384,0.5,1.69,1,848,0
E00263,E00608,parent_company,0.61,2,4274929,0.88,1.76,4,510,0,5802384,0.5,1.69,1,848,0
E02069,E02872,supplier,0.86,38,4061701,0.39,1.2,2,826,0,2975453,0.53,0.57,0,818,0
E02404,E02259,co-investor,0.41,17,3726659,0.83,1.11,2,631,0,3570905,0.6,1.18,4,783,0
E02038,E02259,parent_company,0.65,21,4158122,0.6,1.72,2,687,0,3570905,0.6,1.18,4,783,0
E00611,E02259,shared_director,0.86,25,7298839,0.4,1.78,3,575,0,3570905,0.6,1.18,4,783,0
E02362,E02259,co-investor,0.77,10,4523323,0.12,1.25,2,642,0,3570905,0.6,1.18,4,783,0
E02404,E01289,supplier,0.97,4,3726659,0.83,1.11,2,631,0,4698788,0.46,1.77,2,563,1
E02404,E00469,supplier,0.92,22,3726659,0.83,1.11,2,631,0,5748560,0.28,1.77,0,815,0
E00190,E00469,shared_director,0.15,39,7124419,0.95,0.98,3,715,1,5748560,0.28,1.77,0,815,0
E02404,E01018,shared_director,0.64,40,3726659,0.83,1.11,2,631,0,5114026,0.22,0.77,4,512,0
E02733,E01018,supplier,0.65,1,4251639,0.97,1.75,3,780,0,5114026,0.22,0.77,4,512,0
E02404,E00482,parent_company,0.86,49,3726659,0.83,1.11,2,631,0,2216007,0.33,1.09,2,710,0
E02062,E00482,supplier,0.53,9,5983084,0.78,0.65,1,686,0,2216007,0.33,1.09,2,710,0
E00106,E00482,parent_company,0.88,41,3119172,0.46,0.84,7,539,1,2216007,0.33,1.09,2,710,0
E02822,E00371,co-investor,0.12,4,7416695,0.16,1.98,2,836,0,5749955,0.4,0.75,3,518,0
E01385,E00371,shared_director,0.35,28,6030085,0.7,1.1,1,555,0,5749955,0.4,0.75,3,518,0
E01851,E00371,supplier,0.26,38,5308673,0.84,1.31,2,549,0,5749955,0.4,0.75,3,518,0
E00252,E00371,parent_company,0.84,38,2652859,0.31,0.61,0,827,1,5749955,0.4,0.75,3,518,0
E00443,E00371,parent_company,0.77,24,1271336,0.42,0.51,2,818,0,5749955,0.4,0.75,3,518,0
E02016,E00371,co-investor,0.88,37,5435994,0.87,0.86,3,652,0,5749955,0.4,0.75,3,518,0
E00415,E00371,shared_director,0.38,32,5786526,0.29,1.16,1,584,0,5749955,0.4,0.75,3,518,0
E01107,E00371,parent_company,0.89,4,5075900,0.74,1.68,0,620,0,5749955,0.4,0.75,3,518,0
E01763,E00371,co-investor,0.67,19,3592690,0.59,1.72,2,835,0,5749955,0.4,0.75,3,518,0
E02822,E00001,supplier,0.48,13,7416695,0.16,1.98,2,836,0,6931844,0.82,0.96,3,644,1
E02606,E00001,parent_company,0.69,29,8655361,0.31,1.82,3,555,0,6931844,0.82,0.96,3,644,1
E00923,E02776,parent_company,0.34,27,4136408,0.45,1.47,1,844,0,5509993,0.54,0.96,1,844,1
E00632,E02776,shared_director,0.67,22,5535502,0.92,1.22,4,748,0,5509993,0.54,0.96,1,844,1
E01180,E02776,parent_company,0.97,50,5460019,0.68,1.53,1,793,0,5509993,0.54,0.96,1,844,1
E00803,E02776,supplier,0.93,43,3395014,0.22,1.29,2,582,0,5509993,0.54,0.96,1,844,1
E02346,E02776,co-investor,0.37,20,1892832,0.24,0.76,1,681,0,5509993,0.54,0.96,1,844,1
E00105,E02776,co-investor,0.59,42,6627727,0.31,0.68,0,623,0,5509993,0.54,0.96,1,844,1
E00923,E02105,supplier,0.21,2,4136408,0.45,1.47,1,844,0,6383619,0.33,1.9,1,828,0
E00547,E02105,co-investor,0.96,28,5240999,0.93,1.86,1,694,0,6383619,0.33,1.9,1,828,0
E00394,E02105,parent_company,0.25,49,4193420,0.41,1.03,3,749,0,6383619,0.33,1.9,1,828,0
E00389,E02105,parent_company,0.15,34,5744262,0.52,1.27,1,557,0,6383619,0.33,1.9,1,828,0
E00923,E00783,co-investor,0.42,29,4136408,0.45,1.47,1,844,0,7284652,0.3,0.74,0,766,0
E02631,E00783,parent_company,0.38,25,5438221,0.89,1.66,0,661,0,7284652,0.3,0.74,0,766,0
E01701,E00783,parent_company,0.99,33,1823070,0.94,1.4,1,631,0,7284652,0.3,0.74,0,766,0
E00923,E02366,supplier,0.74,47,4136408,0.45,1.47,1,844,0,6430324,0.92,0.52,4,671,0
E01040,E02366,shared_director,0.65,47,6010848,0.72,1.16,0,518,1,6430324,0.92,0.52,4,671,0
E00854,E02366,co-investor,0.82,23,6005800,0.11,1.0,3,744,0,6430324,0.92,0.52,4,671,0
E01058,E02366,supplier,0.66,26,5966850,0.33,1.58,0,683,0,6430324,0.92,0.52,4,671,0
E00327,E02366,supplier,0.29,2,4039736,0.28,1.14,0,726,0,6430324,0.92,0.52,4,671,0
E01001,E02366,shared_director,0.42,48,7035002,0.35,1.98,1,741,0,6430324,0.92,0.52,4,671,0
E02103,E01148,supplier,0.54,11,7236915,0.35,1.92,3,813,0,4227046,0.62,1.79,2,810,0
E02094,E01148,shared_director,0.3,37,4015712,0.52,0.98,0,715,0,4227046,0.62,1.79,2,810,0
E01515,E01148,shared_director,0.8,30,6557959,0.17,1.09,2,665,0,4227046,0.62,1.79,2,810,0
E00431,E01148,co-investor,0.91,41,10930020,0.89,0.85,1,518,1,4227046,0.62,1.79,2,810,0
E00085,E01148,parent_company,0.68,43,5579684,0.29,1.99,2,760,0,4227046,0.62,1.79,2,810,0
E02103,E00471,co-investor,0.72,50,7236915,0.35,1.92,3,813,0,6614586,0.77,1.24,1,775,0
E02072,E00471,parent_company,0.74,47,5250730,0.24,1.93,0,810,0,6614586,0.77,1.24,1,775,0
E02652,E00710,supplier,0.3,39,5505179,0.94,0.59,5,792,0,4293967,0.68,1.09,0,670,0
E00839,E00710,supplier,0.25,19,4032377,0.38,0.52,1,589,0,4293967,0.68,1.09,0,670,0
E00410,E00710,parent_company,0.35,15,4110033,0.21,1.41,0,830,0,4293967,0.68,1.09,0,670,0
E02652,E02129,co-investor,0.81,37,5505179,0.94,0.59,5,792,0,6693036,0.47,1.74,1,811,0
E00952,E02129,co-investor,0.47,22,7780999,0.17,1.36,1,848,0,6693036,0.47,1.74,1,811,0
E01843,E02129,supplier,0.78,27,8229953,0.77,0.93,4,518,0,6693036,0.47,1.74,1,811,0
E01367,E02129,parent_company,0.95,50,7331612,0.63,1.57,3,679,0,6693036,0.47,1.74,1,811,0
E02652,E01860,shared_director,0.13,34,5505179,0.94,0.59,5,792,0,4460716,0.13,1.42,0,615,0
E00107,E01860,co-investor,0.63,7,5469304,0.34,1.25,2,640,0,4460716,0.13,1.42,0,615,0
E02903,E01860,parent_company,0.86,7,5679447,0.16,1.81,2,700,0,4460716,0.13,1.42,0,615,0
E02652,E01324,shared_director,0.72,45,5505179,0.94,0.59,5,792,0,3269921,0.21,1.41,1,733,0
E00739,E01324,supplier,0.58,44,3872701,0.48,1.04,2,646,0,3269921,0.21,1.41,1,733,0
E01159,E01324,supplier,0.77,36,5856625,0.71,1.21,0,808,1,3269921,0.21,1.41,1,733,0
E02264,E01324,co-investor,0.92,24,3534214,0.85,1.95,0,615,1,3269921,0.21,1.41,1,733,0
E00206,E01324,parent_company,0.2,19,7555853,0.22,0.99,0,574,0,3269921,0.21,1.41,1,733,0
E02652,E00023,co-investor,0.71,48,5505179,0.94,0.59,5,792,0,5341188,0.47,0.67,2,802,0
E02299,E00023,co-investor,0.28,43,6508166,0.37,1.95,5,542,0,5341188,0.47,0.67,2,802,0
E01429,E01881,co-investor,0.3,20,5015928,0.97,0.69,1,687,0,3601523,0.92,1.6,3,510,0
E02891,E01881,parent_company,0.44,11,6005429,0.61,0.84,0,535,0,3601523,0.92,1.6,3,510,0
E02258,E01881,supplier,0.56,25,2632229,0.36,1.33,0,667,0,3601523,0.92,1.6,3,510,0
E01429,E02629,shared_director,0.85,44,5015928,0.97,0.69,1,687,0,3908314,0.21,1.22,1,506,1
E00057,E02629,shared_director,0.3,32,2749161,0.82,1.24,1,524,0,3908314,0.21,1.22,1,506,1
E02774,E00596,shared_director,0.18,8,3637889,0.27,1.28,1,562,0,5444565,0.62,1.7,3,603,0
E01561,E00596,supplier,0.7,13,2659964,0.45,1.91,4,724,0,5444565,0.62,1.7,3,603,0
E02046,E00596,shared_director,0.94,10,7210121,0.51,1.83,1,802,0,5444565,0.62,1.7,3,603,0
E02096,E01280,parent_company,0.16,1,3893615,0.27,1.91,2,829,0,7964044,0.33,1.62,1,786,0
E02495,E02340,supplier,0.94,10,3569956,0.52,1.8,1,760,0,5333323,0.56,1.45,2,801,0
E00634,E02340,supplier,0.39,40,1629378,0.59,1.45,0,520,1,5333323,0.56,1.45,2,801,0
E01866,E02340,parent_company,0.64,23,2965352,0.95,1.31,0,593,1,5333323,0.56,1.45,2,801,0
E01865,E02340,co-investor,0.22,47,6661419,0.51,1.32,0,803,0,5333323,0.56,1.45,2,801,0
E00262,E01378,co-investor,0.68,18,5329395,0.88,0.96,2,824,1,3505843,0.29,1.53,3,699,0
E00985,E01378,parent_company,0.82,42,4780901,0.72,1.97,3,757,0,3505843,0.29,1.53,3,699,0
E00356,E01378,shared_director,0.86,39,4314048,0.79,1.82,2,552,1,3505843,0.29,1.53,3,699,0
E01595,E01378,shared_director,0.95,15,6097416,0.29,1.81,0,606,0,3505843,0.29,1.53,3,699,0
E02072,E01378,supplier,0.89,35,5250730,0.24,1.93,0,810,0,3505843,0.29,1.53,3,699,0
E00262,E01428,shared_director,0.45,33,5329395,0.88,0.96,2,824,1,5670074,0.2,1.22,1,567,0
E01046,E01428,shared_director,0.67,24,7736843,0.58,1.17,0,641,0,5670074,0.2,1.22,1,567,0
E00262,E02126,shared_director,0.64,45,5329395,0.88,0.96,2,824,1,5947386,0.55,1.6,1,584,0
E02328,E02126,co-investor,0.25,25,2690610,0.53,0.83,4,600,0,5947386,0.55,1.6,1,584,0
E01070,E02688,co-investor,0.27,34,5011621,0.34,1.99,2,801,0,1734794,0.31,0.64,0,680,0
E02515,E02688,co-investor,0.74,39,4635163,0.1,0.58,1,526,0,1734794,0.31,0.64,0,680,0
E00595,E02688,parent_company,0.39,36,8693253,0.16,1.76,0,738,0,1734794,0.31,0.64,0,680,0
E01939,E02688,supplier,0.43,26,7171853,0.95,1.26,1,625,0,1734794,0.31,0.64,0,680,0
E02133,E02688,co-investor,0.85,31,2793634,0.25,1.38,3,563,0,1734794,0.31,0.64,0,680,0
E01901,E02688,parent_company,0.72,7,6415272,0.72,0.81,2,841,0,1734794,0.31,0.64,0,680,0
E01277,E02688,parent_company,0.9,3,8171292,0.92,0.86,1,662,1,1734794,0.31,0.64,0,680,0
E00852,E02688,supplier,0.12,15,6468898,0.96,1.1,0,553,1,1734794,0.31,0.64,0,680,0
E01070,E01467,co-investor,0.19,14,5011621,0.34,1.99,2,801,0,8137557,0.83,1.24,1,536,0
E00827,E01467,shared_director,0.37,3,6491602,0.62,1.43,0,722,0,8137557,0.83,1.24,1,536,0
E02254,E01467,supplier,0.81,21,5750433,0.71,1.26,1,579,1,8137557,0.83,1.24,1,536,0
E00789,E01467,co-investor,0.13,18,7821136,0.54,1.26,0,715,0,8137557,0.83,1.24,1,536,0
E02463,E01467,shared_director,0.26,50,8979710,0.42,0.94,2,531,1,8137557,0.83,1.24,1,536,0
E02663,E01467,parent_company,0.61,25,8070297,0.84,0.84,3,552,0,8137557,0.83,1.24,1,536,0
E01643,E01467,parent_company,0.9,17,1919504,0.19,0.7,2,623,0,8137557,0.83,1.24,1,536,0
E00985,E01103,supplier,0.98,37,4780901,0.72,1.97,3,757,0,1963102,0.53,1.45,1,591,0
E00985,E02702,co-investor,0.99,25,4780901,0.72,1.97,3,757,0,7878891,0.83,1.4,2,842,0
E01640,E02702,parent_company,0.18,50,5065151,0.59,0.88,1,746,0,7878891,0.83,1.4,2,842,0
E02647,E02702,shared_director,0.13,11,5222553,0.21,0.96,2,563,0,7878891,0.83,1.4,2,842,0
E02795,E02702,parent_company,0.64,27,7190320,0.36,1.59,1,634,0,7878891,0.83,1.4,2,842,0
E02304,E02702,shared_director,0.55,23,4667557,0.97,0.71,2,763,0,7878891,0.83,1.4,2,842,0
E02781,E02702,co-investor,0.11,22,5247834,0.12,0.75,3,833,0,7878891,0.83,1.4,2,842,0
E01715,E01658,shared_director,0.76,38,4154732,0.4,0.8,1,557,1,2947560,0.62,0.99,3,725,0
E02342,E01658,supplier,0.17,22,6398027,0.91,1.98,1,811,0,2947560,0.62,0.99,3,725,0
E02214,E01658,co-investor,0.76,35,7108863,0.94,1.23,0,713,0,2947560,0.62,0.99,3,725,0
E01231,E01658,parent_company,0.49,25,6842495,0.23,0.81,1,787,0,2947560,0.62,0.99,3,725,0
E01715,E02495,parent_company,0.35,22,4154732,0.4,0.8,1,557,1,3569956,0.52,1.8,1,760,0
E00814,E02495,parent_company,0.8,34,6759185,0.53,1.57,1,512,0,3569956,0.52,1.8,1,760,0
E00328,E02495,supplier,0.75,26,5255605,0.36,0.87,1,510,0,3569956,0.52,1.8,1,760,0
E00512,E02495,supplier,0.4,14,6288536,0.88,1.04,1,534,0,3569956,0.52,1.8,1,760,0
E01973,E02495,shared_director,0.5,3,5667455,0.15,0.53,5,582,0,3569956,0.52,1.8,1,760,0
E01715,E02878,co-investor,0.97,50,4154732,0.4,0.8,1,557,1,4353124,0.71,0.89,1,780,0
E00625,E02878,shared_director,0.97,31,6048725,0.53,0.76,1,809,0,4353124,0.71,0.89,1,780,0
E02346,E02878,parent_company,0.3,15,1892832,0.24,0.76,1,681,0,4353124,0.71,0.89,1,780,0
E02901,E02838,parent_company,0.25,8,7402029,0.58,0.85,1,731,1,6108449,0.29,1.73,2,550,0
E00641,E02838,co-investor,0.5,3,6952767,0.11,1.0,0,664,0,6108449,0.29,1.73,2,550,0
E02901,E01138,supplier,0.33,46,7402029,0.58,0.85,1,731,1,3114869,0.78,1.23,5,543,1
E00607,E01138,parent_company,0.34,4,4432116,0.14,0.66,1,790,0,3114869,0.78,1.23,5,543,1
E02511,E01138,supplier,0.69,33,5166962,0.79,1.52,2,729,0,3114869,0.78,1.23,5,543,1
E00171,E01138,shared_director,0.3,18,5359690,0.85,0.52,2,662,0,3114869,0.78,1.23,5,543,1
E00980,E01138,shared_director,0.47,29,2946718,0.15,0.51,1,544,0,3114869,0.78,1.23,5,543,1
E00911,E02812,shared_director,0.92,43,8261858,0.32,1.23,0,680,0,2860209,0.14,1.75,0,656,0
E01469,E02505,supplier,0.88,47,6044487,0.95,0.71,1,727,0,2734661,0.92,0.65,0,619,0
E01627,E02505,parent_company,0.15,9,5495023,0.7,0.97,1,840,0,2734661,0.92,0.65,0,619,0
E00034,E02505,shared_director,0.86,19,5884233,0.77,1.22,1,628,0,2734661,0.92,0.65,0,619,0
E01602,E02505,co-investor,0.85,19,6661704,0.28,2.0,0,834,0,2734661,0.92,0.65,0,619,0
E01469,E01862,parent_company,0.44,20,6044487,0.95,0.71,1,727,0,6282373,0.93,1.11,0,663,0
E00328,E01862,parent_company,0.38,47,5255605,0.36,0.87,1,510,0,6282373,0.93,1.11,0,663,0
E00685,E01862,shared_director,0.32,47,6007472,0.18,0.96,0,588,0,6282373,0.93,1.11,0,663,0
E02287,E00742,co-investor,0.19,9,1893735,0.15,0.84,0,723,0,3586486,0.55,1.15,1,742,0
E01205,E00742,shared_director,0.49,31,3211334,0.46,0.83,1,576,0,3586486,0.55,1.15,1,742,0
E02443,E00742,supplier,0.39,23,2861426,0.53,0.76,1,843,0,3586486,0.55,1.15,1,742,0
E01895,E00742,parent_company,0.47,20,7097939,0.77,1.83,1,791,0,3586486,0.55,1.15,1,742,0
E02287,E01451,supplier,0.41,35,1893735,0.15,0.84,0,723,0,6910192,0.89,1.0,0,560,1
E02094,E01451,parent_company,0.12,16,4015712,0.52,0.98,0,715,0,6910192,0.89,1.0,0,560,1
E02321,E01451,shared_director,0.81,2,2823361,0.82,0.96,2,524,0,6910192,0.89,1.0,0,560,1
E01038,E01451,parent_company,0.64,3,4989205,0.59,1.99,0,788,0,6910192,0.89,1.0,0,560,1
E02287,E02054,shared_director,1.0,30,1893735,0.15,0.84,0,723,0,6074356,0.6,0.67,2,657,0
E00968,E02054,co-investor,0.83,41,3215088,0.82,1.68,4,707,0,6074356,0.6,0.67,2,657,0
E00964,E02054,shared_director,0.36,7,3853124,0.43,1.41,2,636,0,6074356,0.6,0.67,2,657,0
E01060,E02290,parent_company,0.95,22,3968565,0.95,0.64,4,687,0,3213013,0.55,0.82,0,692,0
E01479,E02290,shared_director,0.16,50,5815850,0.28,1.44,0,795,0,3213013,0.55,0.82,0,692,0
E01060,E02248,shared_director,0.66,10,3968565,0.95,0.64,4,687,0,3044325,0.25,1.1,1,556,0
E01239,E02248,shared_director,0.46,47,3223704,0.42,1.34,3,634,0,3044325,0.25,1.1,1,556,0
E02552,E02248,supplier,0.94,10,4660663,0.94,1.93,3,703,0,3044325,0.25,1.1,1,556,0
E01060,E02637,parent_company,0.59,31,3968565,0.95,0.64,4,687,0,5392608,0.95,0.84,5,583,1
E01178,E02637,shared_director,0.13,39,4295973,0.87,1.18,1,573,0,5392608,0.95,0.84,5,583,1
E00142,E02637,co-investor,0.39,49,8140989,0.22,1.73,0,778,0,5392608,0.95,0.84,5,583,1
E01060,E02044,co-investor,0.53,25,3968565,0.95,0.64,4,687,0,4894343,0.7,1.2,1,559,0
E01205,E02044,shared_director,0.51,40,3211334,0.46,0.83,1,576,0,4894343,0.7,1.2,1,559,0
E02067,E02044,supplier,0.88,25,6341481,0.96,0.77,0,763,0,4894343,0.7,1.2,1,559,0
E01849,E02044,shared_director,0.97,46,7834040,0.68,1.0,0,601,0,4894343,0.7,1.2,1,559,0
E01258,E01723,co-investor,0.43,38,4028697,0.32,1.01,1,550,0,6267223,0.82,1.32,3,541,1
E00982,E01723,parent_company,0.45,27,5174662,0.11,1.26,0,776,0,6267223,0.82,1.32,3,541,1
E01911,E01723,shared_director,0.52,36,4221196,0.89,1.96,2,841,0,6267223,0.82,1.32,3,541,1
E01447,E01723,supplier,0.99,41,5670477,0.35,0.51,0,526,0,6267223,0.82,1.32,3,541,1
E01258,E00534,parent_company,0.86,17,4028697,0.32,1.01,1,550,0,4495239,0.33,1.82,1,515,0
E01565,E00534,shared_director,0.87,39,4474042,0.54,0.81,0,566,1,4495239,0.33,1.82,1,515,0
E00155,E00534,shared_director,0.44,15,7682623,0.33,1.09,3,504,0,4495239,0.33,1.82,1,515,0
E00362,E00534,supplier,0.46,7,6445080,0.66,0.54,1,681,0,4495239,0.33,1.82,1,515,0
E00432,E00534,shared_director,0.99,18,4806742,0.14,0.7,1,539,1,4495239,0.33,1.82,1,515,0
E01205,E01900,supplier,0.52,41,3211334,0.46,0.83,1,576,0,2273254,0.78,1.63,1,639,0
E02331,E01900,shared_director,0.25,45,4889603,0.97,1.99,3,510,1,2273254,0.78,1.63,1,639,0
E01205,E01855,parent_company,0.22,39,3211334,0.46,0.83,1,576,0,5307663,0.98,1.91,2,660,0
E02531,E01855,co-investor,0.73,32,7420487,0.81,1.64,3,746,0,5307663,0.98,1.91,2,660,0
E01205,E02091,supplier,0.98,7,3211334,0.46,0.83,1,576,0,8267896,0.18,1.58,1,627,0
E01375,E02091,co-investor,0.97,8,6903920,0.31,0.89,1,669,0,8267896,0.18,1.58,1,627,0
E02391,E02377,supplier,0.52,13,1958917,0.52,1.19,5,582,0,2943807,0.96,1.51,1,517,1
E01571,E02377,shared_director,0.98,27,5075723,0.62,1.97,2,515,0,2943807,0.96,1.51,1,517,1
E01012,E02377,parent_company,0.82,37,9020018,0.38,1.46,0,804,0,2943807,0.96,1.51,1,517,1
E00394,E02377,supplier,0.13,1,4193420,0.41,1.03,3,749,0,2943807,0.96,1.51,1,517,1
E01198,E02377,parent_company,0.23,6,4631286,0.31,0.53,1,581,0,2943807,0.96,1.51,1,517,1
E02391,E02075,shared_director,0.81,29,1958917,0.52,1.19,5,582,0,5737201,0.6,1.6,2,645,0
E00580,E02075,shared_director,0.49,38,3099303,0.54,1.63,1,724,0,5737201,0.6,1.6,2,645,0
E02391,E00991,co-investor,0.61,7,1958917,0.52,1.19,5,582,0,2333685,0.75,1.36,1,639,0
E00542,E00991,co-investor,0.62,18,6139900,0.25,1.13,2,747,0,2333685,0.75,1.36,1,639,0
E01762,E00991,shared_director,0.27,42,4696889,0.46,1.93,2,846,0,2333685,0.75,1.36,1,639,0
E02511,E00991,supplier,0.19,38,5166962,0.79,1.52,2,729,0,2333685,0.75,1.36,1,639,0
E01912,E00991,supplier,0.95,8,8181809,0.15,0.97,1,789,1,2333685,0.75,1.36,1,639,0
E01256,E00991,shared_director,0.37,14,3708861,0.99,0.76,3,627,0,2333685,0.75,1.36,1,639,0
E02391,E01468,supplier,0.9,1,1958917,0.52,1.19,5,582,0,2343807,0.46,0.51,1,646,0
E00952,E01468,co-investor,0.58,39,7780999,0.17,1.36,1,848,0,2343807,0.46,0.51,1,646,0
E02917,E01468,supplier,0.8,5,7736196,0.64,1.56,3,501,0,2343807,0.46,0.51,1,646,0
E00171,E01468,supplier,0.92,31,5359690,0.85,0.52,2,662,0,2343807,0.46,0.51,1,646,0
E02050,E00491,shared_director,0.58,27,6402372,0.97,1.97,0,782,0,4393383,0.86,0.68,1,530,1
E02050,E01391,parent_company,0.34,20,6402372,0.97,1.97,0,782,0,6169006,1.0,1.04,1,635,0
E02734,E01391,parent_company,0.65,24,4688868,0.87,1.33,3,803,0,6169006,1.0,1.04,1,635,0
E02050,E01192,parent_company,0.45,43,6402372,0.97,1.97,0,782,0,5286678,0.23,0.52,4,606,0
E01222,E01192,shared_director,0.76,39,7152292,0.71,1.58,1,524,1,5286678,0.23,0.52,4,606,0
E02416,E01192,parent_company,0.52,33,4626393,0.87,0.94,1,661,0,5286678,0.23,0.52,4,606,0
E01006,E01192,supplier,0.6,46,8623009,0.61,0.6,4,822,0,5286678,0.23,0.52,4,606,0
E01389,E01192,co-investor,0.66,28,6394205,0.66,1.56,1,605,0,5286678,0.23,0.52,4,606,0
E02911,E01192,supplier,0.8,7,5314516,0.46,1.13,1,819,0,5286678,0.23,0.52,4,606,0
E00222,E02907,co-investor,0.51,11,100000,0.56,0.98,3,505,0,4499624,0.32,1.54,2,740,0
E00178,E02907,supplier,0.86,14,6065190,0.43,0.98,1,749,0,4499624,0.32,1.54,2,740,0
E01780,E02907,parent_company,0.62,21,1663096,0.16,1.25,0,560,0,4499624,0.32,1.54,2,740,0
E00222,E02394,shared_director,0.12,17,100000,0.56,0.98,3,505,0,6306386,0.29,1.45,3,608,0
E02617,E02394,co-investor,0.54,24,4427662,0.47,1.34,1,615,0,6306386,0.29,1.45,3,608,0
E01349,E02394,shared_director,0.83,48,4750764,0.23,0.69,2,585,0,6306386,0.29,1.45,3,608,0
E00861,E02394,shared_director,0.18,7,5060957,0.58,0.53,0,722,0,6306386,0.29,1.45,3,608,0
E00742,E02394,co-investor,0.25,23,3586486,0.55,1.15,1,742,0,6306386,0.29,1.45,3,608,0
E01677,E02333,shared_director,0.23,46,3536973,0.23,1.57,1,605,0,1701933,0.83,1.36,1,749,0
E01347,E02333,shared_director,0.68,20,3669029,0.67,1.12,2,777,0,1701933,0.83,1.36,1,749,0
E02855,E02333,supplier,0.65,5,3544655,0.52,1.06,3,811,0,1701933,0.83,1.36,1,749,0
E00691,E02333,co-investor,0.38,38,5174372,0.94,0.86,0,659,0,1701933,0.83,1.36,1,749,0
E02130,E02333,shared_director,0.29,27,5999532,0.54,0.66,0,782,0,1701933,0.83,1.36,1,749,0
E00219,E02333,parent_company,0.28,3,7446341,0.51,1.53,0,679,0,1701933,0.83,1.36,1,749,0
E00629,E02333,shared_director,0.19,5,7449168,0.93,1.1,3,740,0,1701933,0.83,1.36,1,749,0
E00739,E00332,shared_director,0.4,12,3872701,0.48,1.04,2,646,0,929519,0.59,1.84,1,615,0
E02564,E00332,parent_company,0.39,6,6220046,0.82,1.18,2,705,0,929519,0.59,1.84,1,615,0
E00739,E00821,parent_company,0.95,28,3872701,0.48,1.04,2,646,0,6283374,0.97,1.39,2,516,0
E00858,E00691,parent_company,0.54,49,4828213,0.76,1.38,2,675,0,5174372,0.94,0.86,0,659,0
E00653,E00691,co-investor,0.11,13,3756363,0.89,1.23,4,820,0,5174372,0.94,0.86,0,659,0
E00005,E00691,co-investor,0.34,42,2817219,0.22,1.19,2,800,0,5174372,0.94,0.86,0,659,0
E00858,E02288,co-investor,0.77,49,4828213,0.76,1.38,2,675,0,4397005,0.42,1.22,1,663,0
E01298,E02288,co-investor,0.82,29,2706670,0.34,1.8,0,827,0,4397005,0.42,1.22,1,663,0
E02364,E02288,co-investor,0.67,21,2982671,0.67,0.88,4,743,0,4397005,0.42,1.22,1,663,0
E00094,E02288,shared_director,0.66,9,3454665,0.45,1.05,1,599,0,4397005,0.42,1.22,1,663,0
E00491,E02288,parent_company,0.64,7,4393383,0.86,0.68,1,530,1,4397005,0.42,1.22,1,663,0
E01758,E01055,supplier,0.38,44,1969809,0.52,1.55,4,579,0,6667614,0.14,0.87,1,810,1
E00883,E01055,co-investor,0.88,5,6439674,0.81,1.26,1,644,1,6667614,0.14,0.87,1,810,1
E02236,E01055,shared_director,0.33,30,4618317,0.97,0.89,1,732,0,6667614,0.14,0.87,1,810,1
E00817,E02014,parent_company,0.88,23,2494821,0.9,1.12,2,752,1,4764251,0.79,0.76,2,721,0
E00059,E02014,parent_company,0.6,32,4986693,0.12,1.52,0,608,0,4764251,0.79,0.76,2,721,0
E01642,E02014,shared_director,0.78,26,4621172,0.12,0.55,3,686,0,4764251,0.79,0.76,2,721,0
E00677,E02014,shared_director,0.6,19,5145993,0.79,0.57,3,777,1,4764251,0.79,0.76,2,721,0
E00817,E02094,supplier,0.92,47,2494821,0.9,1.12,2,752,1,4015712,0.52,0.98,0,715,0
E00486,E02094,shared_director,0.45,1,7445001,0.1,1.31,2,693,0,4015712,0.52,0.98,0,715,0
E00889,E02094,supplier,0.38,14,2100286,0.55,0.95,5,729,0,4015712,0.52,0.98,0,715,0
E00097,E02094,parent_company,0.49,43,3591059,0.76,1.59,1,596,0,4015712,0.52,0.98,0,715,0
E02180,E02094,parent_company,0.45,35,4239516,0.32,1.72,0,639,0,4015712,0.52,0.98,0,715,0
E02176,E01947,shared_director,0.29,5,2722865,0.24,0.76,0,810,0,5503673,0.58,1.81,3,543,0
E02699,E01947,shared_director,0.69,1,4999761,0.54,1.73,1,666,0,5503673,0.58,1.81,3,543,0
E02065,E01947,supplier,0.47,43,2529312,0.15,0.57,0,788,0,5503673,0.58,1.81,3,543,0
E01020,E01577,shared_director,0.32,3,4882236,0.88,1.35,2,800,0,6683056,0.31,1.15,0,646,0
E02497,E01577,supplier,0.8,3,503714,0.13,1.42,3,647,0,6683056,0.31,1.15,0,646,0
E00225,E01577,supplier,0.64,39,1636359,1.0,0.72,0,667,0,6683056,0.31,1.15,0,646,0
E01020,E01116,co-investor,0.63,28,4882236,0.88,1.35,2,800,0,6555062,0.5,1.71,0,551,0
E02043,E01116,shared_director,0.19,18,5196620,0.33,1.04,4,699,0,6555062,0.5,1.71,0,551,0
E00802,E01116,shared_director,0.49,48,4090359,0.8,1.38,3,525,0,6555062,0.5,1.71,0,551,0
E02346,E01116,parent_company,0.8,38,1892832,0.24,0.76,1,681,0,6555062,0.5,1.71,0,551,0
E00235,E01116,shared_director,0.69,22,2858843,0.86,1.43,2,604,1,6555062,0.5,1.71,0,551,0
E01582,E01116,shared_director,0.65,30,4833932,0.38,1.25,1,745,0,6555062,0.5,1.71,0,551,0
E01222,E02918,shared_director,0.88,34,7152292,0.71,1.58,1,524,1,2662517,0.48,1.86,1,848,0
E02754,E02918,shared_director,0.9,21,4521246,0.7,1.52,2,786,0,2662517,0.48,1.86,1,848,0
E01315,E02918,co-investor,0.6,11,5366600,0.98,1.13,4,636,0,2662517,0.48,1.86,1,848,0
E00908,E02918,shared_director,0.35,24,3624125,0.32,1.68,3,559,0,2662517,0.48,1.86,1,848,0
E00471,E02918,co-investor,0.77,12,6614586,0.77,1.24,1,775,0,2662517,0.48,1.86,1,848,0
E02752,E02918,supplier,0.9,40,3628003,0.36,1.44,1,565,0,2662517,0.48,1.86,1,848,0
E01133,E02918,shared_director,0.47,13,5281656,0.86,1.74,1,786,0,2662517,0.48,1.86,1,848,0
E01222,E00089,supplier,0.49,9,7152292,0.71,1.58,1,524,1,6666447,0.37,1.73,1,801,0
E00653,E00089,shared_director,0.4,44,3756363,0.89,1.23,4,820,0,6666447,0.37,1.73,1,801,0
E02147,E01384,shared_director,0.9,9,5857581,0.5,0.58,2,764,0,6713234,0.88,0.8,1,718,0
E01853,E01384,shared_director,0.53,47,4629918,0.17,0.62,3,799,0,6713234,0.88,0.8,1,718,0
E02481,E01384,supplier,0.68,19,4548686,0.47,0.5,3,791,0,6713234,0.88,0.8,1,718,0
E00323,E01384,co-investor,0.48,2,4274085,0.94,1.49,1,532,0,6713234,0.88,0.8,1,718,0
E02147,E00141,supplier,0.53,10,5857581,0.5,0.58,2,764,0,8241066,0.88,0.58,2,546,1
E01969,E00141,supplier,0.66,46,828368,0.72,0.51,0,735,1,8241066,0.88,0.58,2,546,1
E02147,E00661,parent_company,0.76,33,5857581,0.5,0.58,2,764,0,6389995,0.78,1.59,1,645,0
E01294,E00661,parent_company,0.2,8,7544974,0.34,0.97,0,577,0,6389995,0.78,1.59,1,645,0
E00086,E00661,co-investor,0.75,31,4490357,0.98,0.53,2,678,0,6389995,0.78,1.59,1,645,0
E00290,E00661,shared_director,0.77,38,6430014,0.6,0.83,2,617,0,6389995,0.78,1.59,1,645,0
E00806,E00661,co-investor,0.27,26,2344163,0.49,1.7,5,781,0,6389995,0.78,1.59,1,645,0
E01404,E01328,parent_company,0.72,25,6217214,0.92,1.01,1,555,0,1350551,0.86,1.94,0,797,1
E02657,E01328,supplier,0.73,34,7330064,0.66,1.25,0,682,0,1350551,0.86,1.94,0,797,1
E01404,E00871,parent_company,0.95,20,6217214,0.92,1.01,1,555,0,5657304,0.73,1.47,2,523,0
E02863,E00871,shared_director,0.7,30,9207346,0.78,0.72,0,706,0,5657304,0.73,1.47,2,523,0
E01202,E00871,parent_company,0.99,27,864290,0.78,0.93,3,594,0,5657304,0.73,1.47,2,523,0
E01653,E00079,parent_company,0.3,9,4278217,0.25,0.81,0,699,1,7777164,0.71,1.92,4,561,0
E00581,E00079,supplier,0.98,26,3258854,0.18,0.89,1,773,0,7777164,0.71,1.92,4,561,0
E02706,E00079,shared_director,0.23,33,5699539,0.94,1.44,2,658,0,7777164,0.71,1.92,4,561,0
E00866,E02589,co-investor,0.47,16,7150866,0.87,0.61,1,591,0,7289212,0.79,0.52,2,598,0
E00796,E02589,co-investor,0.98,13,5125370,0.19,0.65,1,800,0,7289212,0.79,0.52,2,598,0
E01117,E02589,co-investor,0.35,22,7751732,0.51,1.49,5,535,0,7289212,0.79,0.52,2,598,0
E01341,E02589,shared_director,0.15,11,1950957,0.49,0.69,0,691,0,7289212,0.79,0.52,2,598,0
E00866,E01912,shared_director,0.25,4,7150866,0.87,0.61,1,591,0,8181809,0.15,0.97,1,789,1
E01980,E01912,supplier,0.22,10,6881392,0.68,0.85,3,791,0,8181809,0.15,0.97,1,789,1
E02665,E01674,parent_company,0.69,42,4244890,0.52,0.74,1,507,0,1666779,0.47,1.36,0,548,1
E01891,E01674,co-investor,0.74,50,5199211,0.32,1.05,1,796,0,1666779,0.47,1.36,0,548,1
E02712,E00543,co-investor,0.15,24,5170568,0.94,1.35,0,784,1,6442932,0.44,1.84,1,808,0
E00261,E00543,co-investor,0.15,15,3319779,0.56,0.97,4,605,0,6442932,0.44,1.84,1,808,0
E01530,E00543,shared_director,0.48,19,3515540,0.87,1.47,0,781,0,6442932,0.44,1.84,1,808,0
E01119,E00543,co-investor,0.8,31,1127769,0.7,1.27,0,747,0,6442932,0.44,1.84,1,808,0
E01642,E00543,supplier,0.19,21,4621172,0.12,0.55,3,686,0,6442932,0.44,1.84,1,808,0
E02712,E02140,parent_company,0.28,21,5170568,0.94,1.35,0,784,1,7225811,0.7,1.43,1,778,0
E00497,E02140,co-investor,0.41,16,4738168,0.79,0.62,5,773,0,7225811,0.7,1.43,1,778,0
E00510,E02140,shared_director,0.75,44,5806780,0.87,1.26,3,532,0,7225811,0.7,1.43,1,778,0
E01756,E02140,co-investor,0.66,17,2796413,0.75,0.67,2,791,1,7225811,0.7,1.43,1,778,0
E02712,E00208,shared_director,0.15,16,5170568,0.94,1.35,0,784,1,5269969,0.32,1.5,0,648,0
E02866,E00208,supplier,0.39,22,6641933,0.28,0.97,2,849,0,5269969,0.32,1.5,0,648,0
E00852,E00208,co-investor,0.94,45,6468898,0.96,1.1,0,553,1,5269969,0.32,1.5,0,648,0
E01708,E01820,shared_director,0.21,17,5314107,0.73,1.66,3,678,0,5994970,0.7,1.23,0,744,1
E02306,E01820,parent_company,0.38,31,5275689,0.19,1.2,0,622,0,5994970,0.7,1.23,0,744,1
E01708,E01257,supplier,0.94,47,5314107,0.73,1.66,3,678,0,10356219,0.72,1.41,2,747,1
E01040,E01257,co-investor,0.8,26,6010848,0.72,1.16,0,518,1,10356219,0.72,1.41,2,747,1
E00089,E01257,shared_director,0.66,21,6666447,0.37,1.73,1,801,0,10356219,0.72,1.41,2,747,1
E00842,E01257,supplier,0.72,12,4670873,0.97,1.42,0,511,0,10356219,0.72,1.41,2,747,1
E01708,E02923,shared_director,0.78,38,5314107,0.73,1.66,3,678,0,2639432,0.59,1.23,0,664,0
E00113,E02923,shared_director,0.49,49,1660441,0.91,1.09,0,704,0,2639432,0.59,1.23,0,664,0
E01941,E02923,parent_company,0.82,44,5000890,0.56,1.71,2,761,0,2639432,0.59,1.23,0,664,0
E01944,E00884,supplier,0.25,32,4517537,0.6,1.67,1,568,0,7893007,0.62,1.22,0,532,0
E00359,E00884,shared_director,0.77,27,5539338,0.44,1.23,2,728,0,7893007,0.62,1.22,0,532,0
E00949,E00884,parent_company,0.79,11,4262339,0.3,1.08,1,519,0,7893007,0.62,1.22,0,532,0
E00845,E00884,shared_director,0.27,28,5608252,0.61,0.66,1,694,0,7893007,0.62,1.22,0,532,0
E01944,E02073,parent_company,0.83,36,4517537,0.6,1.67,1,568,0,7322797,0.42,0.82,4,762,0
E01818,E02073,supplier,0.82,33,1752889,0.43,1.24,0,837,0,7322797,0.42,0.82,4,762,0
E02270,E02073,parent_company,0.81,25,2572116,0.25,0.85,1,618,0,7322797,0.42,0.82,4,762,0
E01944,E00739,shared_director,0.66,14,4517537,0.6,1.67,1,568,0,3872701,0.48,1.04,2,646,0
E02700,E00739,co-investor,0.22,21,7166680,0.55,1.24,5,787,0,3872701,0.48,1.04,2,646,0
E01032,E00739,supplier,0.18,11,4936163,0.58,1.94,1,724,0,3872701,0.48,1.04,2,646,0
E02894,E00739,co-investor,0.22,11,6191288,0.19,1.33,1,573,0,3872701,0.48,1.04,2,646,0
E02582,E02246,shared_director,0.59,8,5447496,0.55,1.64,1,500,0,5936631,0.31,1.08,1,786,0
E02471,E02246,parent_company,0.29,49,4535741,0.68,1.52,0,786,0,5936631,0.31,1.08,1,786,0
E02582,E00433,co-investor,0.55,35,5447496,0.55,1.64,1,500,0,3133573,0.33,0.8,0,597,0
E00703,E00433,supplier,0.47,11,4122825,0.82,0.85,2,822,0,3133573,0.33,0.8,0,597,0
E02714,E00654,supplier,0.68,24,9556803,0.33,0.55,4,548,0,6402746,0.68,0.97,2,661,0
E00358,E00654,supplier,0.99,36,4942150,0.98,1.92,2,612,0,6402746,0.68,0.97,2,661,0
E01603,E00654,shared_director,0.45,13,7784944,0.77,1.14,0,592,0,6402746,0.68,0.97,2,661,0
E00483,E02049,parent_company,0.15,43,3323225,0.5,1.24,4,547,0,2973368,0.82,1.72,4,706,0
E00035,E02049,co-investor,0.86,9,5500487,0.92,1.05,1,804,0,2973368,0.82,1.72,4,706,0
E00643,E02049,supplier,0.37,50,5605370,0.44,1.36,2,547,0,2973368,0.82,1.72,4,706,0
E01890,E02049,supplier,0.82,22,2765851,0.13,1.71,2,779,0,2973368,0.82,1.72,4,706,0
E01631,E02049,parent_company,0.39,30,7383917,1.0,0.84,2,842,0,2973368,0.82,1.72,4,706,0
E01941,E02049,shared_director,0.55,22,5000890,0.56,1.71,2,761,0,2973368,0.82,1.72,4,706,0
E00814,E00843,shared_director,0.63,8,6759185,0.53,1.57,1,512,0,2318893,0.95,1.54,2,743,1
E00426,E00843,shared_director,0.68,5,5409098,0.78,1.69,1,743,1,2318893,0.95,1.54,2,743,1
E00802,E00843,co-investor,0.37,44,4090359,0.8,1.38,3,525,0,2318893,0.95,1.54,2,743,1
E00533,E00843,co-investor,0.49,46,7010285,0.57,0.56,1,555,1,2318893,0.95,1.54,2,743,1
E02726,E00843,supplier,0.33,23,7732309,0.94,0.92,2,507,0,2318893,0.95,1.54,2,743,1
E00456,E00843,parent_company,0.81,8,6554032,0.82,1.32,0,671,1,2318893,0.95,1.54,2,743,1
E00453,E00294,shared_director,0.47,7,6065719,0.95,0.57,0,584,1,8063377,0.89,1.33,3,754,0
E00453,E01144,shared_director,0.81,27,6065719,0.95,0.57,0,584,1,5633958,0.63,1.09,2,738,0
E00245,E01144,shared_director,0.55,25,3964932,0.41,1.34,0,802,0,5633958,0.63,1.09,2,738,0
E02656,E01144,supplier,0.36,39,8469663,0.5,1.48,1,572,0,5633958,0.63,1.09,2,738,0
E00947,E00918,co-investor,0.91,33,7065927,0.86,1.62,0,549,1,3701468,0.72,1.95,3,628,0
E02270,E00918,shared_director,0.34,4,2572116,0.25,0.85,1,618,0,3701468,0.72,1.95,3,628,0
E00947,E02802,shared_director,0.63,18,7065927,0.86,1.62,0,549,1,4014454,0.24,0.79,1,517,0
E01895,E02802,co-investor,0.88,20,7097939,0.77,1.83,1,791,0,4014454,0.24,0.79,1,517,0
E01177,E02802,supplier,0.57,3,7948112,0.77,0.73,1,785,1,4014454,0.24,0.79,1,517,0
E00824,E02802,shared_director,0.65,46,5077183,0.35,1.88,0,812,0,4014454,0.24,0.79,1,517,0
E00409,E00716,supplier,0.87,24,4013074,0.54,1.18,2,746,0,5395157,0.88,1.47,1,761,0
E02474,E00716,parent_company,0.69,24,4573215,0.86,0.53,0,659,0,5395157,0.88,1.47,1,761,0
E00409,E01083,shared_director,0.44,28,4013074,0.54,1.18,2,746,0,5541949,0.22,0.93,4,551,0
E02280,E01083,parent_company,0.24,17,6773464,0.67,0.5,1,826,0,5541949,0.22,0.93,4,551,0
E01228,E01083,parent_company,0.41,44,4637043,0.19,1.06,2,518,0,5541949,0.22,0.93,4,551,0
E02773,E01281,shared_director,0.76,7,5161583,0.17,0.85,1,756,0,4493490,0.75,1.25,1,681,0
E02773,E00191,co-investor,0.32,41,5161583,0.17,0.85,1,756,0,4092511,0.37,1.62,0,834,0
E02773,E00009,supplier,0.9,22,5161583,0.17,0.85,1,756,0,4304946,0.56,1.85,0,838,0
E00909,E00009,co-investor,0.42,41,8722631,0.97,1.19,2,597,1,4304946,0.56,1.85,0,838,0
E02003,E00009,supplier,0.59,5,7793193,0.22,1.74,0,572,0,4304946,0.56,1.85,0,838,0
E02773,E00066,parent_company,0.18,31,5161583,0.17,0.85,1,756,0,6033338,0.94,1.01,1,846,0
E00188,E00066,co-investor,0.96,10,6237323,0.34,0.87,2,814,0,6033338,0.94,1.01,1,846,0
E02638,E00066,parent_company,0.74,35,3404372,0.35,0.72,3,540,0,6033338,0.94,1.01,1,846,0
E01346,E00066,parent_company,0.68,1,5560242,0.64,1.33,0,613,0,6033338,0.94,1.01,1,846,0
E00375,E00066,shared_director,0.13,1,3518335,0.23,0.68,0,641,0,6033338,0.94,1.01,1,846,0
E01547,E00066,co-investor,0.62,39,6074181,0.88,0.62,2,557,0,6033338,0.94,1.01,1,846,0
E02569,E00066,parent_company,0.73,17,6033034,0.57,1.79,1,727,0,6033338,0.94,1.01,1,846,0
E00188,E00844,co-investor,0.3,20,6237323,0.34,0.87,2,814,0,6826000,0.4,1.01,0,681,0
E02453,E00844,parent_company,0.87,20,5306203,0.79,1.33,1,537,0,6826000,0.4,1.01,0,681,0
E00654,E00844,parent_company,0.76,1,6402746,0.68,0.97,2,661,0,6826000,0.4,1.01,0,681,0
E01347,E01465,shared_director,0.96,18,3669029,0.67,1.12,2,777,0,4868904,0.43,1.75,4,642,0
E01347,E02203,shared_director,0.22,32,3669029,0.67,1.12,2,777,0,7447706,0.77,1.08,1,557,1
E00381,E01527,co-investor,0.26,26,4446202,0.31,1.78,1,559,0,4524609,0.18,1.35,3,578,0
E01613,E01527,supplier,0.51,37,3608657,0.26,0.82,1,558,0,4524609,0.18,1.35,3,578,0
E01640,E01870,co-investor,0.85,45,5065151,0.59,0.88,1,746,0,5368495,0.32,1.81,1,815,0
E02648,E01870,co-investor,0.73,46,5304869,0.95,1.97,1,841,0,5368495,0.32,1.81,1,815,0
E00891,E01870,shared_director,0.98,15,4091620,0.11,1.62,0,793,0,5368495,0.32,1.81,1,815,0
E01640,E01459,shared_director,0.7,26,5065151,0.59,0.88,1,746,0,7054843,0.24,1.53,1,530,1
E01372,E01459,parent_company,0.68,32,5384565,0.75,0.69,1,604,0,7054843,0.24,1.53,1,530,1
E01341,E01459,shared_director,0.61,18,1950957,0.49,0.69,0,691,0,7054843,0.24,1.53,1,530,1
E01640,E02510,supplier,0.41,31,5065151,0.59,0.88,1,746,0,4787557,0.85,1.21,3,783,0
E02606,E02510,shared_director,0.46,16,8655361,0.31,1.82,3,555,0,4787557,0.85,1.21,3,783,0
E02296,E02510,co-investor,0.78,20,3770099,0.87,1.57,1,628,1,4787557,0.85,1.21,3,783,0
E01067,E02510,shared_director,0.87,40,5383041,0.68,1.91,1,630,0,4787557,0.85,1.21,3,783,0
E01640,E02317,shared_director,0.75,10,5065151,0.59,0.88,1,746,0,3074625,0.38,1.53,1,763,0
E01577,E02317,parent_company,0.27,28,6683056,0.31,1.15,0,646,0,3074625,0.38,1.53,1,763,0
E02383,E02317,parent_company,0.42,19,1511338,0.49,1.3,2,636,0,3074625,0.38,1.53,1,763,0
E01500,E02317,supplier,0.49,50,6620124,0.51,1.39,2,714,0,3074625,0.38,1.53,1,763,0
E00051,E00576,co-investor,0.98,39,4540240,0.35,0.52,1,569,0,5784169,0.93,0.64,1,515,0
E01386,E02127,supplier,0.49,47,6431316,0.5,1.77,0,644,0,6046158,0.75,1.46,0,514,1
E02306,E02127,shared_director,0.4,32,5275689,0.19,1.2,0,622,0,6046158,0.75,1.46,0,514,1
E01019,E01974,co-investor,0.7,42,3705518,0.93,1.53,5,727,0,4404778,0.58,1.53,5,631,0
E00425,E01974,co-investor,0.71,12,4260956,0.43,1.55,1,642,0,4404778,0.58,1.53,5,631,0
E01019,E02780,shared_director,0.48,7,3705518,0.93,1.53,5,727,0,7781464,0.68,1.68,2,807,0
E00756,E02780,shared_director,0.34,5,2657916,0.51,0.6,1,510,0,7781464,0.68,1.68,2,807,0
E01019,E01436,supplier,0.3,18,3705518,0.93,1.53,5,727,0,6564365,0.65,1.79,1,500,0
E01562,E01436,supplier,0.48,17,6697124,0.86,1.73,1,730,0,6564365,0.65,1.79,1,500,0
E01019,E02929,co-investor,0.91,25,3705518,0.93,1.53,5,727,0,7409348,0.72,0.61,0,505,0
E02732,E02929,parent_company,0.74,34,6617849,0.91,1.85,4,511,0,7409348,0.72,0.61,0,505,0
E02270,E02929,co-investor,0.41,22,2572116,0.25,0.85,1,618,0,7409348,0.72,0.61,0,505,0
E02276,E02929,parent_company,0.96,31,2779992,0.89,1.57,2,552,0,7409348,0.72,0.61,0,505,0
E01019,E01902,parent_company,0.93,45,3705518,0.93,1.53,5,727,0,5018076,0.99,1.01,2,752,0
E02568,E01902,supplier,0.87,5,2708198,0.95,0.69,3,837,0,5018076,0.99,1.01,2,752,0
E02299,E01902,shared_director,0.38,35,6508166,0.37,1.95,5,542,0,5018076,0.99,1.01,2,752,0
E01019,E01683,parent_company,0.19,38,3705518,0.93,1.53,5,727,0,4496538,0.57,1.58,2,794,0
E00899,E01683,parent_company,0.82,50,8362184,0.61,1.74,2,627,0,4496538,0.57,1.58,2,794,0
E02142,E01683,co-investor,0.84,19,4701989,0.68,1.24,1,792,0,4496538,0.57,1.58,2,794,0
E01019,E02743,shared_director,0.11,6,3705518,0.93,1.53,5,727,0,5436050,0.53,1.19,4,780,0
E02476,E02743,supplier,0.74,29,4053469,0.69,0.72,0,786,0,5436050,0.53,1.19,4,780,0
E00877,E02743,co-investor,0.27,4,6656909,0.25,0.82,4,629,0,5436050,0.53,1.19,4,780,0
E00845,E02743,co-investor,0.89,11,5608252,0.61,0.66,1,694,0,5436050,0.53,1.19,4,780,0
E01577,E02830,co-investor,0.58,19,6683056,0.31,1.15,0,646,0,8493477,0.53,1.38,1,669,0
E00224,E02830,parent_company,0.33,25,5627723,0.64,0.61,1,831,0,8493477,0.53,1.38,1,669,0
E00410,E02830,parent_company,0.4,33,4110033,0.21,1.41,0,830,0,8493477,0.53,1.38,1,669,0
E02724,E02830,supplier,0.88,47,7573006,0.61,1.83,3,580,0,8493477,0.53,1.38,1,669,0
E01577,E00772,co-investor,0.97,4,6683056,0.31,1.15,0,646,0,9121117,0.97,1.37,3,663,0
E01216,E00772,parent_company,0.87,46,4611336,0.69,0.91,1,666,0,9121117,0.97,1.37,3,663,0
E01666,E00772,parent_company,0.52,8,6915455,0.22,1.23,0,679,0,9121117,0.97,1.37,3,663,0
E02422,E00772,shared_director,0.83,8,4375156,0.36,1.39,2,669,0,9121117,0.97,1.37,3,663,0
E01577,E01684,co-investor,0.46,1,6683056,0.31,1.15,0,646,0,7267246,0.61,1.91,1,846,0
E01577,E02202,shared_director,0.68,30,6683056,0.31,1.15,0,646,0,6611780,0.61,0.57,1,816,0
E00202,E02202,parent_company,0.27,16,6773034,0.5,1.85,2,550,0,6611780,0.61,0.57,1,816,0
E02568,E02202,parent_company,0.58,24,2708198,0.95,0.69,3,837,0,6611780,0.61,0.57,1,816,0
E01511,E02202,supplier,0.94,4,1949361,0.65,1.84,1,521,0,6611780,0.61,0.57,1,816,0
E02071,E01923,shared_director,0.88,5,3585413,0.62,1.14,1,617,0,3440687,0.48,1.78,1,760,0
E02929,E01923,parent_company,0.24,13,7409348,0.72,0.61,0,505,0,3440687,0.48,1.78,1,760,0
E02071,E00315,co-investor,0.33,40,3585413,0.62,1.14,1,617,0,6076044,0.96,0.75,3,688,0
E00326,E00315,parent_company,0.95,11,6930029,0.9,0.69,3,515,1,6076044,0.96,0.75,3,688,0
E02729,E00315,shared_director,0.54,46,6197478,0.32,1.13,2,767,0,6076044,0.96,0.75,3,688,0
E02071,E00651,co-investor,0.91,2,3585413,0.62,1.14,1,617,0,3481919,0.79,1.38,1,560,0
E02754,E00651,parent_company,0.12,15,4521246,0.7,1.52,2,786,0,3481919,0.79,1.38,1,560,0
E01037,E00651,parent_company,0.58,29,3053106,0.36,1.71,1,839,0,3481919,0.79,1.38,1,560,0
E01861,E00651,supplier,0.92,8,7213929,0.61,1.73,0,766,0,3481919,0.79,1.38,1,560,0
E02014,E01314,parent_company,0.4,18,4764251,0.79,0.76,2,721,0,922077,0.41,1.4,0,553,1
E00770,E01314,supplier,0.24,35,4938122,0.6,1.52,2,799,0,922077,0.41,1.4,0,553,1
E00597,E01314,co-investor,0.47,38,5320952,0.21,1.12,1,528,0,922077,0.41,1.4,0,553,1
E02849,E01314,co-investor,0.71,7,5572389,0.46,1.22,2,652,0,922077,0.41,1.4,0,553,1
E00207,E02077,parent_company,0.6,25,4477945,0.98,1.98,0,661,0,4805326,0.48,1.89,0,833,0
E02354,E02077,shared_director,0.72,1,1230427,0.47,1.05,3,590,0,4805326,0.48,1.89,0,833,0
E01870,E02077,supplier,0.26,47,5368495,0.32,1.81,1,815,0,4805326,0.48,1.89,0,833,0
E00207,E01942,supplier,0.51,28,4477945,0.98,1.98,0,661,0,2405662,0.8,1.69,2,785,0
E00607,E01942,shared_director,0.12,11,4432116,0.14,0.66,1,790,0,2405662,0.8,1.69,2,785,0
E00813,E01942,supplier,0.73,33,3436574,0.58,0.73,4,562,0,2405662,0.8,1.69,2,785,0
E02429,E01942,co-investor,0.66,23,5533345,0.14,1.22,1,549,1,2405662,0.8,1.69,2,785,0
E01836,E00361,shared_director,0.5,8,3053515,0.52,1.53,0,766,0,6415431,0.41,1.89,0,708,0
E01836,E00093,co-investor,0.74,17,3053515,0.52,1.53,0,766,0,5970631,0.97,0.58,1,611,1
E02570,E00093,co-investor,0.47,44,6945993,0.71,1.85,0,617,1,5970631,0.97,0.58,1,611,1
E00489,E00093,shared_director,0.93,36,5725311,0.32,0.87,2,761,1,5970631,0.97,0.58,1,611,1
E02038,E02677,supplier,0.19,27,4158122,0.6,1.72,2,687,0,2222183,0.32,1.01,1,760,0
E01484,E02677,shared_director,0.64,29,4581094,0.14,1.6,1,798,0,2222183,0.32,1.01,1,760,0
E00646,E02677,supplier,0.71,28,6126690,0.71,1.6,0,655,0,2222183,0.32,1.01,1,760,0
E01669,E02677,supplier,0.73,14,3095642,0.37,1.81,3,833,0,2222183,0.32,1.01,1,760,0
E00147,E00791,supplier,0.75,38,5767227,0.83,1.62,2,838,0,5553087,0.9,0.97,1,835,0
E00781,E00791,shared_director,0.93,5,5569779,0.8,0.59,4,516,0,5553087,0.9,0.97,1,835,0
E01430,E00791,shared_director,0.97,12,7007419,0.26,0.82,0,630,0,5553087,0.9,0.97,1,835,0
E00147,E02848,shared_director,0.18,12,5767227,0.83,1.62,2,838,0,4728290,0.95,1.88,4,546,0
E00584,E02848,shared_director,0.41,36,3765106,0.65,1.76,0,718,0,4728290,0.95,1.88,4,546,0
E01066,E02848,supplier,0.61,12,5407344,0.35,1.2,1,538,0,4728290,0.95,1.88,4,546,0
E02415,E02848,parent_company,0.52,6,5821524,0.82,1.99,1,676,0,4728290,0.95,1.88,4,546,0
E00575,E02848,shared_director,0.79,4,4494628,0.4,1.53,0,828,0,4728290,0.95,1.88,4,546,0
E02536,E02612,co-investor,0.9,36,3902501,0.45,1.23,1,679,0,2367459,0.34,1.34,1,791,0
E02544,E02612,shared_director,0.8,48,3649037,0.34,0.6,4,778,0,2367459,0.34,1.34,1,791,0
E01726,E02612,co-investor,0.46,42,4850248,0.44,0.7,1,742,1,2367459,0.34,1.34,1,791,0
E00904,E02612,co-investor,0.34,32,3328475,0.18,1.62,2,644,0,2367459,0.34,1.34,1,791,0
E01290,E02612,co-investor,0.86,43,3572492,0.64,1.29,0,623,0,2367459,0.34,1.34,1,791,0
E02536,E02777,co-investor,0.75,34,3902501,0.45,1.23,1,679,0,1307903,0.42,0.98,0,552,1
E01263,E02777,supplier,0.85,30,5941957,0.44,0.78,1,826,0,1307903,0.42,0.98,0,552,1
E00331,E02777,supplier,0.48,37,4737923,0.45,1.82,2,597,0,1307903,0.42,0.98,0,552,1
E02839,E02777,co-investor,0.71,30,1911245,0.88,0.56,2,635,0,1307903,0.42,0.98,0,552,1
E01334,E02777,shared_director,0.31,32,6798929,0.67,0.53,2,706,0,1307903,0.42,0.98,0,552,1
E01218,E02777,parent_company,0.98,21,5537322,0.25,1.3,0,849,0,1307903,0.42,0.98,0,552,1
E00223,E00914,shared_director,0.4,50,6839655,0.39,1.39,2,647,0,6655700,0.97,1.73,1,835,1
E00439,E00914,supplier,0.14,37,7182092,0.41,1.96,2,672,0,6655700,0.97,1.73,1,835,1
E02539,E02458,shared_director,0.74,24,6354719,0.36,1.35,3,706,0,4488138,0.78,0.58,1,827,0
E02126,E02458,co-investor,0.4,37,5947386,0.55,1.6,1,584,0,4488138,0.78,0.58,1,827,0
E00323,E02458,shared_director,0.85,6,4274085,0.94,1.49,1,532,0,4488138,0.78,0.58,1,827,0
E00471,E02458,parent_company,0.51,32,6614586,0.77,1.24,1,775,0,4488138,0.78,0.58,1,827,0
E01889,E02458,supplier,0.58,21,2984372,0.58,0.65,1,631,0,4488138,0.78,0.58,1,827,0
E02529,E02458,supplier,0.5,7,3739562,0.84,1.02,3,824,0,4488138,0.78,0.58,1,827,0
E02539,E01492,parent_company,0.39,5,6354719,0.36,1.35,3,706,0,9207612,0.23,1.17,1,678,0
E00353,E01492,parent_company,0.46,6,5148412,0.45,1.28,0,673,0,9207612,0.23,1.17,1,678,0
E02329,E01492,co-investor,0.54,21,2809198,0.57,0.9,2,717,0,9207612,0.23,1.17,1,678,0
E00936,E01492,shared_director,0.86,36,4391552,0.71,0.85,2,665,1,9207612,0.23,1.17,1,678,0
E01356,E01492,co-investor,0.59,20,3314514,0.39,0.96,2,724,0,9207612,0.23,1.17,1,678,0
E02539,E00134,co-investor,0.33,37,6354719,0.36,1.35,3,706,0,5201634,0.4,1.6,1,811,0
E01939,E00134,parent_company,0.95,24,7171853,0.95,1.26,1,625,0,5201634,0.4,1.6,1,811,0
E00115,E00134,co-investor,0.74,10,2516997,0.26,0.59,0,784,0,5201634,0.4,1.6,1,811,0
E02381,E00134,co-investor,0.87,14,5846683,0.41,1.44,0,662,0,5201634,0.4,1.6,1,811,0
E02387,E00134,parent_company,0.44,42,4138570,0.34,1.67,6,728,0,5201634,0.4,1.6,1,811,0
E00070,E00134,co-investor,0.73,27,5316511,0.89,0.61,2,626,0,5201634,0.4,1.6,1,811,0
E02933,E01394,co-investor,0.46,25,6229682,0.43,1.45,2,801,0,5423634,0.61,0.63,4,517,1
E01057,E01394,co-investor,0.79,50,4468906,0.22,1.9,3,724,0,5423634,0.61,0.63,4,517,1
E01341,E01394,co-investor,0.98,43,1950957,0.49,0.69,0,691,0,5423634,0.61,0.63,4,517,1
E00909,E01377,shared_director,0.53,33,8722631,0.97,1.19,2,597,1,4180078,0.63,1.99,0,627,0
E02045,E01377,supplier,0.83,23,2155986,0.9,1.53,2,532,0,4180078,0.63,1.99,0,627,0
E00909,E01217,parent_company,0.58,16,8722631,0.97,1.19,2,597,1,3227559,0.92,0.9,1,566,0
E01057,E01217,parent_company,0.67,13,4468906,0.22,1.9,3,724,0,3227559,0.92,0.9,1,566,0
E00909,E02707,shared_director,0.33,16,8722631,0.97,1.19,2,597,1,4407907,0.95,1.19,2,693,1
E02708,E02707,shared_director,0.68,28,4519694,0.43,0.56,6,501,0,4407907,0.95,1.19,2,693,1
E01434,E02707,shared_director,0.26,44,5378184,0.8,1.26,2,639,1,4407907,0.95,1.19,2,693,1
E00145,E02707,shared_director,0.4,26,4683797,0.7,1.31,0,736,0,4407907,0.95,1.19,2,693,1
E00673,E02017,parent_company,0.84,48,7628018,0.99,1.38,3,836,0,6082815,0.71,1.07,0,570,1
E01187,E02017,supplier,0.7,45,3069004,0.26,0.66,1,589,0,6082815,0.71,1.07,0,570,1
E00673,E02778,supplier,0.17,11,7628018,0.99,1.38,3,836,0,6839406,0.39,0.74,3,751,0
E00572,E02778,supplier,0.38,26,6450302,0.76,1.86,0,751,1,6839406,0.39,0.74,3,751,0
E00495,E02138,co-investor,0.55,6,5096770,0.64,1.57,0,668,0,6530552,0.47,1.07,0,836,0
E02325,E02138,shared_director,0.47,36,3359646,0.94,0.66,1,648,1,6530552,0.47,1.07,0,836,0
E00150,E02138,parent_company,0.36,47,5397116,0.87,1.37,1,661,0,6530552,0.47,1.07,0,836,0
E00139,E02138,parent_company,0.67,28,4061704,0.38,1.84,1,679,0,6530552,0.47,1.07,0,836,0
E01459,E02138,parent_company,0.61,29,7054843,0.24,1.53,1,530,1,6530552,0.47,1.07,0,836,0
E00495,E02358,supplier,0.7,48,5096770,0.64,1.57,0,668,0,1298736,0.3,1.31,2,713,0
E02611,E02358,shared_director,0.49,48,6237260,0.65,0.94,0,665,0,1298736,0.3,1.31,2,713,0
E00404,E02358,supplier,0.21,49,3536245,0.23,0.8,3,626,0,1298736,0.3,1.31,2,713,0
E01341,E02358,shared_director,0.69,10,1950957,0.49,0.69,0,691,0,1298736,0.3,1.31,2,713,0
E00537,E02358,supplier,0.37,43,6128805,0.21,1.2,1,646,0,1298736,0.3,1.31,2,713,0
E01385,E02782,parent_company,0.85,50,6030085,0.7,1.1,1,555,0,3416581,0.49,0.54,1,638,0
E02524,E02782,parent_company,0.48,10,5681905,0.32,1.27,0,590,0,3416581,0.49,0.54,1,638,0
E00573,E02782,supplier,0.93,2,6359946,0.13,0.66,0,569,0,3416581,0.49,0.54,1,638,0
E01385,E02374,co-investor,0.93,48,6030085,0.7,1.1,1,555,0,6012733,0.45,1.68,0,786,0
E00611,E02374,parent_company,0.93,3,7298839,0.4,1.78,3,575,0,6012733,0.45,1.68,0,786,0
E01717,E02374,parent_company,0.59,20,3928081,0.15,1.27,2,579,1,6012733,0.45,1.68,0,786,0
E02703,E02374,co-investor,0.96,12,4080902,0.59,1.52,1,705,0,6012733,0.45,1.68,0,786,0
E02891,E02374,shared_director,0.18,35,6005429,0.61,0.84,0,535,0,6012733,0.45,1.68,0,786,0
E02754,E02804,parent_company,0.84,49,4521246,0.7,1.52,2,786,0,6063489,0.24,1.27,2,591,0
E00755,E02804,shared_director,0.62,3,3985784,0.88,0.73,0,516,0,6063489,0.24,1.27,2,591,0
E00650,E02804,supplier,0.3,46,4604929,0.62,1.41,1,755,0,6063489,0.24,1.27,2,591,0
E00655,E02804,shared_director,0.7,24,7062125,0.91,0.71,1,848,0,6063489,0.24,1.27,2,591,0
E02754,E00682,parent_company,0.8,31,4521246,0.7,1.52,2,786,0,5450685,0.5,1.61,1,845,0
E02693,E00682,co-investor,0.17,23,3166144,0.93,1.63,1,658,0,5450685,0.5,1.61,1,845,0
E02426,E00682,shared_director,0.7,19,5998171,0.65,0.58,1,645,0,5450685,0.5,1.61,1,845,0
E02754,E02809,co-investor,0.17,26,4521246,0.7,1.52,2,786,0,3820181,0.49,1.37,0,737,0
E01545,E02809,parent_company,0.62,6,3609912,0.89,1.39,3,589,0,3820181,0.49,1.37,0,737,0
E02461,E02809,shared_director,0.72,30,7928908,0.11,1.71,0,718,0,3820181,0.49,1.37,0,737,0
E02781,E02809,co-investor,0.7,6,5247834,0.12,0.75,3,833,0,3820181,0.49,1.37,0,737,0
E01647,E02809,co-investor,0.43,42,3389781,0.82,1.28,4,789,1,3820181,0.49,1.37,0,737,0
E00841,E02809,co-investor,0.58,7,5420941,0.37,1.05,1,634,0,3820181,0.49,1.37,0,737,0
E02754,E01841,shared_director,0.97,9,4521246,0.7,1.52,2,786,0,8410028,0.56,0.92,0,741,1
E00264,E01841,parent_company,0.9,33,6167600,0.11,0.61,1,665,0,8410028,0.56,0.92,0,741,1
E02599,E01841,supplier,0.13,48,4093788,0.93,0.73,2,511,0,8410028,0.56,0.92,0,741,1
E00913,E01841,co-investor,0.37,42,3750420,0.91,1.68,3,602,0,8410028,0.56,0.92,0,741,1
E01173,E01841,parent_company,0.93,12,6306566,0.8,1.48,1,580,1,8410028,0.56,0.92,0,741,1
E01124,E01841,parent_company,0.33,15,6334921,0.89,1.87,1,803,0,8410028,0.56,0.92,0,741,1
E00305,E01841,supplier,0.83,17,6635505,0.8,0.71,2,764,0,8410028,0.56,0.92,0,741,1
E01874,E02698,parent_company,0.97,1,5008186,0.42,0.9,2,784,0,6639456,0.6,0.61,2,762,0
E00935,E02698,parent_company,0.98,9,7294818,0.32,0.7,1,533,0,6639456,0.6,0.61,2,762,0
E01139,E02698,parent_company,0.83,45,4556278,0.62,1.31,4,790,0,6639456,0.6,0.61,2,762,0
E01214,E02698,parent_company,0.2,10,4639020,0.91,1.74,1,736,0,6639456,0.6,0.61,2,762,0
E01863,E02698,shared_director,0.81,8,9282766,0.97,0.83,1,642,0,6639456,0.6,0.61,2,762,0
E01874,E01133,supplier,0.97,5,5008186,0.42,0.9,2,784,0,5281656,0.86,1.74,1,786,0
E00326,E01133,co-investor,0.96,29,6930029,0.9,0.69,3,515,1,5281656,0.86,1.74,1,786,0
E02173,E02378,co-investor,0.26,19,4236951,0.78,1.1,2,841,0,4805763,0.55,1.34,3,562,0
E00046,E02378,co-investor,0.13,42,4733198,0.17,1.81,0,592,0,4805763,0.55,1.34,3,562,0
E01211,E02378,shared_director,0.43,39,5960292,0.33,1.19,2,561,0,4805763,0.55,1.34,3,562,0
E00777,E02378,supplier,0.36,11,394606,0.37,1.07,3,703,0,4805763,0.55,1.34,3,562,0
E00425,E01587,co-investor,0.55,25,4260956,0.43,1.55,1,642,0,5095922,0.42,0.58,1,537,1
E02882,E01587,co-investor,0.94,26,7268589,0.21,1.86,0,561,0,5095922,0.42,0.58,1,537,1
E00425,E01204,supplier,0.39,15,4260956,0.43,1.55,1,642,0,2519879,0.5,1.51,1,745,0
E00209,E01204,parent_company,0.17,6,5825140,0.17,0.57,1,622,0,2519879,0.5,1.51,1,745,0
E02868,E02099,co-investor,0.86,36,5239200,0.73,1.23,1,722,0,4587038,0.37,1.19,0,789,0
E01906,E02099,co-investor,0.48,30,5028664,0.5,1.16,2,507,0,4587038,0.37,1.19,0,789,0
E01102,E02099,parent_company,0.82,15,7514119,0.42,1.52,1,713,0,4587038,0.37,1.19,0,789,0
E01286,E00830,supplier,0.99,35,4677311,0.84,1.5,0,520,1,5718418,0.46,0.88,2,812,0
E00952,E00830,parent_company,0.37,48,7780999,0.17,1.36,1,848,0,5718418,0.46,0.88,2,812,0
E00936,E00830,co-investor,0.7,26,4391552,0.71,0.85,2,665,1,5718418,0.46,0.88,2,812,0
E01187,E00830,shared_director,0.54,38,3069004,0.26,0.66,1,589,0,5718418,0.46,0.88,2,812,0
E01286,E02785,supplier,0.46,46,4677311,0.84,1.5,0,520,1,3458525,0.19,1.0,1,593,0
E01833,E02785,shared_director,0.55,14,8136479,0.27,0.69,0,690,0,3458525,0.19,1.0,1,593,0
E01286,E02398,supplier,0.61,11,4677311,0.84,1.5,0,520,1,5866777,0.51,1.24,0,653,0
E02927,E01164,parent_company,0.68,8,2206131,0.74,1.73,2,694,0,3701337,0.71,1.77,1,605,0
E00811,E01164,parent_company,0.3,17,5565087,0.9,1.69,0,694,0,3701337,0.71,1.77,1,605,0
E01420,E01164,parent_company,0.47,6,6266722,0.74,1.9,1,641,1,3701337,0.71,1.77,1,605,0
E02199,E01164,parent_company,0.49,24,7258947,0.3,1.0,4,526,1,3701337,0.71,1.77,1,605,0
E02910,E01907,shared_director,0.31,15,7208141,0.62,0.88,0,743,0,5835347,0.87,1.57,3,606,0
E02910,E00839,parent_company,0.87,43,7208141,0.62,0.88,0,743,0,4032377,0.38,0.52,1,589,0
E00979,E00839,parent_company,0.29,49,1474335,0.38,0.81,1,506,0,4032377,0.38,0.52,1,589,0
E00834,E00839,parent_company,0.48,29,2437404,0.17,0.63,0,599,0,4032377,0.38,0.52,1,589,0
E01901,E00839,co-investor,0.78,25,6415272,0.72,0.81,2,841,0,4032377,0.38,0.52,1,589,0
E02600,E00839,co-investor,0.58,41,6789447,0.72,1.87,0,782,0,4032377,0.38,0.52,1,589,0
E02609,E01321,supplier,0.78,36,6457818,0.28,1.02,3,698,0,2873195,0.35,0.66,3,582,0
E01833,E01321,co-investor,0.1,17,8136479,0.27,0.69,0,690,0,2873195,0.35,0.66,3,582,0
E00605,E01321,parent_company,0.35,13,7412306,0.34,1.46,1,606,0,2873195,0.35,0.66,3,582,0
E01633,E01321,co-investor,0.78,23,5812954,0.81,0.8,2,790,1,2873195,0.35,0.66,3,582,0
E02781,E01321,parent_company,0.71,13,5247834,0.12,0.75,3,833,0,2873195,0.35,0.66,3,582,0
E02609,E01240,parent_company,0.23,8,6457818,0.28,1.02,3,698,0,4386237,0.69,1.56,2,800,0
E01852,E01240,parent_company,0.57,12,8423874,0.48,0.54,2,580,0,4386237,0.69,1.56,2,800,0
E02002,E01240,parent_company,0.69,25,8026018,0.97,1.15,0,832,1,4386237,0.69,1.56,2,800,0
E02867,E01240,parent_company,0.52,4,1724790,0.89,1.52,2,516,0,4386237,0.69,1.56,2,800,0
E02649,E01240,co-investor,0.49,33,7364468,0.22,0.91,3,736,0,4386237,0.69,1.56,2,800,0
E00836,E01240,parent_company,0.34,33,1104232,0.5,1.64,1,738,0,4386237,0.69,1.56,2,800,0
E02609,E01662,co-investor,0.69,9,6457818,0.28,1.02,3,698,0,6419282,0.27,0.84,1,522,0
E02604,E01662,parent_company,0.78,20,6834630,0.85,0.51,1,581,0,6419282,0.27,0.84,1,522,0
E01165,E01662,co-investor,0.17,33,5166244,0.87,0.51,0,841,0,6419282,0.27,0.84,1,522,0
E01561,E00931,co-investor,0.18,33,2659964,0.45,1.91,4,724,0,8723611,0.47,1.3,1,680,0
E02163,E00931,supplier,0.23,12,3680795,0.48,1.69,0,606,0,8723611,0.47,1.3,1,680,0
E01561,E01034,co-investor,0.33,27,2659964,0.45,1.91,4,724,0,3528283,0.68,1.94,1,738,0
E02636,E01034,shared_director,0.51,15,5001000,0.39,1.37,0,808,0,3528283,0.68,1.94,1,738,0
E00255,E01640,parent_company,0.24,45,5687237,0.14,1.29,4,675,0,5065151,0.59,0.88,1,746,0
E02856,E01640,parent_company,0.8,50,5018930,0.74,1.89,1,565,0,5065151,0.59,0.88,1,746,0
E02000,E01640,shared_director,0.11,13,9220271,0.47,0.93,3,808,0,5065151,0.59,0.88,1,746,0
E02807,E01640,shared_director,0.89,7,7758325,0.68,1.21,0,834,0,5065151,0.59,0.88,1,746,0
E01420,E01640,shared_director,0.56,10,6266722,0.74,1.9,1,641,1,5065151,0.59,0.88,1,746,0
E01635,E01640,shared_director,0.19,23,7757419,0.37,1.78,3,754,0,5065151,0.59,0.88,1,746,0
E02302,E00919,shared_director,0.31,45,5227738,0.52,0.78,3,728,0,6895651,0.35,1.63,2,814,0
E00846,E00919,parent_company,0.35,50,5531796,0.92,0.6,1,621,0,6895651,0.35,1.63,2,814,0
E00070,E00919,parent_company,0.48,29,5316511,0.89,0.61,2,626,0,6895651,0.35,1.63,2,814,0
E01016,E00919,shared_director,0.28,16,5147540,0.33,1.48,3,545,0,6895651,0.35,1.63,2,814,0
E01179,E01709,parent_company,0.54,45,6771606,0.36,1.11,3,622,0,7163884,0.46,1.33,3,624,0
E01109,E01709,parent_company,0.24,7,5744869,0.38,0.99,2,594,0,7163884,0.46,1.33,3,624,0
E01179,E02518,co-investor,0.32,5,6771606,0.36,1.11,3,622,0,7009185,0.33,0.93,3,588,0
E00915,E02518,shared_director,0.68,11,4985914,0.5,1.33,1,818,0,7009185,0.33,0.93,3,588,0
E01707,E00109,shared_director,0.88,42,381632,0.17,0.9,1,751,0,8292794,0.81,1.55,1,641,1
E00855,E00109,supplier,0.63,22,5652549,0.33,1.96,1,648,0,8292794,0.81,1.55,1,641,1
E00054,E01030,parent_company,0.66,50,3363051,0.11,1.01,0,713,0,6022831,0.68,1.46,1,783,0
E00205,E01030,parent_company,0.42,19,2915030,0.56,1.4,0,619,0,6022831,0.68,1.46,1,783,0
E01131,E01030,parent_company,0.45,14,1590242,0.78,1.39,1,802,0,6022831,0.68,1.46,1,783,0
E01660,E01030,shared_director,0.25,32,5887760,0.15,1.1,1,528,0,6022831,0.68,1.46,1,783,0
E01009,E01030,shared_director,0.86,9,2467318,0.15,0.87,1,602,0,6022831,0.68,1.46,1,783,0
E02797,E00306,parent_company,0.97,48,3586540,0.86,0.89,1,622,1,2021213,0.21,0.5,2,532,0
E02364,E00306,supplier,0.92,39,2982671,0.67,0.88,4,743,0,2021213,0.21,0.5,2,532,0
E00758,E00306,supplier,0.59,42,4366699,0.45,0.93,2,805,0,2021213,0.21,0.5,2,532,0
E01411,E00306,co-investor,0.51,19,4677271,0.44,1.38,3,625,0,2021213,0.21,0.5,2,532,0
E02105,E00489,shared_director,0.14,18,6383619,0.33,1.9,1,828,0,5725311,0.32,0.87,2,761,1
E00725,E00489,co-investor,0.72,38,6015515,0.77,1.74,1,544,1,5725311,0.32,0.87,2,761,1
E00894,E00489,supplier,0.34,48,811758,0.5,0.7,2,685,0,5725311,0.32,0.87,2,761,1
E01609,E00489,co-investor,0.51,29,6236976,0.75,1.58,0,549,0,5725311,0.32,0.87,2,761,1
E02280,E00819,parent_company,0.33,29,6773464,0.67,0.5,1,826,0,5562359,0.65,1.5,3,664,0
E02280,E01412,co-investor,0.52,49,6773464,0.67,0.5,1,826,0,3580855,0.19,1.88,1,542,0
E00013,E01412,shared_director,0.9,8,4145184,0.36,0.69,1,591,0,3580855,0.19,1.88,1,542,0
E00099,E01412,shared_director,0.52,32,5197491,0.29,1.42,0,617,0,3580855,0.19,1.88,1,542,0
E01594,E01412,supplier,0.82,29,5082758,0.78,0.91,2,791,1,3580855,0.19,1.88,1,542,0
E02280,E01686,parent_company,0.85,38,6773464,0.67,0.5,1,826,0,2603433,0.28,1.31,1,687,0
E02420,E01686,co-investor,0.34,40,3972322,0.28,1.77,3,550,0,2603433,0.28,1.31,1,687,0
E02200,E01686,parent_company,0.96,1,6363381,0.71,1.39,1,545,0,2603433,0.28,1.31,1,687,0
E00024,E01354,shared_director,0.74,10,6671130,0.57,1.3,2,743,0,7091793,0.29,0.71,3,644,0
E01138,E01354,shared_director,0.7,34,3114869,0.78,1.23,5,543,1,7091793,0.29,0.71,3,644,0
E00933,E01354,parent_company,0.79,13,4300775,0.62,0.74,1,591,0,7091793,0.29,0.71,3,644,0
E00024,E01618,supplier,0.11,42,6671130,0.57,1.3,2,743,0,3254140,0.98,1.18,6,603,1
E00672,E01618,shared_director,0.44,38,4386439,0.23,1.16,2,666,0,3254140,0.98,1.18,6,603,1
E02562,E00524,parent_company,0.81,15,4348825,0.54,0.55,1,575,0,5134997,0.14,1.93,1,673,0
E02233,E00524,shared_director,0.22,17,5883972,0.18,1.73,2,632,0,5134997,0.14,1.93,1,673,0
E02562,E01531,supplier,0.89,22,4348825,0.54,0.55,1,575,0,676879,0.19,1.78,1,662,0
E02402,E01531,supplier,0.51,1,3962784,0.54,1.66,2,570,0,676879,0.19,1.78,1,662,0
E02254,E01590,co-investor,0.46,16,5750433,0.71,1.26,1,579,1,1765274,0.44,0.66,0,742,1
E00778,E01590,shared_director,0.39,24,4110108,0.27,1.5,1,793,0,1765274,0.44,0.66,0,742,1
E02254,E01928,shared_director,0.68,41,5750433,0.71,1.26,1,579,1,6199718,0.99,0.62,2,786,0
E02703,E01928,shared_director,0.29,49,4080902,0.59,1.52,1,705,0,6199718,0.99,0.62,2,786,0
E01001,E01928,shared_director,0.79,38,7035002,0.35,1.98,1,741,0,6199718,0.99,0.62,2,786,0
E01053,E01928,shared_director,0.68,9,6965146,0.17,1.93,3,747,0,6199718,0.99,0.62,2,786,0
E02593,E01928,parent_company,0.8,31,7939165,0.12,0.89,2,535,0,6199718,0.99,0.62,2,786,0
E01309,E01928,parent_company,0.86,10,5479153,0.19,1.97,1,599,0,6199718,0.99,0.62,2,786,0
E02254,E02228,shared_director,0.55,11,5750433,0.71,1.26,1,579,1,5804176,0.8,1.28,0,648,0
E01218,E02228,supplier,0.72,10,5537322,0.25,1.3,0,849,0,5804176,0.8,1.28,0,648,0
E02153,E00901,parent_company,0.57,33,5577307,0.47,0.83,3,799,0,7333097,0.62,1.85,0,784,0
E01819,E00901,parent_company,0.65,1,4780460,0.57,1.87,0,589,0,7333097,0.62,1.85,0,784,0
E00294,E00901,shared_director,0.26,43,8063377,0.89,1.33,3,754,0,7333097,0.62,1.85,0,784,0
E02153,E02826,supplier,0.45,11,5577307,0.47,0.83,3,799,0,5425899,0.5,0.56,2,565,0
E00089,E02826,co-investor,0.93,33,6666447,0.37,1.73,1,801,0,5425899,0.5,0.56,2,565,0
E00749,E02826,parent_company,0.31,46,5999053,0.48,0.93,4,781,0,5425899,0.5,0.56,2,565,0
E01180,E02826,parent_company,0.14,15,5460019,0.68,1.53,1,793,0,5425899,0.5,0.56,2,565,0
E00545,E02826,co-investor,0.14,23,7579513,0.97,1.46,0,804,0,5425899,0.5,0.56,2,565,0
E00653,E01921,parent_company,0.12,49,3756363,0.89,1.23,4,820,0,4437960,0.46,1.8,2,644,0
E00874,E02718,co-investor,0.4,19,5956179,0.65,1.68,0,647,0,4961062,0.51,1.44,0,817,0
E01506,E02718,parent_company,0.89,11,4703554,0.54,0.76,2,587,0,4961062,0.51,1.44,0,817,0
E01351,E02718,supplier,0.31,5,4973056,0.12,0.85,4,844,0,4961062,0.51,1.44,0,817,0
E01364,E02718,supplier,0.99,38,4326204,0.23,1.84,1,843,0,4961062,0.51,1.44,0,817,0
E02878,E02718,co-investor,0.27,10,4353124,0.71,0.89,1,780,0,4961062,0.51,1.44,0,817,0
E02660,E00037,supplier,0.7,29,6417437,0.97,1.57,2,546,0,2317109,0.26,1.05,2,534,0
E00996,E00037,supplier,0.62,45,4369470,0.65,0.84,1,768,1,2317109,0.26,1.05,2,534,0
E01827,E00037,co-investor,0.92,33,1789069,0.13,0.96,2,627,0,2317109,0.26,1.05,2,534,0
E02660,E02752,parent_company,0.28,5,6417437,0.97,1.57,2,546,0,3628003,0.36,1.44,1,565,0
E01191,E02752,supplier,0.33,13,5848468,0.29,0.65,1,545,0,3628003,0.36,1.44,1,565,0
E01489,E02752,supplier,0.46,47,4206675,0.12,1.22,3,661,0,3628003,0.36,1.44,1,565,0
E01315,E01563,supplier,0.45,35,5366600,0.98,1.13,4,636,0,6277035,0.54,1.38,4,677,0
E02467,E01563,supplier,0.46,12,4402806,0.96,1.58,0,693,0,6277035,0.54,1.38,4,677,0
E00082,E01563,shared_director,0.87,49,2518719,0.78,1.41,3,548,1,6277035,0.54,1.38,4,677,0
E01315,E00116,co-investor,0.97,35,5366600,0.98,1.13,4,636,0,3367389,0.96,1.39,0,709,0
E01315,E01510,shared_director,0.97,2,5366600,0.98,1.13,4,636,0,5238036,0.89,0.63,1,841,0
E01323,E01510,shared_director,0.84,49,2477090,0.15,0.65,0,566,0,5238036,0.89,0.63,1,841,0
E01778,E01510,parent_company,0.91,6,3943926,0.42,1.9,2,625,0,5238036,0.89,0.63,1,841,0
E01159,E01573,shared_director,0.99,33,5856625,0.71,1.21,0,808,1,5007606,0.81,1.9,2,805,0
E01770,E01573,shared_director,0.49,21,4693031,0.24,1.61,3,767,0,5007606,0.81,1.9,2,805,0
E01826,E00338,supplier,0.57,6,5379321,0.68,0.87,0,838,0,4644519,0.82,1.49,3,520,1
E00337,E00338,supplier,0.24,28,2540261,0.55,1.57,1,511,0,4644519,0.82,1.49,3,520,1
E02388,E00338,supplier,0.65,13,4707880,0.79,1.94,0,679,0,4644519,0.82,1.49,3,520,1
E01793,E00338,shared_director,0.31,45,6896892,0.61,0.69,3,640,0,4644519,0.82,1.49,3,520,1
E00789,E02867,supplier,0.45,12,7821136,0.54,1.26,0,715,0,1724790,0.89,1.52,2,516,0
E02703,E02867,supplier,0.19,46,4080902,0.59,1.52,1,705,0,1724790,0.89,1.52,2,516,0
E00325,E02867,shared_director,0.81,50,1380082,0.84,1.53,2,620,0,1724790,0.89,1.52,2,516,0
E02321,E02867,parent_company,0.11,11,2823361,0.82,0.96,2,524,0,1724790,0.89,1.52,2,516,0
E02824,E02867,shared_director,0.21,41,3881340,0.14,1.55,1,638,0,1724790,0.89,1.52,2,516,0
E02204,E02185,supplier,0.66,14,5273643,0.7,0.74,1,512,1,5472835,0.33,0.87,2,572,0
E02204,E00868,parent_company,0.59,49,5273643,0.7,0.74,1,512,1,5156858,0.64,1.66,3,580,0
E01409,E00868,shared_director,0.92,33,4641579,0.59,0.56,2,520,0,5156858,0.64,1.66,3,580,0
E01733,E00868,parent_company,0.41,47,6548262,0.67,1.1,3,833,0,5156858,0.64,1.66,3,580,0
E00268,E00868,supplier,0.78,20,5209470,0.53,1.9,0,737,0,5156858,0.64,1.66,3,580,0
E02746,E01753,shared_director,0.43,1,5676504,0.7,1.27,1,644,0,5139493,0.65,0.51,4,503,0
E01586,E01753,co-investor,0.36,6,5742188,0.6,0.63,2,783,0,5139493,0.65,0.51,4,503,0
E00426,E02808,shared_director,0.42,47,5409098,0.78,1.69,1,743,1,4833239,0.22,1.7,0,814,0
E02044,E02808,parent_company,0.52,10,4894343,0.7,1.2,1,559,0,4833239,0.22,1.7,0,814,0
E00426,E02157,supplier,0.89,9,5409098,0.78,1.69,1,743,1,4635158,0.87,0.7,2,566,0
E00426,E01535,parent_company,0.42,39,5409098,0.78,1.69,1,743,1,6340439,0.22,1.28,4,541,0
E00103,E01535,parent_company,0.26,45,4298636,0.68,0.89,4,803,0,6340439,0.22,1.28,4,541,0
E00156,E00359,supplier,0.15,17,3232444,0.89,0.5,2,575,0,5539338,0.44,1.23,2,728,0
E00989,E00359,supplier,0.17,35,2779200,0.36,0.57,1,619,1,5539338,0.44,1.23,2,728,0
E02034,E00359,shared_director,0.5,25,5062089,0.12,1.53,2,552,0,5539338,0.44,1.23,2,728,0
E00156,E00906,shared_director,0.65,39,3232444,0.89,0.5,2,575,0,4407965,0.46,1.7,0,776,0
E01358,E00906,parent_company,0.69,26,3549462,0.25,1.35,2,803,0,4407965,0.46,1.7,0,776,0
E01624,E00906,supplier,0.48,28,1867300,0.69,1.73,1,641,0,4407965,0.46,1.7,0,776,0
E01590,E01848,shared_director,0.49,2,1765274,0.44,0.66,0,742,1,5413549,0.32,1.58,0,544,0
E02531,E01848,parent_company,0.43,44,7420487,0.81,1.64,3,746,0,5413549,0.32,1.58,0,544,0
E01590,E01924,shared_director,0.89,3,1765274,0.44,0.66,0,742,1,4424213,0.45,0.67,2,778,0
E02460,E01924,supplier,0.72,37,7858915,0.5,1.84,1,696,0,4424213,0.45,0.67,2,778,0
E02576,E01924,co-investor,0.72,16,2716656,0.24,0.76,0,745,0,4424213,0.45,0.67,2,778,0
E01596,E00741,co-investor,0.83,44,3837707,0.74,1.23,1,745,1,4265551,0.47,1.53,4,551,1
E01596,E00892,supplier,0.64,1,3837707,0.74,1.23,1,745,1,3359312,0.68,1.79,2,748,0
E00261,E00892,shared_director,0.52,5,3319779,0.56,0.97,4,605,0,3359312,0.68,1.79,2,748,0
E02171,E00892,shared_director,0.17,5,2970130,0.77,1.01,1,755,1,3359312,0.68,1.79,2,748,0
E01596,E00408,shared_director,0.45,38,3837707,0.74,1.23,1,745,1,6246619,0.11,0.74,2,507,0
E01288,E00408,co-investor,0.36,8,7426632,0.69,1.83,1,792,0,6246619,0.11,0.74,2,507,0
E00824,E00408,shared_director,0.71,32,5077183,0.35,1.88,0,812,0,6246619,0.11,0.74,2,507,0
E02533,E00260,supplier,0.73,5,3818365,0.54,0.85,0,518,0,6875676,0.71,1.62,1,644,0
E00354,E00260,parent_company,0.23,11,4541194,0.95,1.18,1,566,0,6875676,0.71,1.62,1,644,0
E02533,E02329,shared_director,0.96,2,3818365,0.54,0.85,0,518,0,2809198,0.57,0.9,2,717,0
E02707,E02329,co-investor,0.42,38,4407907,0.95,1.19,2,693,1,2809198,0.57,0.9,2,717,0
E01466,E02051,parent_company,0.41,46,8963383,0.79,1.97,1,849,0,1948140,0.34,1.82,2,521,0
E02305,E02051,shared_director,0.91,27,8067709,0.38,1.62,1,548,0,1948140,0.34,1.82,2,521,0
E02853,E02051,shared_director,0.17,43,4604461,0.34,1.15,4,642,0,1948140,0.34,1.82,2,521,0
E01235,E01999,co-investor,0.94,7,3583423,0.19,1.12,3,708,0,4582091,0.37,1.67,3,575,1
E02597,E01999,co-investor,0.19,35,6172665,0.18,0.51,1,833,0,4582091,0.37,1.67,3,575,1
E00727,E01999,co-investor,0.36,12,1395182,0.15,1.91,1,567,0,4582091,0.37,1.67,3,575,1
E01563,E00052,supplier,0.98,46,6277035,0.54,1.38,4,677,0,6256280,0.46,1.81,2,648,0
E01563,E01155,shared_director,0.2,29,6277035,0.54,1.38,4,677,0,1787245,0.76,1.65,3,610,0
E02187,E01155,co-investor,0.92,47,2668656,0.57,0.66,0,634,1,1787245,0.76,1.65,3,610,0
E00264,E01155,shared_director,0.97,17,6167600,0.11,0.61,1,665,0,1787245,0.76,1.65,3,610,0
E01879,E01155,supplier,0.45,32,8498448,0.4,0.71,3,572,0,1787245,0.76,1.65,3,610,0
E00901,E00559,shared_director,0.82,35,7333097,0.62,1.85,0,784,0,7179329,0.82,1.67,1,596,1
E02453,E00559,parent_company,0.9,44,5306203,0.79,1.33,1,537,0,7179329,0.82,1.67,1,596,1
E01592,E00559,co-investor,0.12,45,5314109,0.32,0.56,1,791,0,7179329,0.82,1.67,1,596,1
E02654,E02565,parent_company,0.61,17,2724625,0.78,1.38,0,655,0,4061717,0.32,0.99,1,533,0
E02654,E00148,parent_company,0.33,50,2724625,0.78,1.38,0,655,0,260557,0.95,0.51,3,518,1
E01883,E00148,supplier,0.26,43,6085408,0.14,1.03,1,724,0,260557,0.95,0.51,3,518,1
E00056,E00148,supplier,0.78,34,4478529,0.7,1.16,2,646,0,260557,0.95,0.51,3,518,1
E01591,E00148,co-investor,0.73,22,3566720,0.33,1.72,0,540,0,260557,0.95,0.51,3,518,1
E00580,E00505,supplier,0.1,39,3099303,0.54,1.63,1,724,0,4732840,0.4,1.65,0,752,0
E02020,E00505,shared_director,0.78,17,5621182,0.86,1.96,1,580,0,4732840,0.4,1.65,0,752,0
E01883,E00505,shared_director,0.99,27,6085408,0.14,1.03,1,724,0,4732840,0.4,1.65,0,752,0
E00580,E00981,shared_director,0.27,26,3099303,0.54,1.63,1,724,0,5494154,0.73,0.86,1,814,1
E02298,E00981,co-investor,0.89,48,4107514,0.84,0.71,2,818,0,5494154,0.73,0.86,1,814,1
E00580,E01875,co-investor,0.42,12,3099303,0.54,1.63,1,724,0,6586338,0.25,1.24,3,702,0
E00437,E01875,supplier,0.88,28,3995488,0.93,1.44,3,664,0,6586338,0.25,1.24,3,702,0
E01988,E01875,shared_director,0.2,47,7692356,0.63,1.2,2,799,0,6586338,0.25,1.24,3,702,0
E00625,E01875,co-investor,0.7,31,6048725,0.53,0.76,1,809,0,6586338,0.25,1.24,3,702,0
E00580,E01458,supplier,0.22,8,3099303,0.54,1.63,1,724,0,4023606,0.23,1.72,0,775,0
E01696,E01458,co-investor,0.56,27,5766200,0.22,1.49,3,638,0,4023606,0.23,1.72,0,775,0
E02045,E01458,shared_director,0.25,25,2155986,0.9,1.53,2,532,0,4023606,0.23,1.72,0,775,0
E02444,E01458,parent_company,0.12,23,1426108,0.39,0.93,0,523,1,4023606,0.23,1.72,0,775,0
E02311,E01458,shared_director,0.81,48,6390041,0.52,0.53,1,598,1,4023606,0.23,1.72,0,775,0
E02872,E01458,shared_director,0.66,47,2975453,0.53,0.57,0,818,0,4023606,0.23,1.72,0,775,0
E01615,E02201,supplier,0.37,48,5939143,0.17,0.97,1,603,0,4171757,0.82,1.81,3,634,0
E02279,E02201,supplier,0.45,20,5042560,0.88,0.76,1,550,0,4171757,0.82,1.81,3,634,0
E00704,E02201,supplier,0.98,7,7332605,0.76,1.67,0,734,1,4171757,0.82,1.81,3,634,0
E01615,E02816,parent_company,0.16,5,5939143,0.17,0.97,1,603,0,3820865,0.81,1.21,1,752,0
E00105,E02816,parent_company,0.53,37,6627727,0.31,0.68,0,623,0,3820865,0.81,1.21,1,752,0
E01615,E01856,supplier,0.56,27,5939143,0.17,0.97,1,603,0,6532934,0.64,1.58,0,602,0
E01046,E01856,parent_company,0.36,28,7736843,0.58,1.17,0,641,0,6532934,0.64,1.58,0,602,0
E01615,E02727,parent_company,0.53,7,5939143,0.17,0.97,1,603,0,3961685,0.92,0.58,3,666,1
E01953,E02727,co-investor,0.41,23,4054297,0.59,0.95,3,526,1,3961685,0.92,0.58,3,666,1
E01845,E02727,parent_company,0.18,22,5815753,0.27,1.28,2,728,0,3961685,0.92,0.58,3,666,1
E02396,E02727,co-investor,0.84,5,7057308,0.23,1.52,0,517,0,3961685,0.92,0.58,3,666,1
E00796,E00470,parent_company,0.7,37,5125370,0.19,0.65,1,800,0,4826310,0.36,1.56,1,645,0
E02030,E00470,shared_director,0.96,13,3625231,0.81,1.07,0,680,0,4826310,0.36,1.56,1,645,0
E02353,E00470,shared_director,0.79,10,3327786,0.27,1.42,2,680,0,4826310,0.36,1.56,1,645,0
E00796,E02481,co-investor,0.81,28,5125370,0.19,0.65,1,800,0,4548686,0.47,0.5,3,791,0
E01191,E01540,parent_company,0.61,5,5848468,0.29,0.65,1,545,0,4640751,0.81,1.39,2,777,1
E02361,E01540,supplier,0.43,1,2581931,0.8,0.82,1,671,0,4640751,0.81,1.39,2,777,1
E00533,E01540,parent_company,0.91,45,7010285,0.57,0.56,1,555,1,4640751,0.81,1.39,2,777,1
E01234,E01540,shared_director,0.94,48,3770454,0.28,1.15,2,625,0,4640751,0.81,1.39,2,777,1
E01358,E01540,parent_company,0.46,1,3549462,0.25,1.35,2,803,0,4640751,0.81,1.39,2,777,1
E01191,E02232,co-investor,0.23,1,5848468,0.29,0.65,1,545,0,3569903,0.64,1.46,1,566,0
E01772,E02232,co-investor,0.12,47,7293247,0.86,1.52,0,545,0,3569903,0.64,1.46,1,566,0
E02379,E01996,co-investor,0.42,43,5297820,0.17,1.68,2,627,0,4434306,0.48,1.37,3,833,0
E02042,E01996,co-investor,0.93,14,2802898,0.17,1.27,2,548,0,4434306,0.48,1.37,3,833,0
E02149,E01996,parent_company,0.77,36,4667061,0.81,1.01,3,821,0,4434306,0.48,1.37,3,833,0
E00793,E01302,shared_director,0.51,40,3719013,0.74,1.6,2,764,0,5818516,0.55,1.03,0,629,0
E00041,E01302,supplier,0.34,47,4819544,0.38,1.48,2,575,0,5818516,0.55,1.03,0,629,0
E00793,E02492,co-investor,0.2,30,3719013,0.74,1.6,2,764,0,7175479,0.86,0.54,2,501,0
E00096,E02492,co-investor,0.41,45,5059967,0.7,1.34,0,612,1,7175479,0.86,0.54,2,501,0
E02768,E02492,shared_director,0.44,16,4276822,0.33,0.84,0,761,0,7175479,0.86,0.54,2,501,0
E02701,E01253,parent_company,0.61,24,6490061,0.26,1.77,4,653,0,5116702,0.72,0.72,4,820,0
E01217,E01253,shared_director,0.49,7,3227559,0.92,0.9,1,566,0,5116702,0.72,0.72,4,820,0
E02701,E00599,shared_director,0.95,3,6490061,0.26,1.77,4,653,0,7794829,0.15,1.11,2,550,0
E02913,E00599,parent_company,0.81,35,5796898,0.3,1.79,2,588,1,7794829,0.15,1.11,2,550,0
E02701,E00853,co-investor,0.15,8,6490061,0.26,1.77,4,653,0,2922396,0.58,0.54,0,756,0
E02701,E01174,shared_director,0.59,33,6490061,0.26,1.77,4,653,0,10375068,0.73,1.13,3,787,0
E01148,E01174,supplier,0.2,7,4227046,0.62,1.79,2,810,0,10375068,0.73,1.13,3,787,0
E01098,E01174,co-investor,0.18,23,4178582,0.38,1.31,2,673,0,10375068,0.73,1.13,3,787,0
E02701,E01075,shared_director,0.22,23,6490061,0.26,1.77,4,653,0,2621977,0.75,0.96,2,518,1
E00331,E01075,shared_director,0.17,12,4737923,0.45,1.82,2,597,0,2621977,0.75,0.96,2,518,1
E01193,E01075,parent_company,0.53,33,7958157,0.78,0.74,1,669,1,2621977,0.75,0.96,2,518,1
E02249,E01075,supplier,0.18,39,3635218,0.2,1.37,0,698,0,2621977,0.75,0.96,2,518,1
E02346,E01075,supplier,0.99,8,1892832,0.24,0.76,1,681,0,2621977,0.75,0.96,2,518,1
E02502,E01075,parent_company,0.46,19,4048022,0.94,1.75,3,553,0,2621977,0.75,0.96,2,518,1
E02121,E01075,shared_director,0.53,41,2587999,0.13,0.55,3,786,0,2621977,0.75,0.96,2,518,1
E02701,E00527,co-investor,0.83,13,6490061,0.26,1.77,4,653,0,2846678,0.87,0.59,1,792,1
E00095,E00527,supplier,0.32,12,4821557,0.22,1.26,3,714,0,2846678,0.87,0.59,1,792,1
E00106,E00527,parent_company,0.58,19,3119172,0.46,0.84,7,539,1,2846678,0.87,0.59,1,792,1
E01296,E01755,parent_company,0.1,16,4075807,1.0,0.83,3,698,0,2995056,0.82,1.11,0,789,0
E01880,E01755,co-investor,0.26,39,2963500,0.94,0.88,1,713,0,2995056,0.82,1.11,0,789,0
E00964,E01755,shared_director,0.59,14,3853124,0.43,1.41,2,636,0,2995056,0.82,1.11,0,789,0
E01296,E00428,co-investor,0.11,37,4075807,1.0,0.83,3,698,0,3941403,0.96,1.24,1,694,0
E00809,E00428,parent_company,0.79,27,4097180,0.11,1.32,2,505,0,3941403,0.96,1.24,1,694,0
E00908,E02919,co-investor,0.17,14,3624125,0.32,1.68,3,559,0,100000,0.5,1.15,1,667,0
E02297,E02919,supplier,0.14,34,5650028,0.6,1.6,1,693,0,100000,0.5,1.15,1,667,0
E02807,E02919,co-investor,0.52,28,7758325,0.68,1.21,0,834,0,100000,0.5,1.15,1,667,0
E02469,E02919,supplier,0.16,7,5303755,0.46,0.65,3,638,0,100000,0.5,1.15,1,667,0
E00212,E02919,supplier,0.17,4,7087091,0.47,0.58,2,776,1,100000,0.5,1.15,1,667,0
E00908,E00003,parent_company,0.89,3,3624125,0.32,1.68,3,559,0,4025209,0.65,1.5,2,764,0
E00557,E00003,parent_company,0.13,15,5339387,0.57,0.83,0,581,0,4025209,0.65,1.5,2,764,0
E01413,E00003,parent_company,0.3,19,3003940,0.66,0.57,2,681,0,4025209,0.65,1.5,2,764,0
E00139,E00003,co-investor,0.77,34,4061704,0.38,1.84,1,679,0,4025209,0.65,1.5,2,764,0
E00194,E00003,parent_company,0.14,23,4884190,0.23,1.79,2,802,0,4025209,0.65,1.5,2,764,0
E00908,E02719,co-investor,0.11,32,3624125,0.32,1.68,3,559,0,3324581,0.25,1.67,0,833,0
E01378,E02719,co-investor,0.19,11,3505843,0.29,1.53,3,699,0,3324581,0.25,1.67,0,833,0
E01827,E02719,supplier,0.38,17,1789069,0.13,0.96,2,627,0,3324581,0.25,1.67,0,833,0
E00551,E00525,parent_company,0.71,15,3229673,0.7,1.64,0,840,0,5395131,0.39,0.59,2,601,1
E02821,E00525,co-investor,0.61,31,5651681,0.43,1.68,1,625,0,5395131,0.39,0.59,2,601,1
E00720,E02645,supplier,0.86,9,6059386,0.39,0.96,1,660,0,8803118,0.66,1.71,1,516,0
E01808,E02645,co-investor,0.57,20,1926952,0.8,1.6,2,665,0,8803118,0.66,1.71,1,516,0
E00314,E00617,parent_company,0.84,19,4197240,0.17,1.41,5,538,0,6605803,0.97,1.56,0,549,0
E00363,E00617,parent_company,0.27,37,5919858,0.27,1.37,1,766,0,6605803,0.97,1.56,0,549,0
E01750,E00617,co-investor,0.87,38,6544189,0.59,0.85,1,571,0,6605803,0.97,1.56,0,549,0
E00832,E00617,parent_company,0.38,5,4579259,0.15,1.42,1,587,1,6605803,0.97,1.56,0,549,0
E00151,E01648,shared_director,0.69,26,2131270,0.22,1.57,1,784,0,6915764,0.52,1.05,0,586,0
E00062,E01648,co-investor,0.11,14,4685572,0.51,1.4,3,702,0,6915764,0.52,1.05,0,586,0
E02848,E01648,shared_director,0.5,5,4728290,0.95,1.88,4,546,0,6915764,0.52,1.05,0,586,0
E00523,E01648,parent_company,0.74,8,4102158,0.29,0.92,2,693,0,6915764,0.52,1.05,0,586,0
E00930,E01648,parent_company,0.86,23,6153516,0.98,0.92,3,522,0,6915764,0.52,1.05,0,586,0
E02416,E01298,parent_company,0.16,45,4626393,0.87,0.94,1,661,0,2706670,0.34,1.8,0,827,0
E01233,E01298,co-investor,0.29,4,5289735,0.68,1.82,2,754,0,2706670,0.34,1.8,0,827,0
E00897,E01998,parent_company,0.16,24,1602301,0.88,1.16,0,651,0,6936012,0.64,1.92,0,735,0
E00009,E01998,supplier,0.2,27,4304946,0.56,1.85,0,838,0,6936012,0.64,1.92,0,735,0
E00747,E01998,supplier,0.39,33,1931402,0.43,0.95,0,509,0,6936012,0.64,1.92,0,735,0
E02095,E01998,shared_director,0.78,45,2291963,0.14,1.42,1,761,0,6936012,0.64,1.92,0,735,0
E00897,E02048,shared_director,0.23,19,1602301,0.88,1.16,0,651,0,3780864,0.27,1.88,1,671,0
E00996,E02048,supplier,0.27,1,4369470,0.65,0.84,1,768,1,3780864,0.27,1.88,1,671,0
E00897,E01005,parent_company,0.5,14,1602301,0.88,1.16,0,651,0,5758964,0.9,1.38,2,570,0
E00027,E01005,shared_director,0.41,33,5361061,0.12,1.41,0,505,1,5758964,0.9,1.38,2,570,0
E00363,E01005,shared_director,0.67,43,5919858,0.27,1.37,1,766,0,5758964,0.9,1.38,2,570,0
E01747,E01005,shared_director,0.92,26,5753148,0.9,0.61,1,758,0,5758964,0.9,1.38,2,570,0
E00198,E01005,parent_company,0.99,48,4573455,0.43,1.27,1,541,0,5758964,0.9,1.38,2,570,0
E02406,E01005,supplier,0.38,19,3297259,0.39,0.74,2,768,0,5758964,0.9,1.38,2,570,0
E00897,E02597,co-investor,0.44,2,1602301,0.88,1.16,0,651,0,6172665,0.18,0.51,1,833,0
E01583,E02597,shared_director,0.96,18,4598501,0.13,1.37,0,844,0,6172665,0.18,0.51,1,833,0
E02657,E02915,parent_company,0.75,8,7330064,0.66,1.25,0,682,0,2997875,0.97,1.35,1,638,0
E02931,E02915,co-investor,0.35,16,1757211,0.47,1.07,0,557,1,2997875,0.97,1.35,1,638,0
E02060,E02915,parent_company,0.88,49,4867224,0.63,0.51,2,644,0,2997875,0.97,1.35,1,638,0
E00713,E01543,shared_director,0.43,42,5101071,0.44,0.93,1,509,0,8342965,0.31,0.6,0,664,0
E00713,E01926,co-investor,0.31,17,5101071,0.44,0.93,1,509,0,1945560,0.79,1.81,0,513,0
E02227,E01926,parent_company,0.13,40,3215349,0.36,0.84,0,519,0,1945560,0.79,1.81,0,513,0
E02340,E01926,shared_director,0.49,38,5333323,0.56,1.45,2,801,0,1945560,0.79,1.81,0,513,0
E00315,E01926,co-investor,0.34,3,6076044,0.96,0.75,3,688,0,1945560,0.79,1.81,0,513,0
E00319,E02117,co-investor,0.44,15,5351091,0.87,1.4,2,729,0,2376634,0.38,1.2,1,644,0
E00738,E02117,shared_director,0.64,37,4874686,0.7,1.06,1,590,0,2376634,0.38,1.2,1,644,0
E01458,E02117,supplier,0.6,35,4023606,0.23,1.72,0,775,0,2376634,0.38,1.2,1,644,0
E02108,E02117,co-investor,0.66,43,3693816,0.58,1.13,3,832,0,2376634,0.38,1.2,1,644,0
E02084,E02117,shared_director,0.53,11,6383762,0.93,1.32,3,801,0,2376634,0.38,1.2,1,644,0
E01788,E02117,parent_company,0.55,10,1677513,0.84,0.54,0,694,0,2376634,0.38,1.2,1,644,0
E02605,E02117,co-investor,0.68,24,1559108,0.14,1.98,3,513,0,2376634,0.38,1.2,1,644,0
E00319,E00364,shared_director,0.14,26,5351091,0.87,1.4,2,729,0,6215028,0.23,1.32,1,780,0
E00410,E00364,parent_company,0.93,18,4110033,0.21,1.41,0,830,0,6215028,0.23,1.32,1,780,0
E01728,E00364,shared_director,0.74,48,3930533,0.82,0.75,2,799,0,6215028,0.23,1.32,1,780,0
E00319,E01925,shared_director,0.15,29,5351091,0.87,1.4,2,729,0,5211498,0.92,1.02,1,838,0
E00285,E01925,supplier,0.85,27,5480045,0.38,1.05,1,762,0,5211498,0.92,1.02,1,838,0
E02356,E01925,shared_director,0.31,42,8425335,0.64,1.54,0,624,0,5211498,0.92,1.02,1,838,0
E02247,E01925,shared_director,0.69,23,6039998,0.94,0.74,3,509,1,5211498,0.92,1.02,1,838,0
E02116,E02577,parent_company,0.79,33,7155302,0.94,1.02,1,570,0,4246599,0.26,1.41,0,697,0
E02578,E02577,co-investor,0.44,24,4587370,0.43,1.21,5,565,0,4246599,0.26,1.41,0,697,0
E02341,E02577,supplier,0.54,45,6132171,0.93,1.64,2,624,0,4246599,0.26,1.41,0,697,0
E01995,E01659,parent_company,0.37,8,8523377,0.45,1.32,0,668,0,4267536,0.59,0.71,0,675,0
E01752,E01659,supplier,0.65,25,8869411,0.78,1.34,1,719,0,4267536,0.59,0.71,0,675,0
E00421,E01659,parent_company,0.54,7,4604093,0.28,1.24,4,590,0,4267536,0.59,0.71,0,675,0
E01995,E02243,supplier,0.34,15,8523377,0.45,1.32,0,668,0,5232346,0.61,1.67,1,514,0
E01608,E02243,supplier,0.21,11,8124510,0.42,1.18,0,589,0,5232346,0.61,1.67,1,514,0
E01046,E02243,supplier,0.34,20,7736843,0.58,1.17,0,641,0,5232346,0.61,1.67,1,514,0
E01995,E02058,shared_director,0.88,3,8523377,0.45,1.32,0,668,0,7869469,0.4,1.85,1,526,0
E01249,E02058,shared_director,0.56,38,5413448,0.61,0.99,0,784,1,7869469,0.4,1.85,1,526,0
E01920,E02058,co-investor,0.35,28,8489278,0.87,1.63,3,601,0,7869469,0.4,1.85,1,526,0
E00158,E02058,co-investor,0.47,37,1492852,0.15,1.3,0,506,0,7869469,0.4,1.85,1,526,0
E01231,E02058,parent_company,0.28,49,6842495,0.23,0.81,1,787,0,7869469,0.4,1.85,1,526,0
E00161,E00528,parent_company,0.69,6,5190641,0.86,1.6,0,637,1,6336815,0.7,1.84,1,584,1
E02021,E00528,co-investor,0.82,36,8729250,0.82,1.57,2,727,0,6336815,0.7,1.84,1,584,1
E00577,E00528,parent_company,0.87,18,4622206,0.11,1.88,1,673,0,6336815,0.7,1.84,1,584,1
E00738,E01230,parent_company,0.89,43,4874686,0.7,1.06,1,590,0,8062647,0.82,1.31,4,533,0
E01380,E01230,supplier,0.95,36,3936886,0.67,1.12,1,534,0,8062647,0.82,1.31,4,533,0
E02415,E01230,co-investor,0.96,25,5821524,0.82,1.99,1,676,0,8062647,0.82,1.31,4,533,0
E02612,E00077,co-investor,0.95,14,2367459,0.34,1.34,1,791,0,10139853,0.87,0.69,1,701,0
E00899,E00959,co-investor,0.84,29,8362184,0.61,1.74,2,627,0,6800353,0.31,1.24,2,503,1
E00745,E01578,co-investor,0.39,28,5031373,0.7,1.7,0,608,0,3764726,0.95,1.45,2,743,1
E02067,E01578,supplier,0.34,21,6341481,0.96,0.77,0,763,0,3764726,0.95,1.45,2,743,1
E01918,E01578,parent_company,0.54,22,6487631,0.14,0.59,4,725,0,3764726,0.95,1.45,2,743,1
E00141,E01578,supplier,0.81,12,8241066,0.88,0.58,2,546,1,3764726,0.95,1.45,2,743,1
E00596,E01578,co-investor,0.83,45,5444565,0.62,1.7,3,603,0,3764726,0.95,1.45,2,743,1
E02070,E01578,supplier,0.99,13,6289256,0.27,1.24,2,796,0,3764726,0.95,1.45,2,743,1
E00542,E01669,parent_company,0.32,45,6139900,0.25,1.13,2,747,0,3095642,0.37,1.81,3,833,0
E01558,E01669,co-investor,0.73,15,4260828,0.56,0.52,0,793,0,3095642,0.37,1.81,3,833,0
E02062,E00917,shared_director,0.43,31,5983084,0.78,0.65,1,686,0,7231804,0.57,1.2,2,784,0
E02062,E02616,supplier,0.56,18,5983084,0.78,0.65,1,686,0,5650873,0.89,0.84,0,522,0
E02333,E02616,supplier,0.86,34,1701933,0.83,1.36,1,749,0,5650873,0.89,0.84,0,522,0
E00862,E02616,co-investor,0.3,50,2016127,0.58,0.61,1,743,0,5650873,0.89,0.84,0,522,0
E01194,E02616,parent_company,0.29,41,6222287,0.55,1.99,1,645,0,5650873,0.89,0.84,0,522,0
E02780,E02660,shared_director,0.57,24,7781464,0.68,1.68,2,807,0,6417437,0.97,1.57,2,546,0
E02923,E02660,parent_company,0.86,44,2639432,0.59,1.23,0,664,0,6417437,0.97,1.57,2,546,0
E00214,E02660,parent_company,0.73,17,5566064,0.81,1.18,1,824,0,6417437,0.97,1.57,2,546,0
E01877,E02660,supplier,0.36,7,5504120,0.85,1.26,1,795,0,6417437,0.97,1.57,2,546,0
E02780,E01368,supplier,0.77,45,7781464,0.68,1.68,2,807,0,4591090,0.51,1.16,2,546,1
E00086,E01368,parent_company,0.53,46,4490357,0.98,0.53,2,678,0,4591090,0.51,1.16,2,546,1
E00821,E01368,parent_company,0.71,17,6283374,0.97,1.39,2,516,0,4591090,0.51,1.16,2,546,1
E00742,E01368,parent_company,0.55,47,3586486,0.55,1.15,1,742,0,4591090,0.51,1.16,2,546,1
E01083,E01368,co-investor,0.9,12,5541949,0.22,0.93,4,551,0,4591090,0.51,1.16,2,546,1
E00178,E02858,shared_director,0.31,31,6065190,0.43,0.98,1,749,0,3530883,0.4,0.66,0,830,0
E01575,E02858,supplier,0.99,13,3940124,0.4,1.29,1,729,0,3530883,0.4,0.66,0,830,0
E00178,E00272,co-investor,0.7,49,6065190,0.43,0.98,1,749,0,3098632,0.58,1.02,2,501,0
E00003,E00272,parent_company,0.87,17,4025209,0.65,1.5,2,764,0,3098632,0.58,1.02,2,501,0
E01145,E00272,supplier,0.15,45,6777325,0.86,1.08,0,611,0,3098632,0.58,1.02,2,501,0
E00197,E00272,shared_director,0.58,40,5893279,0.98,1.54,2,661,1,3098632,0.58,1.02,2,501,0
E00178,E00157,co-investor,0.24,39,6065190,0.43,0.98,1,749,0,6147933,0.25,0.68,2,752,0
E01527,E00157,parent_company,0.65,47,4524609,0.18,1.35,3,578,0,6147933,0.25,0.68,2,752,0
E00311,E00157,supplier,0.95,24,7990267,0.27,0.81,0,741,0,6147933,0.25,0.68,2,752,0
E01674,E01056,parent_company,0.1,48,1666779,0.47,1.36,0,548,1,4144488,0.33,1.89,2,721,0
E02923,E01056,co-investor,0.14,23,2639432,0.59,1.23,0,664,0,4144488,0.33,1.89,2,721,0
E01674,E01078,parent_company,0.67,28,1666779,0.47,1.36,0,548,1,4466170,0.98,0.73,2,556,0
E02021,E01078,supplier,0.88,18,8729250,0.82,1.57,2,727,0,4466170,0.98,0.73,2,556,0
E00030,E02368,supplier,0.57,25,5093830,0.9,1.41,1,512,0,7502912,0.16,1.27,1,576,0
E02733,E02368,co-investor,0.4,6,4251639,0.97,1.75,3,780,0,7502912,0.16,1.27,1,576,0
E02624,E02368,supplier,0.23,32,4356587,0.82,1.71,0,517,0,7502912,0.16,1.27,1,576,0
E02214,E02368,parent_company,0.32,40,7108863,0.94,1.23,0,713,0,7502912,0.16,1.27,1,576,0
E00030,E02726,supplier,0.19,34,5093830,0.9,1.41,1,512,0,7732309,0.94,0.92,2,507,0
E02707,E02726,supplier,0.67,43,4407907,0.95,1.19,2,693,1,7732309,0.94,0.92,2,507,0
E01336,E02726,shared_director,0.22,34,7254716,0.43,1.28,1,837,0,7732309,0.94,0.92,2,507,0
E00598,E02726,supplier,0.64,20,3125543,0.13,0.85,4,588,1,7732309,0.94,0.92,2,507,0
E00505,E02726,parent_company,0.93,41,4732840,0.4,1.65,0,752,0,7732309,0.94,0.92,2,507,0
E02057,E02726,parent_company,0.96,46,3101151,0.5,1.71,4,546,0,7732309,0.94,0.92,2,507,0
E00634,E01746,co-investor,0.34,35,1629378,0.59,1.45,0,520,1,2975810,0.88,0.55,1,538,1
E00698,E01746,parent_company,0.45,50,5062533,0.4,0.92,1,520,0,2975810,0.88,0.55,1,538,1
E01735,E02313,co-investor,0.65,44,5386414,0.99,1.46,1,529,0,2655479,0.82,1.46,5,696,1
E02325,E02313,shared_director,0.24,39,3359646,0.94,0.66,1,648,1,2655479,0.82,1.46,5,696,1
E00890,E02313,parent_company,0.96,2,2787383,0.33,1.8,1,659,0,2655479,0.82,1.46,5,696,1
E00727,E02313,supplier,0.22,10,1395182,0.15,1.91,1,567,0,2655479,0.82,1.46,5,696,1
E01628,E00835,shared_director,0.6,36,5300810,0.15,1.36,1,583,0,1524540,0.24,0.78,3,802,0
E01185,E00835,shared_director,0.2,19,2971162,0.25,1.87,0,694,0,1524540,0.24,0.78,3,802,0
E02196,E00835,supplier,0.67,18,356087,0.59,1.08,1,812,0,1524540,0.24,0.78,3,802,0
E02899,E00835,supplier,0.99,3,3891889,0.12,0.86,3,531,1,1524540,0.24,0.78,3,802,0
E01628,E01750,parent_company,0.24,39,5300810,0.15,1.36,1,583,0,6544189,0.59,0.85,1,571,0
E02725,E01750,supplier,0.25,12,3395690,0.74,0.86,1,643,0,6544189,0.59,0.85,1,571,0
E00009,E01750,supplier,0.87,21,4304946,0.56,1.85,0,838,0,6544189,0.59,0.85,1,571,0
E02594,E01750,parent_company,0.61,12,5590854,0.69,0.77,2,746,0,6544189,0.59,0.85,1,571,0
E02309,E01750,parent_company,0.64,18,6010808,0.2,1.41,1,630,0,6544189,0.59,0.85,1,571,0
E00001,E01750,co-investor,0.94,49,6931844,0.82,0.96,3,644,1,6544189,0.59,0.85,1,571,0
E01628,E01477,parent_company,0.82,19,5300810,0.15,1.36,1,583,0,4123780,0.84,1.63,2,693,0
E02056,E01477,co-investor,0.41,18,6519092,0.23,1.42,3,642,0,4123780,0.84,1.63,2,693,0
E02892,E01477,co-investor,0.27,45,4303413,0.72,1.56,2,778,0,4123780,0.84,1.63,2,693,0
E01669,E01477,co-investor,0.7,21,3095642,0.37,1.81,3,833,0,4123780,0.84,1.63,2,693,0
E01977,E02406,shared_director,0.73,24,4630830,0.79,0.95,3,835,0,3297259,0.39,0.74,2,768,0
E02269,E02406,parent_company,0.22,31,4910513,0.24,1.33,0,633,0,3297259,0.39,0.74,2,768,0
E00116,E02406,shared_director,0.24,25,3367389,0.96,1.39,0,709,0,3297259,0.39,0.74,2,768,0
E00566,E02701,supplier,0.77,29,4960129,0.6,0.91,2,807,0,6490061,0.26,1.77,4,653,0
E00757,E02701,co-investor,0.4,30,7415618,0.53,1.99,2,808,0,6490061,0.26,1.77,4,653,0
E00903,E02701,parent_company,0.42,2,5362233,0.43,1.2,1,719,0,6490061,0.26,1.77,4,653,0
E00798,E02701,co-investor,0.91,36,8444257,0.35,1.02,1,607,0,6490061,0.26,1.77,4,653,0
E00123,E02701,co-investor,0.45,23,1493061,0.39,1.56,1,759,0,6490061,0.26,1.77,4,653,0
E02865,E00663,supplier,0.29,26,4024013,0.95,0.51,0,742,0,4479002,0.37,1.83,2,763,0
E02823,E00663,shared_director,0.86,40,7282928,0.99,0.53,1,668,0,4479002,0.37,1.83,2,763,0
E02865,E01019,co-investor,0.51,44,4024013,0.95,0.51,0,742,0,3705518,0.93,1.53,5,727,0
E01952,E01019,supplier,0.97,23,3387864,0.64,1.81,0,717,0,3705518,0.93,1.53,5,727,0
E00076,E01019,parent_company,0.26,35,5310073,0.22,0.69,3,577,0,3705518,0.93,1.53,5,727,0
E01156,E01019,parent_company,0.8,4,6558468,0.66,1.83,0,784,0,3705518,0.93,1.53,5,727,0
E00043,E01019,parent_company,0.87,31,10077382,0.63,1.0,1,731,0,3705518,0.93,1.53,5,727,0
E00038,E01019,parent_company,0.87,17,8773656,0.34,1.06,1,582,1,3705518,0.93,1.53,5,727,0
E00212,E01019,co-investor,0.77,23,7087091,0.47,0.58,2,776,1,3705518,0.93,1.53,5,727,0
E02865,E00759,parent_company,0.6,7,4024013,0.95,0.51,0,742,0,6757287,0.97,0.72,2,623,0
E01387,E02561,supplier,0.15,42,5842759,0.54,1.02,2,712,0,6046790,0.54,0.94,2,516,0
E01387,E00597,parent_company,0.86,5,5842759,0.54,1.02,2,712,0,5320952,0.21,1.12,1,528,0
E01387,E00370,co-investor,0.71,28,5842759,0.54,1.02,2,712,0,4900466,0.16,1.91,0,554,0
E02904,E00370,parent_company,0.99,1,5564005,0.25,1.57,0,550,0,4900466,0.16,1.91,0,554,0
E00236,E01494,parent_company,0.3,17,6365246,0.77,1.67,2,534,0,5730250,0.61,1.29,2,534,0
E00109,E01494,shared_director,0.37,27,8292794,0.81,1.55,1,641,1,5730250,0.61,1.29,2,534,0
E02106,E01494,co-investor,0.91,36,8194745,0.93,1.04,3,544,0,5730250,0.61,1.29,2,534,0
E00236,E00590,shared_director,0.75,8,6365246,0.77,1.67,2,534,0,1826376,0.85,1.21,4,538,0
E00445,E00590,shared_director,0.3,42,1876386,0.61,0.55,1,633,0,1826376,0.85,1.21,4,538,0
E02788,E00590,parent_company,0.27,42,2701256,0.61,1.86,1,636,0,1826376,0.85,1.21,4,538,0
E01095,E00590,parent_company,0.79,13,6091634,0.52,1.14,0,708,0,1826376,0.85,1.21,4,538,0
E02691,E00353,co-investor,0.27,6,3415403,0.79,1.42,0,701,1,5148412,0.45,1.28,0,673,0
E00470,E00353,co-investor,0.67,41,4826310,0.36,1.56,1,645,0,5148412,0.45,1.28,0,673,0
E00309,E00353,supplier,0.46,28,6506608,0.16,1.45,2,549,0,5148412,0.45,1.28,0,673,0
E02691,E01201,co-investor,0.49,50,3415403,0.79,1.42,0,701,1,4559610,0.63,1.79,1,820,0
E02626,E01201,shared_director,0.48,46,4454610,0.72,1.86,0,623,0,4559610,0.63,1.79,1,820,0
E00327,E01201,supplier,0.44,18,4039736,0.28,1.14,0,726,0,4559610,0.63,1.79,1,820,0
E02864,E01201,parent_company,0.83,10,6192794,0.99,1.28,2,588,0,4559610,0.63,1.79,1,820,0
E01236,E01201,parent_company,0.27,10,5685630,0.25,0.55,3,633,0,4559610,0.63,1.79,1,820,0
E00148,E01474,parent_company,0.69,11,260557,0.95,0.51,3,518,1,7116969,0.92,1.05,0,639,0
E01583,E01474,parent_company,0.58,29,4598501,0.13,1.37,0,844,0,7116969,0.92,1.05,0,639,0
E00148,E00856,parent_company,0.62,1,260557,0.95,0.51,3,518,1,5060623,0.5,1.81,3,783,0
E01546,E00856,supplier,0.45,13,4917661,0.21,0.91,5,678,0,5060623,0.5,1.81,3,783,0
E00356,E01131,shared_director,0.42,26,4314048,0.79,1.82,2,552,1,1590242,0.78,1.39,1,802,0
E02434,E01131,shared_director,0.57,7,3739427,0.46,1.77,0,782,0,1590242,0.78,1.39,1,802,0
E02217,E01131,supplier,0.66,26,4016877,0.91,0.7,1,528,1,1590242,0.78,1.39,1,802,0
E02291,E00926,co-investor,0.67,13,3370810,0.38,0.91,0,584,1,4729514,0.54,1.78,2,675,0
E01876,E00926,supplier,0.96,44,4966928,0.55,1.77,2,736,0,4729514,0.54,1.78,2,675,0
E00927,E02484,parent_company,0.51,26,5960119,0.39,1.32,0,732,0,3615695,0.77,0.99,1,822,0
E00624,E02484,co-investor,0.27,3,2524358,0.51,0.69,2,620,0,3615695,0.77,0.99,1,822,0
E02313,E02484,supplier,0.18,1,2655479,0.82,1.46,5,696,1,3615695,0.77,0.99,1,822,0
E02355,E00020,co-investor,0.26,33,5458628,0.5,1.09,1,516,1,5561928,0.18,1.34,3,536,0
E01565,E00020,co-investor,0.18,26,4474042,0.54,0.81,0,566,1,5561928,0.18,1.34,3,536,0
E00052,E00020,co-investor,0.45,2,6256280,0.46,1.81,2,648,0,5561928,0.18,1.34,3,536,0
E00010,E00020,supplier,0.77,18,6658277,0.36,0.82,6,767,0,5561928,0.18,1.34,3,536,0
E00437,E02289,supplier,0.55,22,3995488,0.93,1.44,3,664,0,5498357,0.53,1.25,1,733,0
E01578,E02289,co-investor,0.2,36,3764726,0.95,1.45,2,743,1,5498357,0.53,1.25,1,733,0
E00480,E02103,co-investor,0.89,37,7467373,0.57,0.7,1,818,0,7236915,0.35,1.92,3,813,0
E00975,E02103,co-investor,0.22,32,3947843,0.87,1.9,2,846,1,7236915,0.35,1.92,3,813,0
E01992,E02103,shared_director,0.31,4,2058182,0.28,1.29,1,590,0,7236915,0.35,1.92,3,813,0
E00912,E02103,shared_director,0.64,50,6912880,0.41,1.19,0,613,0,7236915,0.35,1.92,3,813,0
E01551,E02103,shared_director,0.25,36,3675738,0.24,1.58,0,806,0,7236915,0.35,1.92,3,813,0
E01116,E02103,supplier,0.55,4,6555062,0.5,1.71,0,551,0,7236915,0.35,1.92,3,813,0
E01468,E02103,co-investor,0.1,7,2343807,0.46,0.51,1,646,0,7236915,0.35,1.92,3,813,0
E01025,E01414,shared_director,0.53,10,7323867,0.79,0.67,3,567,0,3473137,0.5,1.36,0,599,0
E01898,E01414,supplier,0.58,50,7011070,0.18,0.77,1,577,0,3473137,0.5,1.36,0,599,0
E00785,E01414,supplier,0.14,17,1801727,0.4,1.64,1,538,0,3473137,0.5,1.36,0,599,0
E01025,E00938,shared_director,0.53,27,7323867,0.79,0.67,3,567,0,1125275,0.65,1.28,0,695,0
E02133,E00938,co-investor,0.67,6,2793634,0.25,1.38,3,563,0,1125275,0.65,1.28,0,695,0
E01025,E01579,supplier,1.0,9,7323867,0.79,0.67,3,567,0,9375299,0.37,1.01,4,550,1
E02138,E01579,shared_director,0.97,22,6530552,0.47,1.07,0,836,0,9375299,0.37,1.01,4,550,1
E00360,E01579,co-investor,0.42,21,4539887,0.8,1.01,2,749,0,9375299,0.37,1.01,4,550,1
E01025,E01332,supplier,0.18,25,7323867,0.79,0.67,3,567,0,9668327,0.26,0.81,3,679,0
E01455,E01332,shared_director,0.8,29,4454049,0.11,1.16,0,656,0,9668327,0.26,0.81,3,679,0
E00941,E01332,parent_company,0.34,15,2178351,0.16,1.68,0,667,0,9668327,0.26,0.81,3,679,0
E01981,E00997,co-investor,0.97,30,5992329,0.97,1.3,2,624,0,4146485,0.92,0.52,1,778,1
E01174,E00997,parent_company,0.4,39,10375068,0.73,1.13,3,787,0,4146485,0.92,0.52,1,778,1
E00701,E00997,shared_director,0.4,47,4230316,0.94,1.9,0,760,1,4146485,0.92,0.52,1,778,1
E02028,E00997,parent_company,0.4,37,2983889,0.3,1.79,2,738,0,4146485,0.92,0.52,1,778,1
E02792,E01888,supplier,0.53,17,5634293,0.29,1.31,1,646,0,5659958,0.64,1.33,1,556,0
E00816,E01888,supplier,0.57,14,7622317,0.9,0.54,0,704,0,5659958,0.64,1.33,1,556,0
E01154,E01888,parent_company,0.9,43,4407465,0.12,0.9,2,597,1,5659958,0.64,1.33,1,556,0
E00277,E00185,supplier,0.87,11,100000,0.41,1.03,2,759,0,7129137,0.97,0.77,2,764,0
E00485,E00185,parent_company,0.79,30,6694158,0.29,1.12,0,773,0,7129137,0.97,0.77,2,764,0
E00272,E00185,supplier,0.36,26,3098632,0.58,1.02,2,501,0,7129137,0.97,0.77,2,764,0
E01460,E00185,supplier,0.14,20,3672559,0.81,1.59,2,507,0,7129137,0.97,0.77,2,764,0
E00277,E00065,co-investor,0.23,32,100000,0.41,1.03,2,759,0,2965615,0.71,1.1,0,674,0
E01329,E00065,co-investor,0.78,50,4656274,0.5,1.78,0,779,0,2965615,0.71,1.1,0,674,0
E02298,E00065,shared_director,0.25,3,4107514,0.84,0.71,2,818,0,2965615,0.71,1.1,0,674,0
E00623,E00065,co-investor,0.96,16,9445391,0.67,0.71,1,722,1,2965615,0.71,1.1,0,674,0
E01294,E01690,co-investor,0.56,1,7544974,0.34,0.97,0,577,0,2729078,0.2,1.4,1,693,0
E01090,E01690,co-investor,0.71,21,7611939,0.84,1.93,1,595,1,2729078,0.2,1.4,1,693,0
E01294,E02724,shared_director,0.31,16,7544974,0.34,0.97,0,577,0,7573006,0.61,1.83,3,580,0
E02251,E02724,parent_company,0.5,5,4278704,0.88,0.6,0,762,0,7573006,0.61,1.83,3,580,0
E01743,E02724,shared_director,0.39,33,3007216,0.86,0.93,3,752,0,7573006,0.61,1.83,3,580,0
E01952,E01286,co-investor,0.3,37,3387864,0.64,1.81,0,717,0,4677311,0.84,1.5,0,520,1
E00272,E01286,supplier,0.49,28,3098632,0.58,1.02,2,501,0,4677311,0.84,1.5,0,520,1
E01400,E01286,supplier,0.17,27,3903120,0.54,1.48,0,702,0,4677311,0.84,1.5,0,520,1
E02112,E01286,co-investor,0.77,50,4679257,0.57,0.55,3,667,0,4677311,0.84,1.5,0,520,1
E01952,E01100,shared_director,0.18,28,3387864,0.64,1.81,0,717,0,940652,0.16,1.17,1,608,0
E00224,E01100,shared_director,0.76,22,5627723,0.64,0.61,1,831,0,940652,0.16,1.17,1,608,0
E02793,E01100,parent_company,0.49,39,4908277,0.55,0.64,1,507,1,940652,0.16,1.17,1,608,0
E02193,E01100,parent_company,0.81,48,1228466,0.11,0.79,1,530,1,940652,0.16,1.17,1,608,0
E01535,E01100,co-investor,0.26,34,6340439,0.22,1.28,4,541,0,940652,0.16,1.17,1,608,0
E01189,E01100,parent_company,0.37,36,4486824,0.54,1.93,1,829,0,940652,0.16,1.17,1,608,0
E01103,E02270,supplier,0.32,36,1963102,0.53,1.45,1,591,0,2572116,0.25,0.85,1,618,0
E02615,E02270,supplier,0.71,19,7145773,0.32,0.71,3,611,0,2572116,0.25,0.85,1,618,0
E01498,E02270,supplier,0.32,34,4164072,0.11,0.74,2,531,0,2572116,0.25,0.85,1,618,0
E00247,E02270,shared_director,0.9,17,6110753,0.66,1.29,4,637,0,2572116,0.25,0.85,1,618,0
E00962,E02655,co-investor,0.63,45,2804275,0.73,1.39,2,789,0,7425216,0.3,1.34,2,552,0
E01929,E02655,shared_director,0.16,2,4707826,0.52,1.68,0,640,0,7425216,0.3,1.34,2,552,0
E02918,E02655,supplier,0.88,33,2662517,0.48,1.86,1,848,0,7425216,0.3,1.34,2,552,0
E00962,E02825,shared_director,0.83,42,2804275,0.73,1.39,2,789,0,7538345,0.69,0.88,0,504,0
E02027,E02825,co-investor,0.19,14,3739375,0.24,0.78,4,713,0,7538345,0.69,0.88,0,504,0
E02139,E02825,parent_company,0.53,49,1521868,0.22,1.01,2,840,0,7538345,0.69,0.88,0,504,0
E02878,E02825,parent_company,0.94,9,4353124,0.71,0.89,1,780,0,7538345,0.69,0.88,0,504,0
E00962,E01893,supplier,0.37,3,2804275,0.73,1.39,2,789,0,710394,0.67,1.59,1,724,0
E01162,E01893,parent_company,0.41,12,5428901,0.21,1.27,1,727,0,710394,0.67,1.59,1,724,0
E00336,E01893,supplier,0.93,49,4187014,0.38,1.09,0,610,0,710394,0.67,1.59,1,724,0
E00622,E01893,shared_director,0.29,45,3435964,0.36,1.81,0,576,1,710394,0.67,1.59,1,724,0
E01291,E01893,supplier,0.95,12,7220604,0.2,1.54,0,600,0,710394,0.67,1.59,1,724,0
E01169,E01893,co-investor,0.91,41,5695060,0.2,1.31,1,849,0,710394,0.67,1.59,1,724,0
E00492,E00322,shared_director,0.65,49,5759452,0.6,0.67,0,604,0,4190668,0.79,0.95,1,607,0
E02308,E00322,shared_director,0.33,16,2590613,0.15,1.62,5,524,0,4190668,0.79,0.95,1,607,0
E00492,E01743,supplier,0.64,15,5759452,0.6,0.67,0,604,0,3007216,0.86,0.93,3,752,0
E01292,E01743,parent_company,0.27,12,2633187,0.12,1.83,2,618,0,3007216,0.86,0.93,3,752,0
E00526,E00222,shared_director,0.53,35,5898456,0.6,1.4,0,823,0,100000,0.56,0.98,3,505,0
E01567,E00222,co-investor,0.57,21,5660130,0.85,1.21,5,656,0,100000,0.56,0.98,3,505,0
E02210,E00222,parent_company,0.82,45,2062153,0.44,1.9,3,644,0,100000,0.56,0.98,3,505,0
E00875,E00222,parent_company,0.88,49,4499063,0.43,0.89,1,622,0,100000,0.56,0.98,3,505,0
E00526,E01555,parent_company,0.16,38,5898456,0.6,1.4,0,823,0,5786538,0.56,1.47,2,746,0
E02208,E01555,parent_company,0.84,31,4850511,0.61,0.93,2,593,0,5786538,0.56,1.47,2,746,0
E00134,E00064,supplier,0.24,24,5201634,0.4,1.6,1,811,0,1310189,0.7,0.66,2,669,0
E00439,E00064,co-investor,0.32,39,7182092,0.41,1.96,2,672,0,1310189,0.7,0.66,2,669,0
E01881,E00064,parent_company,0.59,36,3601523,0.92,1.6,3,510,0,1310189,0.7,0.66,2,669,0
E00134,E00552,shared_director,0.41,37,5201634,0.4,1.6,1,811,0,8105123,0.66,1.6,1,544,0
E02574,E00552,supplier,0.19,4,3608277,0.13,1.06,3,636,0,8105123,0.66,1.6,1,544,0
E00404,E00552,co-investor,0.46,47,3536245,0.23,0.8,3,626,0,8105123,0.66,1.6,1,544,0
E00939,E00552,shared_director,0.54,18,2493303,0.18,1.65,2,632,0,8105123,0.66,1.6,1,544,0
E00716,E00059,supplier,0.18,16,5395157,0.88,1.47,1,761,0,4986693,0.12,1.52,0,608,0
E01230,E00059,co-investor,0.25,37,8062647,0.82,1.31,4,533,0,4986693,0.12,1.52,0,608,0
E01297,E00059,parent_company,0.91,10,4908059,0.29,1.08,2,689,0,4986693,0.12,1.52,0,608,0
E00821,E00059,shared_director,0.17,42,6283374,0.97,1.39,2,516,0,4986693,0.12,1.52,0,608,0
E02106,E00059,parent_company,0.95,45,8194745,0.93,1.04,3,544,0,4986693,0.12,1.52,0,608,0
E02386,E00059,parent_company,0.97,44,5901311,0.79,0.88,1,678,0,4986693,0.12,1.52,0,608,0
E01555,E02380,supplier,0.39,40,5786538,0.56,1.47,2,746,0,3641118,0.66,1.61,2,515,0
E01257,E02380,co-investor,0.88,2,10356219,0.72,1.41,2,747,1,3641118,0.66,1.61,2,515,0
E01035,E02380,parent_company,0.91,42,5166694,0.17,1.85,3,617,0,3641118,0.66,1.61,2,515,0
E01064,E00767,co-investor,0.31,31,2673621,0.2,1.72,0,569,0,5217691,0.89,0.81,3,558,0
E01399,E00767,parent_company,0.27,48,4617904,0.63,0.95,0,637,1,5217691,0.89,0.81,3,558,0
E02370,E00767,supplier,0.84,23,6619778,0.96,1.89,1,830,0,5217691,0.89,0.81,3,558,0
E01064,E00177,supplier,0.14,20,2673621,0.2,1.72,0,569,0,5999475,0.73,1.86,0,606,0
E02745,E00177,supplier,0.68,19,4823911,0.88,0.71,1,561,1,5999475,0.73,1.86,0,606,0
E02653,E00177,parent_company,0.65,37,6305292,0.75,1.97,2,810,0,5999475,0.73,1.86,0,606,0
E02185,E00177,co-investor,0.73,29,5472835,0.33,0.87,2,572,0,5999475,0.73,1.86,0,606,0
E01064,E01632,shared_director,0.12,29,2673621,0.2,1.72,0,569,0,3815466,0.82,0.83,0,846,1
E01170,E01632,parent_company,0.63,20,7327017,0.83,1.29,2,748,1,3815466,0.82,0.83,0,846,1
E01064,E00837,supplier,0.18,25,2673621,0.2,1.72,0,569,0,6158885,0.56,0.53,0,845,0
E02512,E01406,co-investor,0.27,28,3960049,0.42,1.81,0,636,0,4561112,0.96,1.58,2,631,0
E02146,E01406,shared_director,0.28,23,6598357,0.18,0.59,1,682,0,4561112,0.96,1.58,2,631,0
E02328,E01406,co-investor,0.98,2,2690610,0.53,0.83,4,600,0,4561112,0.96,1.58,2,631,0
E02512,E01388,shared_director,0.15,2,3960049,0.42,1.81,0,636,0,3812319,0.28,1.48,1,593,0
E01811,E01388,supplier,0.76,3,8328634,0.8,0.65,2,527,1,3812319,0.28,1.48,1,593,0
E02293,E01388,parent_company,0.9,47,7442471,0.89,1.58,1,672,0,3812319,0.28,1.48,1,593,0
E01606,E01388,shared_director,0.23,34,2593734,0.28,1.05,3,519,0,3812319,0.28,1.48,1,593,0
E02512,E01308,shared_director,0.3,32,3960049,0.42,1.81,0,636,0,5457964,0.37,1.08,0,689,0
E00859,E01308,parent_company,0.17,4,6625378,1.0,1.77,1,527,0,5457964,0.37,1.08,0,689,0
E00953,E01308,shared_director,0.82,23,2777173,0.28,1.14,0,838,0,5457964,0.37,1.08,0,689,0
E02512,E01665,co-investor,0.81,5,3960049,0.42,1.81,0,636,0,4042865,0.75,0.61,0,760,1
E02640,E01665,supplier,0.35,6,4520985,0.7,1.52,3,627,0,4042865,0.75,0.61,0,760,1
E00863,E01484,parent_company,0.99,35,5988886,0.47,1.27,0,737,0,4581094,0.14,1.6,1,798,0
E01888,E01484,co-investor,0.28,46,5659958,0.64,1.33,1,556,0,4581094,0.14,1.6,1,798,0
E02810,E01366,co-investor,0.46,37,6688566,0.35,1.66,4,673,0,7983839,0.12,0.71,1,571,1
E01820,E01366,shared_director,0.38,40,5994970,0.7,1.23,0,744,1,7983839,0.12,0.71,1,571,1
E01849,E01366,shared_director,0.91,17,7834040,0.68,1.0,0,601,0,7983839,0.12,0.71,1,571,1
E02810,E01457,shared_director,0.13,16,6688566,0.35,1.66,4,673,0,6457369,0.84,0.98,0,583,1
E01658,E01457,parent_company,0.5,11,2947560,0.62,0.99,3,725,0,6457369,0.84,0.98,0,583,1
E00655,E01457,parent_company,0.84,27,7062125,0.91,0.71,1,848,0,6457369,0.84,0.98,0,583,1
E02275,E01771,shared_director,0.28,48,3801267,0.31,0.82,2,636,0,7774514,0.98,1.94,2,578,0
E00505,E01771,parent_company,0.67,12,4732840,0.4,1.65,0,752,0,7774514,0.98,1.94,2,578,0
E01716,E01771,co-investor,0.1,22,6353196,0.46,1.94,2,702,0,7774514,0.98,1.94,2,578,0
E01607,E01771,parent_company,0.26,33,4987296,0.89,1.75,1,788,0,7774514,0.98,1.94,2,578,0
E01855,E01771,shared_director,0.32,18,5307663,0.98,1.91,2,660,0,7774514,0.98,1.94,2,578,0
E00743,E01771,co-investor,0.3,12,5604899,0.11,0.79,0,718,0,7774514,0.98,1.94,2,578,0
E02275,E01101,supplier,0.29,25,3801267,0.31,0.82,2,636,0,6527182,0.98,1.67,2,546,1
E01329,E01101,parent_company,0.62,49,4656274,0.5,1.78,0,779,0,6527182,0.98,1.67,2,546,1
E02457,E01101,supplier,0.51,18,5707095,0.12,1.9,0,575,0,6527182,0.98,1.67,2,546,1
E00613,E01156,parent_company,0.19,19,4449353,0.2,1.96,0,583,0,6558468,0.66,1.83,0,784,0
E02653,E01156,supplier,0.38,12,6305292,0.75,1.97,2,810,0,6558468,0.66,1.83,0,784,0
E01076,E01156,supplier,0.12,48,4489496,0.85,0.92,1,817,1,6558468,0.66,1.83,0,784,0
E00613,E00592,supplier,0.44,25,4449353,0.2,1.96,0,583,0,4681552,0.28,1.18,3,658,0
E00486,E00592,parent_company,0.82,13,7445001,0.1,1.31,2,693,0,4681552,0.28,1.18,3,658,0
E01317,E00592,parent_company,0.84,1,8145629,0.47,0.58,2,791,1,4681552,0.28,1.18,3,658,0
E00613,E00373,supplier,0.7,48,4449353,0.2,1.96,0,583,0,2283457,0.67,0.9,2,845,0
E00068,E00373,shared_director,0.75,11,4670928,0.75,1.79,2,501,0,2283457,0.67,0.9,2,845,0
E00470,E00373,co-investor,0.86,15,4826310,0.36,1.56,1,645,0,2283457,0.67,0.9,2,845,0
E01028,E01972,shared_director,0.75,12,5189987,0.85,1.92,0,713,0,7860311,0.83,1.23,2,533,0
E00670,E00246,parent_company,0.83,31,5162553,0.39,0.62,2,508,0,3802151,0.44,1.82,0,500,0
E00275,E00246,co-investor,0.27,38,6389522,0.19,1.63,1,693,0,3802151,0.44,1.82,0,500,0
E02321,E00246,supplier,0.2,40,2823361,0.82,0.96,2,524,0,3802151,0.44,1.82,0,500,0
E02560,E00246,parent_company,0.22,5,2724385,0.94,0.99,2,763,0,3802151,0.44,1.82,0,500,0
E00670,E02892,shared_director,0.49,32,5162553,0.39,0.62,2,508,0,4303413,0.72,1.56,2,778,0
E00934,E02892,parent_company,0.5,28,5523325,0.99,1.72,2,768,1,4303413,0.72,1.56,2,778,0
E00670,E02464,co-investor,0.77,24,5162553,0.39,0.62,2,508,0,5701885,0.59,1.58,1,732,0
E00701,E02464,co-investor,0.63,16,4230316,0.94,1.9,0,760,1,5701885,0.59,1.58,1,732,0
E00094,E02464,shared_director,0.6,13,3454665,0.45,1.05,1,599,0,5701885,0.59,1.58,1,732,0
E01668,E02464,co-investor,0.54,12,6481181,0.24,1.27,1,638,0,5701885,0.59,1.58,1,732,0
E01216,E02464,shared_director,0.56,19,4611336,0.69,0.91,1,666,0,5701885,0.59,1.58,1,732,0
E01479,E01476,co-investor,0.41,27,5815850,0.28,1.44,0,795,0,4430633,0.94,1.67,3,595,1
E02704,E01476,supplier,0.12,42,1523776,0.22,1.99,3,652,0,4430633,0.94,1.67,3,595,1
E02372,E01476,supplier,0.18,20,6718627,0.58,1.12,3,747,0,4430633,0.94,1.67,3,595,1
E01576,E01476,shared_director,0.24,43,5449251,0.2,1.59,0,517,0,4430633,0.94,1.67,3,595,1
E00377,E01476,co-investor,0.4,27,1817190,0.83,0.97,0,663,1,4430633,0.94,1.67,3,595,1
E02673,E01476,shared_director,0.82,11,5198276,0.15,0.75,1,736,0,4430633,0.94,1.67,3,595,1
E01479,E00179,supplier,0.75,12,5815850,0.28,1.44,0,795,0,2824438,0.89,1.51,2,835,0
E02158,E00179,co-investor,0.25,19,4030742,0.18,1.92,3,815,0,2824438,0.89,1.51,2,835,0
E02659,E01960,parent_company,0.78,49,1059999,0.19,1.42,2,512,0,3470016,0.49,1.87,1,517,1
E02351,E01960,parent_company,0.55,46,3995449,0.18,1.99,0,762,0,3470016,0.49,1.87,1,517,1
E01858,E01960,supplier,0.46,32,5569737,0.11,1.77,1,773,0,3470016,0.49,1.87,1,517,1
E00322,E00921,co-investor,0.66,19,4190668,0.79,0.95,1,607,0,100000,0.15,0.55,0,699,0
E00687,E00977,parent_company,0.77,42,2858811,0.92,1.5,2,720,1,5203288,0.42,1.31,1,580,0
E02170,E00977,co-investor,0.99,33,7103790,0.41,1.25,4,612,0,5203288,0.42,1.31,1,580,0
E01663,E00977,supplier,0.23,2,7531259,0.13,1.42,1,793,0,5203288,0.42,1.31,1,580,0
E02342,E02328,supplier,0.21,8,6398027,0.91,1.98,1,811,0,2690610,0.53,0.83,4,600,0
E02342,E00287,parent_company,0.63,23,6398027,0.91,1.98,1,811,0,6865993,0.31,1.17,3,612,0
E00935,E02172,supplier,0.8,29,7294818,0.32,0.7,1,533,0,3477627,0.9,0.86,1,665,0
E00482,E02172,supplier,0.66,49,2216007,0.33,1.09,2,710,0,3477627,0.9,0.86,1,665,0
E02855,E02172,shared_director,0.51,37,3544655,0.52,1.06,3,811,0,3477627,0.9,0.86,1,665,0
E00935,E01528,supplier,0.73,16,7294818,0.32,0.7,1,533,0,5384469,0.48,1.01,5,560,1
E02372,E01528,shared_director,0.64,29,6718627,0.58,1.12,3,747,0,5384469,0.48,1.01,5,560,1
E00606,E01528,shared_director,0.59,11,5767943,0.48,0.87,0,844,0,5384469,0.48,1.01,5,560,1
E00999,E01528,parent_company,0.14,50,6265923,0.78,0.96,1,553,1,5384469,0.48,1.01,5,560,1
E00530,E01528,co-investor,0.61,32,8262251,0.96,1.5,1,672,0,5384469,0.48,1.01,5,560,1
E01096,E02480,shared_director,0.34,29,3320238,0.94,0.74,1,587,1,1470808,0.15,1.77,2,823,0
E01096,E01060,shared_director,0.62,48,3320238,0.94,0.74,1,587,1,3968565,0.95,0.64,4,687,0
E02427,E01060,parent_company,0.85,20,4730398,0.47,1.36,2,759,0,3968565,0.95,0.64,4,687,0
E02319,E01060,parent_company,0.71,1,6982517,0.15,1.53,2,818,0,3968565,0.95,0.64,4,687,0
E02095,E01060,co-investor,0.48,31,2291963,0.14,1.42,1,761,0,3968565,0.95,0.64,4,687,0
E00794,E01060,supplier,0.8,39,5336790,0.99,1.81,2,604,0,3968565,0.95,0.64,4,687,0
E01488,E02405,shared_director,0.47,12,4359816,0.68,0.63,1,682,0,4863444,0.1,1.84,1,560,0
E01488,E02218,supplier,0.6,47,4359816,0.68,0.63,1,682,0,5689890,0.19,1.06,0,801,0
E02380,E02218,parent_company,0.88,20,3641118,0.66,1.61,2,515,0,5689890,0.19,1.06,0,801,0
E02255,E02218,shared_director,0.9,30,7708038,0.17,0.54,2,623,0,5689890,0.19,1.06,0,801,0
E00787,E02218,parent_company,0.98,21,4823314,0.41,1.34,1,614,0,5689890,0.19,1.06,0,801,0
E00095,E00513,parent_company,0.7,48,4821557,0.22,1.26,3,714,0,5553138,0.18,1.21,0,609,0
E02522,E00513,co-investor,0.86,25,4851262,0.55,1.27,3,621,0,5553138,0.18,1.21,0,609,0
E00095,E02122,parent_company,0.29,24,4821557,0.22,1.26,3,714,0,5746986,0.19,1.21,1,662,0
E02081,E02122,supplier,0.4,32,1375922,0.89,1.41,1,750,0,5746986,0.19,1.21,1,662,0
E01680,E02122,supplier,0.66,11,3501937,0.15,0.72,1,608,1,5746986,0.19,1.21,1,662,0
E02769,E02122,co-investor,0.55,18,2764500,0.27,1.89,1,505,0,5746986,0.19,1.21,1,662,0
E00095,E02286,shared_director,0.24,41,4821557,0.22,1.26,3,714,0,4562691,0.99,0.89,1,682,0
E01278,E02286,shared_director,0.62,36,6559133,0.67,0.89,1,574,0,4562691,0.99,0.89,1,682,0
E00677,E02286,shared_director,0.81,33,5145993,0.79,0.57,3,777,1,4562691,0.99,0.89,1,682,0
E01377,E02286,parent_company,0.24,45,4180078,0.63,1.99,0,627,0,4562691,0.99,0.89,1,682,0
E00095,E02695,parent_company,0.96,7,4821557,0.22,1.26,3,714,0,8464098,0.44,0.87,2,525,0
E02767,E02695,parent_company,0.12,26,3333252,0.5,1.83,2,562,0,8464098,0.44,0.87,2,525,0
E01627,E01051,parent_company,0.49,15,5495023,0.7,0.97,1,840,0,2561770,0.85,1.48,2,831,0
E01627,E00172,co-investor,0.27,39,5495023,0.7,0.97,1,840,0,4330295,0.85,2.0,1,664,0
E02688,E00172,parent_company,0.78,39,1734794,0.31,0.64,0,680,0,4330295,0.85,2.0,1,664,0
E02081,E00172,supplier,0.34,13,1375922,0.89,1.41,1,750,0,4330295,0.85,2.0,1,664,0
E01164,E01816,parent_company,0.22,11,3701337,0.71,1.77,1,605,0,4488317,0.57,1.55,0,658,0
E02764,E01816,co-investor,0.89,8,3915435,0.15,1.45,1,664,0,4488317,0.57,1.55,0,658,0
E00118,E00144,co-investor,0.87,21,1493785,0.41,0.75,3,758,0,6020592,0.4,1.05,0,717,0
E01552,E00144,parent_company,0.74,29,3804383,0.73,1.47,0,742,0,6020592,0.4,1.05,0,717,0
E02894,E00144,parent_company,0.35,18,6191288,0.19,1.33,1,573,0,6020592,0.4,1.05,0,717,0
E02858,E00115,supplier,0.82,20,3530883,0.4,0.66,0,830,0,2516997,0.26,0.59,0,784,0
E02187,E00115,co-investor,0.36,1,2668656,0.57,0.66,0,634,1,2516997,0.26,0.59,0,784,0
E00397,E00115,shared_director,0.49,2,6049777,0.72,1.59,2,671,0,2516997,0.26,0.59,0,784,0
E00367,E01810,co-investor,0.43,17,7498403,0.9,1.48,0,685,0,5553586,0.54,0.53,2,791,0
E02785,E01810,supplier,0.45,31,3458525,0.19,1.0,1,593,0,5553586,0.54,0.53,2,791,0
E00367,E00777,supplier,0.69,11,7498403,0.9,1.48,0,685,0,394606,0.37,1.07,3,703,0
E02163,E00777,supplier,0.24,9,3680795,0.48,1.69,0,606,0,394606,0.37,1.07,3,703,0
E00638,E01244,supplier,0.1,49,3455391,0.6,1.95,1,805,0,4663383,0.67,1.92,3,849,0
E00398,E01244,co-investor,0.14,40,8563250,0.38,1.18,0,711,0,4663383,0.67,1.92,3,849,0
E00649,E01244,co-investor,0.3,32,3826871,0.21,0.87,3,759,0,4663383,0.67,1.92,3,849,0
E00559,E01409,co-investor,0.52,1,7179329,0.82,1.67,1,596,1,4641579,0.59,0.56,2,520,0
E01982,E01409,parent_company,0.67,37,5088535,0.74,0.8,0,650,1,4641579,0.59,0.56,2,520,0
E00559,E01623,parent_company,0.19,42,7179329,0.82,1.67,1,596,1,3484015,0.73,1.28,4,800,1
E02177,E01623,parent_company,0.26,35,4241191,0.22,0.57,1,695,0,3484015,0.73,1.28,4,800,1
E00021,E01623,parent_company,0.99,23,2883229,0.66,0.88,0,560,0,3484015,0.73,1.28,4,800,1
E00210,E01623,shared_director,0.17,49,1140630,0.7,0.99,3,640,0,3484015,0.73,1.28,4,800,1
E02386,E01623,shared_director,0.59,33,5901311,0.79,0.88,1,678,0,3484015,0.73,1.28,4,800,1
E00559,E00840,parent_company,0.62,38,7179329,0.82,1.67,1,596,1,4337087,0.18,1.49,2,638,0
E01851,E00840,co-investor,0.85,26,5308673,0.84,1.31,2,549,0,4337087,0.18,1.49,2,638,0
E02162,E00840,co-investor,0.5,47,4644612,0.32,1.03,1,755,0,4337087,0.18,1.49,2,638,0
E01890,E00840,parent_company,0.25,47,2765851,0.13,1.71,2,779,0,4337087,0.18,1.49,2,638,0
E02818,E02015,shared_director,0.37,50,6614889,0.97,0.9,1,654,0,5712005,0.92,0.66,2,828,0
E02697,E02015,supplier,0.69,4,7071449,0.64,1.58,1,565,0,5712005,0.92,0.66,2,828,0
E02649,E02015,shared_director,0.1,19,7364468,0.22,0.91,3,736,0,5712005,0.92,0.66,2,828,0
E00073,E02015,co-investor,0.2,37,3434912,0.91,1.5,1,708,1,5712005,0.92,0.66,2,828,0
E01617,E00114,parent_company,0.7,24,4692347,0.95,0.89,6,776,1,8529373,0.86,0.79,1,575,0
E02395,E00114,co-investor,0.21,9,1268909,0.42,1.63,1,618,0,8529373,0.86,0.79,1,575,0
E00549,E00114,co-investor,0.62,11,2443954,0.63,0.73,1,665,0,8529373,0.86,0.79,1,575,0
E01048,E00114,shared_director,0.91,25,6073487,0.2,1.81,1,692,0,8529373,0.86,0.79,1,575,0
E02179,E00035,supplier,0.9,10,6762366,0.83,1.66,2,563,1,5500487,0.92,1.05,1,804,0
E02856,E00035,supplier,0.52,13,5018930,0.74,1.89,1,565,0,5500487,0.92,1.05,1,804,0
E00953,E00035,supplier,0.66,8,2777173,0.28,1.14,0,838,0,5500487,0.92,1.05,1,804,0
E01778,E00035,co-investor,0.14,47,3943926,0.42,1.9,2,625,0,5500487,0.92,1.05,1,804,0
E00748,E00354,parent_company,0.39,41,6824870,0.98,1.46,0,701,0,4541194,0.95,1.18,1,566,0
E00748,E02806,shared_director,0.49,45,6824870,0.98,1.46,0,701,0,5945326,0.43,1.79,2,643,0
E01271,E02806,parent_company,0.42,7,6056136,0.26,1.38,1,516,1,5945326,0.43,1.79,2,643,0
E02531,E01770,shared_director,0.45,43,7420487,0.81,1.64,3,746,0,4693031,0.24,1.61,3,767,0
E01206,E01770,shared_director,0.61,33,3661179,0.99,0.55,4,758,0,4693031,0.24,1.61,3,767,0
E02531,E01749,shared_director,0.87,28,7420487,0.81,1.64,3,746,0,3701216,0.19,0.8,2,770,0
E01793,E01749,parent_company,0.8,40,6896892,0.61,0.69,3,640,0,3701216,0.19,0.8,2,770,0
E00770,E01757,shared_director,0.29,29,4938122,0.6,1.52,2,799,0,7499561,0.18,1.51,0,730,0
E01821,E01757,co-investor,0.8,35,4229233,0.34,1.18,3,797,0,7499561,0.18,1.51,0,730,0
E00399,E01757,co-investor,0.69,13,3247362,0.15,1.79,2,648,0,7499561,0.18,1.51,0,730,0
E00770,E02111,parent_company,0.49,18,4938122,0.6,1.52,2,799,0,6116583,0.83,1.66,2,828,1
E01123,E02111,shared_director,0.5,25,6447221,0.85,0.64,0,638,0,6116583,0.83,1.66,2,828,1
E00091,E00762,supplier,0.35,9,4276218,0.79,0.86,3,668,1,4651372,0.88,1.28,2,817,0
E02064,E00762,supplier,0.63,1,5133831,0.43,1.25,3,620,0,4651372,0.88,1.28,2,817,0
E01141,E00762,parent_company,0.47,11,4129555,0.27,1.85,0,693,0,4651372,0.88,1.28,2,817,0
E01144,E00762,supplier,0.72,23,5633958,0.63,1.09,2,738,0,4651372,0.88,1.28,2,817,0
E02930,E01796,supplier,0.31,10,3751802,0.45,1.68,2,799,0,5791871,0.97,1.3,1,838,0
E00506,E01796,shared_director,0.49,33,7171732,0.83,1.4,0,632,0,5791871,0.97,1.3,1,838,0
E00430,E01796,supplier,0.95,30,7258648,0.64,1.12,0,828,0,5791871,0.97,1.3,1,838,0
E02930,E02442,supplier,0.89,4,3751802,0.45,1.68,2,799,0,4422409,0.95,1.87,1,701,0
E02889,E02442,shared_director,0.71,8,3205016,0.26,1.3,2,805,0,4422409,0.95,1.87,1,701,0
E02930,E00051,parent_company,0.23,47,3751802,0.45,1.68,2,799,0,4540240,0.35,0.52,1,569,0
E02288,E00051,shared_director,0.95,9,4397005,0.42,1.22,1,663,0,4540240,0.35,0.52,1,569,0
E00804,E00051,shared_director,0.13,12,7597622,0.52,0.8,1,672,0,4540240,0.35,0.52,1,569,0
E00421,E00051,supplier,0.63,13,4604093,0.28,1.24,4,590,0,4540240,0.35,0.52,1,569,0
E01747,E00051,shared_director,0.86,16,5753148,0.9,0.61,1,758,0,4540240,0.35,0.52,1,569,0
E02414,E00051,co-investor,0.36,48,527341,0.31,1.79,2,514,0,4540240,0.35,0.52,1,569,0
E00596,E00051,co-investor,0.32,2,5444565,0.62,1.7,3,603,0,4540240,0.35,0.52,1,569,0
E01777,E00051,co-investor,0.21,17,4411470,0.67,1.21,2,613,0,4540240,0.35,0.52,1,569,0
E02930,E00380,supplier,0.93,9,3751802,0.45,1.68,2,799,0,6991504,0.28,1.58,2,796,0
E00061,E02022,parent_company,0.41,20,6608878,0.9,1.94,2,750,1,7219859,0.56,0.98,2,845,1
E00890,E02022,shared_director,0.99,36,2787383,0.33,1.8,1,659,0,7219859,0.56,0.98,2,845,1
E02756,E02022,supplier,0.17,30,6919913,0.25,1.08,1,728,0,7219859,0.56,0.98,2,845,1
E01199,E02022,shared_director,0.6,45,4120822,0.24,1.41,2,762,0,7219859,0.56,0.98,2,845,1
E00061,E01399,parent_company,0.37,14,6608878,0.9,1.94,2,750,1,4617904,0.63,0.95,0,637,1
E01447,E01399,shared_director,0.18,13,5670477,0.35,0.51,0,526,0,4617904,0.63,0.95,0,637,1
E02042,E01020,parent_company,0.44,49,2802898,0.17,1.27,2,548,0,4882236,0.88,1.35,2,800,0
E02482,E01020,co-investor,0.36,29,4828783,0.59,0.75,1,834,1,4882236,0.88,1.35,2,800,0
E01244,E01020,supplier,0.55,41,4663383,0.67,1.92,3,849,0,4882236,0.88,1.35,2,800,0
E01939,E01020,co-investor,0.98,15,7171853,0.95,1.26,1,625,0,4882236,0.88,1.35,2,800,0
E02632,E01020,parent_company,0.58,1,5154289,0.47,1.29,0,616,0,4882236,0.88,1.35,2,800,0
E00798,E01020,parent_company,0.85,2,8444257,0.35,1.02,1,607,0,4882236,0.88,1.35,2,800,0
E01608,E00293,shared_director,0.26,17,8124510,0.42,1.18,0,589,0,7017041,0.44,1.98,2,589,0
E02107,E00293,shared_director,0.78,16,4867713,0.62,1.77,1,802,0,7017041,0.44,1.98,2,589,0
E01431,E00293,co-investor,0.27,44,9374977,0.68,0.6,0,720,0,7017041,0.44,1.98,2,589,0
E02492,E00293,shared_director,0.67,45,7175479,0.86,0.54,2,501,0,7017041,0.44,1.98,2,589,0
E00816,E01089,supplier,0.98,41,7622317,0.9,0.54,0,704,0,4669201,0.43,0.88,0,512,0
E00487,E01089,parent_company,0.45,19,7429018,0.14,0.57,0,751,0,4669201,0.43,0.88,0,512,0
E02727,E01089,supplier,1.0,46,3961685,0.92,0.58,3,666,1,4669201,0.43,0.88,0,512,0
E01937,E02300,supplier,0.64,9,7683401,0.63,0.79,0,682,1,2763451,0.46,1.73,2,658,0
E01441,E02300,shared_director,0.3,12,2688749,0.99,1.35,2,795,0,2763451,0.46,1.73,2,658,0
E01937,E01607,co-investor,0.89,24,7683401,0.63,0.79,0,682,1,4987296,0.89,1.75,1,788,0
E00937,E01607,co-investor,0.53,33,7397282,0.74,1.18,0,569,1,4987296,0.89,1.75,1,788,0
E02578,E01041,shared_director,0.88,12,4587370,0.43,1.21,5,565,0,7618945,0.82,1.28,1,674,0
E00896,E01041,co-investor,0.42,28,5677441,0.61,0.81,2,723,0,7618945,0.82,1.28,1,674,0
E02578,E01621,co-investor,0.16,40,4587370,0.43,1.21,5,565,0,3407658,0.59,1.36,2,834,0
E00398,E01621,parent_company,0.29,8,8563250,0.38,1.18,0,711,0,3407658,0.59,1.36,2,834,0
E01327,E01621,parent_company,0.39,49,6922843,0.55,0.76,2,676,0,3407658,0.59,1.36,2,834,0
E01224,E00042,parent_company,0.69,41,3694206,0.27,0.8,1,756,0,6562146,0.6,1.42,0,603,0
E01224,E01959,supplier,0.93,29,3694206,0.27,0.8,1,756,0,4908599,1.0,1.81,1,604,1
E02351,E01959,supplier,0.29,9,3995449,0.18,1.99,0,762,0,4908599,1.0,1.81,1,604,1
E02849,E01959,supplier,0.54,38,5572389,0.46,1.22,2,652,0,4908599,1.0,1.81,1,604,1
E00062,E00686,co-investor,0.63,26,4685572,0.51,1.4,3,702,0,6164791,0.58,1.96,3,594,0
E00107,E00686,co-investor,0.81,31,5469304,0.34,1.25,2,640,0,6164791,0.58,1.96,3,594,0
E00882,E00686,shared_director,0.54,2,2198984,0.54,1.13,0,595,0,6164791,0.58,1.96,3,594,0
E02061,E00686,parent_company,0.8,7,4334725,0.11,0.78,0,574,0,6164791,0.58,1.96,3,594,0
E00810,E00686,parent_company,0.11,36,4127893,0.79,1.55,2,783,0,6164791,0.58,1.96,3,594,0
E00062,E00444,shared_director,0.63,26,4685572,0.51,1.4,3,702,0,3196798,0.92,1.76,3,732,0
E01501,E00444,shared_director,0.46,44,7150351,0.55,0.75,0,545,1,3196798,0.92,1.76,3,732,0
E00125,E00444,co-investor,0.73,30,6943645,0.89,1.11,1,683,0,3196798,0.92,1.76,3,732,0
E01465,E00444,shared_director,0.27,9,4868904,0.43,1.75,4,642,0,3196798,0.92,1.76,3,732,0
E00062,E01505,parent_company,0.49,36,4685572,0.51,1.4,3,702,0,5384585,0.79,0.84,1,795,0
E02467,E01505,parent_company,0.16,6,4402806,0.96,1.58,0,693,0,5384585,0.79,0.84,1,795,0
E02450,E01505,shared_director,0.84,35,4300770,0.71,0.59,0,843,0,5384585,0.79,0.84,1,795,0
E00062,E02903,co-investor,0.56,19,4685572,0.51,1.4,3,702,0,5679447,0.16,1.81,2,700,0
E02454,E02903,co-investor,0.51,21,7036314,0.22,1.13,1,610,0,5679447,0.16,1.81,2,700,0
E00996,E02273,supplier,0.47,33,4369470,0.65,0.84,1,768,1,7343324,0.92,1.71,1,586,1
E02108,E02273,supplier,0.93,28,3693816,0.58,1.13,3,832,0,7343324,0.92,1.71,1,586,1
E00996,E02910,co-investor,0.38,23,4369470,0.65,0.84,1,768,1,7208141,0.62,0.88,0,743,0
E02244,E02910,shared_director,0.28,37,3310203,0.95,1.18,1,690,0,7208141,0.62,0.88,0,743,0
E01947,E02820,parent_company,0.43,6,5503673,0.58,1.81,3,543,0,2101160,0.37,0.74,1,838,1
E01371,E02820,parent_company,1.0,26,9666488,0.48,1.26,1,812,0,2101160,0.37,0.74,1,838,1
E01345,E02820,supplier,0.12,35,4276473,0.47,0.89,0,724,0,2101160,0.37,0.74,1,838,1
E00631,E01697,shared_director,0.98,22,1926104,0.54,0.85,5,691,0,5960609,0.23,1.84,2,645,0
E02361,E01697,shared_director,0.95,45,2581931,0.8,0.82,1,671,0,5960609,0.23,1.84,2,645,0
E01297,E01697,parent_company,0.34,29,4908059,0.29,1.08,2,689,0,5960609,0.23,1.84,2,645,0
E01602,E01697,parent_company,0.16,24,6661704,0.28,2.0,0,834,0,5960609,0.23,1.84,2,645,0
E00458,E01697,shared_director,0.55,1,3628779,0.46,0.66,4,631,0,5960609,0.23,1.84,2,645,0
E02335,E01697,co-investor,0.4,20,9151275,0.29,0.72,0,834,0,5960609,0.23,1.84,2,645,0
E01298,E01809,parent_company,0.48,26,2706670,0.34,1.8,0,827,0,4570179,0.5,1.05,1,730,0
E00436,E01809,co-investor,0.19,5,6128554,0.77,0.51,0,798,0,4570179,0.5,1.05,1,730,0
E00168,E01809,co-investor,0.99,36,6974244,0.56,0.68,1,700,0,4570179,0.5,1.05,1,730,0
E02296,E01809,shared_director,0.73,17,3770099,0.87,1.57,1,628,1,4570179,0.5,1.05,1,730,0
E01027,E00533,shared_director,0.82,50,2107743,0.68,1.16,3,702,0,7010285,0.57,0.56,1,555,1
E00289,E00533,parent_company,0.11,32,5811235,0.27,1.93,0,503,1,7010285,0.57,0.56,1,555,1
E00626,E00533,co-investor,0.99,40,3530179,0.78,1.94,0,826,0,7010285,0.57,0.56,1,555,1
E00572,E00533,co-investor,0.81,4,6450302,0.76,1.86,0,751,1,7010285,0.57,0.56,1,555,1
E01208,E00284,parent_company,0.35,8,5013736,0.37,0.93,2,790,0,5925097,0.1,0.55,2,586,0
E01139,E00284,parent_company,0.34,38,4556278,0.62,1.31,4,790,0,5925097,0.1,0.55,2,586,0
E00875,E00284,shared_director,0.19,8,4499063,0.43,0.89,1,622,0,5925097,0.1,0.55,2,586,0
E02263,E00284,co-investor,0.6,7,3687608,0.5,1.75,4,698,0,5925097,0.1,0.55,2,586,0
E02227,E01425,co-investor,0.76,18,3215349,0.36,0.84,0,519,0,1694162,0.7,1.21,3,525,0
E00187,E01425,shared_director,0.93,26,6633397,0.67,1.1,1,715,0,1694162,0.7,1.21,3,525,0
E01595,E01425,co-investor,0.58,19,6097416,0.29,1.81,0,606,0,1694162,0.7,1.21,3,525,0
E01365,E01425,parent_company,0.19,45,5829397,0.11,0.59,1,654,0,1694162,0.7,1.21,3,525,0
E02453,E01009,co-investor,0.89,28,5306203,0.79,1.33,1,537,0,2467318,0.15,0.87,1,602,0
E01986,E01009,co-investor,0.22,24,3673391,0.58,1.63,3,579,0,2467318,0.15,0.87,1,602,0
E01207,E01009,shared_director,0.93,38,4590129,0.36,1.11,0,592,0,2467318,0.15,0.87,1,602,0
E02453,E00736,supplier,0.66,35,5306203,0.79,1.33,1,537,0,5834380,0.24,1.13,2,506,0
E01896,E00736,parent_company,0.86,3,4066393,0.35,1.42,1,765,0,5834380,0.24,1.13,2,506,0
E02136,E00736,shared_director,0.91,39,6077596,0.6,1.54,0,823,0,5834380,0.24,1.13,2,506,0
E01338,E00736,co-investor,0.32,34,2448335,1.0,0.75,2,528,0,5834380,0.24,1.13,2,506,0
E02453,E01252,supplier,0.22,22,5306203,0.79,1.33,1,537,0,6273192,0.25,1.3,1,688,0
E02733,E01252,shared_director,0.91,36,4251639,0.97,1.75,3,780,0,6273192,0.25,1.3,1,688,0
E01043,E01252,co-investor,0.36,30,1338463,0.19,0.52,3,788,0,6273192,0.25,1.3,1,688,0
E02453,E02041,shared_director,0.27,10,5306203,0.79,1.33,1,537,0,6853211,0.11,1.86,2,762,0
E00280,E02041,supplier,0.97,25,5686270,0.31,1.33,0,712,0,6853211,0.11,1.86,2,762,0
E02781,E02041,supplier,0.2,13,5247834,0.12,0.75,3,833,0,6853211,0.11,1.86,2,762,0
E02386,E02041,co-investor,0.51,11,5901311,0.79,0.88,1,678,0,6853211,0.11,1.86,2,762,0
E00003,E02251,co-investor,0.97,37,4025209,0.65,1.5,2,764,0,4278704,0.88,0.6,0,762,0
E00847,E02251,shared_director,0.32,21,6675125,0.11,1.38,1,552,1,4278704,0.88,0.6,0,762,0
E02697,E02866,supplier,0.76,19,7071449,0.64,1.58,1,565,0,6641933,0.28,0.97,2,849,0
E00752,E02866,co-investor,0.81,21,4582079,0.75,0.56,1,746,0,6641933,0.28,0.97,2,849,0
E02794,E02866,shared_director,0.47,32,3337458,0.59,1.52,3,750,0,6641933,0.28,0.97,2,849,0
E02608,E02866,supplier,0.95,39,3468279,0.11,1.49,1,781,0,6641933,0.28,0.97,2,849,0
E02699,E01580,supplier,0.9,42,4999761,0.54,1.73,1,666,0,1211053,0.25,0.95,1,758,0
E02508,E01580,shared_director,0.75,20,3985457,0.13,0.96,1,515,1,1211053,0.25,0.95,1,758,0
E02020,E01580,supplier,0.69,28,5621182,0.86,1.96,1,580,0,1211053,0.25,0.95,1,758,0
E02556,E01931,parent_company,0.18,9,3269857,0.28,0.97,2,807,0,3526027,0.34,0.74,2,530,1
E01462,E01931,parent_company,0.58,32,6889943,0.14,0.97,1,702,0,3526027,0.34,0.74,2,530,1
E02482,E02155,co-investor,0.26,33,4828783,0.59,0.75,1,834,1,7384993,0.91,1.32,0,737,0
E00505,E02155,co-investor,0.2,19,4732840,0.4,1.65,0,752,0,7384993,0.91,1.32,0,737,0
E00249,E01479,shared_director,0.84,46,4008061,0.2,1.37,2,653,0,5815850,0.28,1.44,0,795,0
E00049,E01479,parent_company,0.17,34,6704492,0.57,1.25,1,577,0,5815850,0.28,1.44,0,795,0
E00249,E01730,supplier,0.88,29,4008061,0.2,1.37,2,653,0,7888840,0.27,1.9,1,835,0
E00890,E01730,supplier,0.57,26,2787383,0.33,1.8,1,659,0,7888840,0.27,1.9,1,835,0
E02898,E01730,co-investor,0.96,49,7155803,0.68,0.8,2,582,1,7888840,0.27,1.9,1,835,0
E00239,E02104,shared_director,0.3,4,9619445,0.16,0.92,2,646,1,6098631,0.21,0.62,3,584,0
E02542,E02104,parent_company,0.8,13,3685030,0.5,1.62,0,570,0,6098631,0.21,0.62,3,584,0
E02703,E02104,supplier,0.52,17,4080902,0.59,1.52,1,705,0,6098631,0.21,0.62,3,584,0
E01358,E02104,shared_director,0.44,23,3549462,0.25,1.35,2,803,0,6098631,0.21,0.62,3,584,0
E00289,E01245,supplier,0.95,34,5811235,0.27,1.93,0,503,1,7452810,0.34,0.7,1,518,0
E00854,E01245,shared_director,0.66,31,6005800,0.11,1.0,3,744,0,7452810,0.34,0.7,1,518,0
E02398,E01245,shared_director,0.6,30,5866777,0.51,1.24,0,653,0,7452810,0.34,0.7,1,518,0
E02646,E01245,co-investor,0.95,15,5489638,0.7,1.45,2,524,0,7452810,0.34,0.7,1,518,0
E00398,E00415,parent_company,0.58,13,8563250,0.38,1.18,0,711,0,5786526,0.29,1.16,1,584,0
E02613,E00415,shared_director,0.56,47,3383563,0.16,0.65,3,645,0,5786526,0.29,1.16,1,584,0
E00792,E02472,parent_company,1.0,22,6598998,0.51,0.94,0,676,0,7329229,0.37,1.75,3,800,0
E00344,E02472,shared_director,0.32,16,2706082,0.44,1.26,3,669,0,7329229,0.37,1.75,3,800,0
E00792,E01132,parent_company,0.43,50,6598998,0.51,0.94,0,676,0,446017,0.14,1.66,3,822,0
E01824,E01132,supplier,0.97,2,4718144,0.75,0.56,1,811,0,446017,0.14,1.66,3,822,0
E01808,E01132,shared_director,0.49,38,1926952,0.8,1.6,2,665,0,446017,0.14,1.66,3,822,0
E02392,E01132,co-investor,0.85,26,4532169,0.95,1.05,1,635,0,446017,0.14,1.66,3,822,0
E00278,E01132,parent_company,0.73,45,3259553,0.11,0.57,1,556,0,446017,0.14,1.66,3,822,0
E00939,E01132,shared_director,0.44,4,2493303,0.18,1.65,2,632,0,446017,0.14,1.66,3,822,0
E02288,E02651,parent_company,0.92,30,4397005,0.42,1.22,1,663,0,4768692,0.34,1.16,3,790,0
E02702,E02651,parent_company,0.73,5,7878891,0.83,1.4,2,842,0,4768692,0.34,1.16,3,790,0
E01374,E02651,co-investor,0.92,2,4517171,0.76,1.65,2,718,0,4768692,0.34,1.16,3,790,0
E02725,E01405,shared_director,0.6,26,3395690,0.74,0.86,1,643,0,4073462,0.4,1.12,2,618,0
E00136,E01405,supplier,0.97,39,6103727,0.68,0.67,1,844,0,4073462,0.4,1.12,2,618,0
E01945,E01405,parent_company,0.55,1,6097757,0.2,0.79,2,607,0,4073462,0.4,1.12,2,618,0
E00052,E01405,co-investor,0.39,29,6256280,0.46,1.81,2,648,0,4073462,0.4,1.12,2,618,0
E02725,E01287,parent_company,0.31,10,3395690,0.74,0.86,1,643,0,2174663,0.31,1.14,3,683,0
E02037,E01287,co-investor,0.55,8,7311770,0.86,1.23,1,786,0,2174663,0.31,1.14,3,683,0
E01820,E01287,supplier,0.94,30,5994970,0.7,1.23,0,744,1,2174663,0.31,1.14,3,683,0
E02725,E02152,shared_director,0.8,46,3395690,0.74,0.86,1,643,0,6992017,0.34,0.58,1,659,0
E01945,E02152,co-investor,0.16,38,6097757,0.2,0.79,2,607,0,6992017,0.34,0.58,1,659,0
E02452,E02152,parent_company,0.24,1,4415489,0.61,1.58,1,647,0,6992017,0.34,0.58,1,659,0
E02253,E01645,co-investor,0.69,35,5592369,1.0,0.99,2,618,1,6098461,0.94,1.63,0,668,0
E00576,E01645,supplier,0.75,38,5784169,0.93,0.64,1,515,0,6098461,0.94,1.63,0,668,0
E00446,E01645,shared_director,0.36,13,9003474,0.79,1.91,3,623,0,6098461,0.94,1.63,0,668,0
E00843,E01645,supplier,0.93,34,2318893,0.95,1.54,2,743,1,6098461,0.94,1.63,0,668,0
E01330,E01523,shared_director,0.79,28,2783670,0.74,0.85,2,799,0,7107224,0.78,1.37,2,730,0
E00936,E01523,shared_director,0.14,10,4391552,0.71,0.85,2,665,1,7107224,0.78,1.37,2,730,0
E01330,E01977,parent_company,0.54,45,2783670,0.74,0.85,2,799,0,4630830,0.79,0.95,3,835,0
E01352,E01977,co-investor,0.7,35,5781045,0.89,1.66,0,680,0,4630830,0.79,0.95,3,835,0
E00195,E01977,co-investor,0.48,49,6636969,0.11,1.35,0,597,0,4630830,0.79,0.95,3,835,0
E01118,E01977,parent_company,0.4,4,7025092,0.17,1.1,0,686,0,4630830,0.79,0.95,3,835,0
E01325,E02493,parent_company,0.61,14,5122231,0.62,0.79,2,697,0,5887003,0.37,1.15,2,813,0
E01012,E02493,supplier,0.74,26,9020018,0.38,1.46,0,804,0,5887003,0.37,1.15,2,813,0
E00783,E02493,shared_director,0.19,5,7284652,0.3,0.74,0,766,0,5887003,0.37,1.15,2,813,0
E01537,E01099,shared_director,0.45,43,453007,0.19,0.52,1,666,0,3674572,0.57,0.53,0,625,0
E01833,E00633,parent_company,0.51,23,8136479,0.27,0.69,0,690,0,7918987,0.65,1.33,2,712,0
E01402,E00633,shared_director,0.66,50,4730462,0.52,1.09,2,802,0,7918987,0.65,1.33,2,712,0
E02441,E00067,parent_company,0.99,20,4069566,0.22,0.8,1,639,0,3401778,1.0,1.35,3,669,0
E00009,E00067,supplier,0.72,25,4304946,0.56,1.85,0,838,0,3401778,1.0,1.35,3,669,0
E01055,E00067,co-investor,0.59,3,6667614,0.14,0.87,1,810,1,3401778,1.0,1.35,3,669,0
E00097,E00067,supplier,0.37,14,3591059,0.76,1.59,1,596,0,3401778,1.0,1.35,3,669,0
E00027,E01231,parent_company,0.29,21,5361061,0.12,1.41,0,505,1,6842495,0.23,0.81,1,787,0
E02803,E01231,parent_company,0.57,19,10267075,0.98,0.89,1,800,1,6842495,0.23,0.81,1,787,0
E01657,E01231,supplier,0.1,25,3898557,0.95,1.63,2,664,0,6842495,0.23,0.81,1,787,0
E01044,E01231,supplier,0.5,28,5401303,0.23,0.83,2,747,0,6842495,0.23,0.81,1,787,0
E00027,E01294,shared_director,0.74,24,5361061,0.12,1.41,0,505,1,7544974,0.34,0.97,0,577,0
E01457,E00584,shared_director,0.94,23,6457369,0.84,0.98,0,583,1,3765106,0.65,1.76,0,718,0
E01311,E00584,shared_director,0.9,17,1920666,0.83,0.62,1,548,1,3765106,0.65,1.76,0,718,0
E00472,E00584,co-investor,0.5,41,2508467,0.53,0.89,1,645,0,3765106,0.65,1.76,0,718,0
E01158,E00584,parent_company,0.39,38,3272097,0.77,1.2,3,817,0,3765106,0.65,1.76,0,718,0
E01457,E02550,co-investor,0.9,24,6457369,0.84,0.98,0,583,1,6428637,0.68,1.23,2,547,0
E02688,E02550,shared_director,0.39,47,1734794,0.31,0.64,0,680,0,6428637,0.68,1.23,2,547,0
E00718,E02550,co-investor,0.41,40,4399719,0.95,1.93,2,565,1,6428637,0.68,1.23,2,547,0
E00750,E02550,co-investor,0.64,16,9577364,0.55,0.85,2,713,0,6428637,0.68,1.23,2,547,0
E01457,E00544,co-investor,0.1,14,6457369,0.84,0.98,0,583,1,6270793,0.66,1.97,3,644,0
E02481,E00544,parent_company,0.55,30,4548686,0.47,0.5,3,791,0,6270793,0.66,1.97,3,644,0
E02175,E00544,co-investor,0.71,23,7738509,0.77,1.66,3,706,0,6270793,0.66,1.97,3,644,0
E02337,E01638,parent_company,0.76,47,6649498,0.46,1.92,0,621,0,3804580,0.44,1.26,2,747,0
E00547,E01638,co-investor,0.91,44,5240999,0.93,1.86,1,694,0,3804580,0.44,1.26,2,747,0
E02461,E01638,parent_company,0.95,47,7928908,0.11,1.71,0,718,0,3804580,0.44,1.26,2,747,0
E00071,E01638,co-investor,0.82,42,3644867,0.14,1.78,4,545,0,3804580,0.44,1.26,2,747,0
E02337,E02391,supplier,0.98,30,6649498,0.46,1.92,0,621,0,1958917,0.52,1.19,5,582,0
E01206,E02391,parent_company,0.98,19,3661179,0.99,0.55,4,758,0,1958917,0.52,1.19,5,582,0
E01081,E02391,shared_director,0.49,18,3389256,0.68,1.39,3,640,0,1958917,0.52,1.19,5,582,0
E01463,E02391,shared_director,0.62,9,4547478,0.66,0.65,0,532,0,1958917,0.52,1.19,5,582,0
E02337,E01599,co-investor,0.62,32,6649498,0.46,1.92,0,621,0,4830220,0.8,1.07,4,637,1
E02914,E01599,shared_director,0.85,44,3343205,0.7,0.69,2,781,1,4830220,0.8,1.07,4,637,1
E01477,E01599,shared_director,0.75,22,4123780,0.84,1.63,2,693,0,4830220,0.8,1.07,4,637,1
E02462,E01599,supplier,0.93,16,3876824,0.84,0.78,2,562,1,4830220,0.8,1.07,4,637,1
E00496,E01599,shared_director,0.22,47,3624913,0.76,0.77,2,735,0,4830220,0.8,1.07,4,637,1
E02337,E00766,parent_company,0.5,35,6649498,0.46,1.92,0,621,0,3407119,0.48,1.0,2,784,0
E02674,E00766,co-investor,0.25,31,3316576,0.87,1.96,1,695,0,3407119,0.48,1.0,2,784,0
E02459,E00766,supplier,0.36,26,7740819,0.53,1.51,0,774,0,3407119,0.48,1.0,2,784,0
E01435,E00766,shared_director,0.45,24,2789293,0.71,1.73,2,553,1,3407119,0.48,1.0,2,784,0
E02337,E02927,supplier,0.95,19,6649498,0.46,1.92,0,621,0,2206131,0.74,1.73,2,694,0
E00607,E02927,supplier,0.25,11,4432116,0.14,0.66,1,790,0,2206131,0.74,1.73,2,694,0
E01370,E00389,parent_company,0.18,42,7007133,0.11,0.71,4,776,0,5744262,0.52,1.27,1,557,0
E01145,E00389,supplier,0.96,20,6777325,0.86,1.08,0,611,0,5744262,0.52,1.27,1,557,0
E02369,E00389,co-investor,0.35,37,8818837,0.92,1.36,0,802,1,5744262,0.52,1.27,1,557,0
E01489,E00389,co-investor,0.38,29,4206675,0.12,1.22,3,661,0,5744262,0.52,1.27,1,557,0
E00889,E00389,supplier,0.45,10,2100286,0.55,0.95,5,729,0,5744262,0.52,1.27,1,557,0
E02090,E00389,supplier,0.2,34,5661146,0.77,1.2,1,670,0,5744262,0.52,1.27,1,557,0
E01370,E02573,co-investor,0.77,37,7007133,0.11,0.71,4,776,0,5963567,0.64,0.83,3,795,0
E01382,E02573,shared_director,0.97,36,3632080,0.47,0.56,1,791,0,5963567,0.64,0.83,3,795,0
E01256,E02573,supplier,0.89,33,3708861,0.99,0.76,3,627,0,5963567,0.64,0.83,3,795,0
E01076,E02573,supplier,0.8,27,4489496,0.85,0.92,1,817,1,5963567,0.64,0.83,3,795,0
E01370,E02382,co-investor,0.71,2,7007133,0.11,0.71,4,776,0,9161531,0.87,1.98,1,750,0
E00929,E02674,supplier,0.67,41,5379695,0.38,0.98,2,642,0,3316576,0.87,1.96,1,695,0
E00773,E02674,supplier,0.29,44,2613880,0.56,0.6,1,583,0,3316576,0.87,1.96,1,695,0
E01567,E01335,parent_company,0.82,40,5660130,0.85,1.21,5,656,0,8921382,0.16,1.51,2,793,0
E00873,E01335,supplier,0.47,49,3755243,0.99,1.74,4,670,0,8921382,0.16,1.51,2,793,0
E01567,E02347,shared_director,0.41,41,5660130,0.85,1.21,5,656,0,4459680,0.97,1.13,0,658,0
E02893,E02347,shared_director,0.79,37,4007895,0.39,0.79,3,715,0,4459680,0.97,1.13,0,658,0
E01567,E00788,parent_company,0.77,1,5660130,0.85,1.21,5,656,0,6842699,0.99,1.07,1,544,0
E02821,E00788,supplier,0.85,34,5651681,0.43,1.68,1,625,0,6842699,0.99,1.07,1,544,0
E02327,E00788,shared_director,0.27,34,4063132,0.74,1.65,1,715,0,6842699,0.99,1.07,1,544,0
E01381,E00788,supplier,0.3,7,3211300,0.85,1.65,1,643,0,6842699,0.99,1.07,1,544,0
E02243,E00788,shared_director,0.32,26,5232346,0.61,1.67,1,514,0,6842699,0.99,1.07,1,544,0
E02212,E02314,parent_company,0.39,45,7071650,0.51,1.16,2,509,0,7293758,0.77,0.51,0,608,0
E00905,E00966,co-investor,0.16,49,9428503,0.51,1.43,2,828,0,5243010,0.98,1.94,1,755,0
E00700,E00966,co-investor,0.26,17,4996898,0.79,0.69,2,569,0,5243010,0.98,1.94,1,755,0
E00504,E00966,shared_director,0.23,18,5905069,0.21,1.73,2,709,0,5243010,0.98,1.94,1,755,0
E02671,E00966,co-investor,0.52,31,6216815,0.73,1.58,1,780,0,5243010,0.98,1.94,1,755,0
E01943,E00966,co-investor,0.74,32,7030456,0.61,1.37,1,654,0,5243010,0.98,1.94,1,755,0
E02341,E00202,shared_director,0.34,26,6132171,0.93,1.64,2,624,0,6773034,0.5,1.85,2,550,0
E02803,E00202,supplier,0.94,31,10267075,0.98,0.89,1,800,1,6773034,0.5,1.85,2,550,0
E01322,E00202,parent_company,0.46,29,3253180,0.16,0.69,1,818,0,6773034,0.5,1.85,2,550,0
E01420,E00202,shared_director,0.35,1,6266722,0.74,1.9,1,641,1,6773034,0.5,1.85,2,550,0
E02056,E02179,co-investor,0.41,32,6519092,0.23,1.42,3,642,0,6762366,0.83,1.66,2,563,1
E00461,E02179,parent_company,0.82,6,1699017,0.71,1.09,3,808,0,6762366,0.83,1.66,2,563,1
E00538,E02179,parent_company,0.13,50,5711101,0.37,1.4,0,657,0,6762366,0.83,1.66,2,563,1
E02730,E02179,parent_company,0.63,32,3159522,0.22,0.84,2,788,0,6762366,0.83,1.66,2,563,1
E00804,E02299,parent_company,0.32,18,7597622,0.52,0.8,1,672,0,6508166,0.37,1.95,5,542,0
E01839,E02299,parent_company,0.85,29,3602790,0.75,0.57,1,763,0,6508166,0.37,1.95,5,542,0
E02584,E02299,supplier,0.75,39,1348031,0.62,1.83,1,515,0,6508166,0.37,1.95,5,542,0
E00804,E01880,parent_company,0.96,12,7597622,0.52,0.8,1,672,0,2963500,0.94,0.88,1,713,0
E00804,E00074,supplier,0.19,10,7597622,0.52,0.8,1,672,0,6348560,0.33,1.31,3,795,0
E02664,E00074,supplier,0.42,26,3686089,0.57,0.83,0,786,0,6348560,0.33,1.31,3,795,0
E01748,E00074,supplier,0.95,4,6619715,0.93,0.91,1,826,1,6348560,0.33,1.31,3,795,0
E00804,E02295,co-investor,0.86,25,7597622,0.52,0.8,1,672,0,7858234,0.82,1.19,1,586,0
E01336,E02295,shared_director,0.97,14,7254716,0.43,1.28,1,837,0,7858234,0.82,1.19,1,586,0
E02677,E02295,shared_director,0.37,22,2222183,0.32,1.01,1,760,0,7858234,0.82,1.19,1,586,0
E01762,E01074,co-investor,0.15,38,4696889,0.46,1.93,2,846,0,7864684,0.73,1.14,4,596,0
E02552,E01074,shared_director,0.28,33,4660663,0.94,1.93,3,703,0,7864684,0.73,1.14,4,596,0
E02036,E01074,co-investor,0.91,30,4041326,0.43,1.6,1,789,0,7864684,0.73,1.14,4,596,0
E01762,E01836,shared_director,0.8,10,4696889,0.46,1.93,2,846,0,3053515,0.52,1.53,0,766,0
E00162,E01836,shared_director,0.45,20,5358073,0.45,1.28,5,799,0,3053515,0.52,1.53,0,766,0
E02433,E02765,supplier,0.79,25,4567095,0.14,0.73,1,673,0,1406523,0.14,0.95,3,710,0
E02331,E02765,shared_director,0.69,44,4889603,0.97,1.99,3,510,1,1406523,0.14,0.95,3,710,0
E02433,E01456,co-investor,0.36,48,4567095,0.14,0.73,1,673,0,3444921,0.71,0.55,1,584,0
E00890,E01456,supplier,0.22,29,2787383,0.33,1.8,1,659,0,3444921,0.71,0.55,1,584,0
E02771,E01456,shared_director,0.48,28,3319216,0.1,1.64,1,728,0,3444921,0.71,0.55,1,584,0
E02433,E02668,co-investor,0.57,44,4567095,0.14,0.73,1,673,0,3484287,0.76,1.74,1,586,0
E01433,E02525,shared_director,0.66,29,3702172,0.75,1.43,1,776,0,2960987,0.17,1.51,0,683,0
E01441,E02525,parent_company,0.38,20,2688749,0.99,1.35,2,795,0,2960987,0.17,1.51,0,683,0
E01433,E02296,parent_company,0.11,13,3702172,0.75,1.43,1,776,0,3770099,0.87,1.57,1,628,1
E00352,E02857,parent_company,0.24,41,3661757,0.26,1.85,1,574,0,5253046,0.95,1.74,4,838,0
E02188,E02857,shared_director,0.25,30,5036083,0.69,1.97,2,763,0,5253046,0.95,1.74,4,838,0
E00352,E02900,shared_director,0.6,41,3661757,0.26,1.85,1,574,0,8198313,0.83,1.12,2,585,0
E02009,E02900,co-investor,0.22,36,7148494,0.17,0.94,4,752,0,8198313,0.83,1.12,2,585,0
E01958,E02900,shared_director,0.82,1,5519147,0.86,1.3,0,835,1,8198313,0.83,1.12,2,585,0
E00605,E02620,parent_company,0.75,46,7412306,0.34,1.46,1,606,0,6066970,0.47,0.85,3,777,0
E00605,E02686,supplier,0.9,6,7412306,0.34,1.46,1,606,0,7029290,0.29,1.56,1,584,1
E01250,E00351,co-investor,0.61,41,6517877,0.85,0.72,3,726,0,3578256,0.14,1.7,0,689,0
E00980,E00351,co-investor,0.79,4,2946718,0.15,0.51,1,544,0,3578256,0.14,1.7,0,689,0
E02848,E02863,supplier,0.44,43,4728290,0.95,1.88,4,546,0,9207346,0.78,0.72,0,706,0
E01932,E02863,supplier,0.11,45,3603022,0.49,1.78,1,670,0,9207346,0.78,0.72,0,706,0
E02848,E01282,co-investor,0.65,33,4728290,0.95,1.88,4,546,0,2571081,0.13,0.6,1,596,0
E02564,E01282,shared_director,0.77,18,6220046,0.82,1.18,2,705,0,2571081,0.13,0.6,1,596,0
E02704,E02461,parent_company,0.45,28,1523776,0.22,1.99,3,652,0,7928908,0.11,1.71,0,718,0
E02362,E02461,supplier,0.34,27,4523323,0.12,1.25,2,642,0,7928908,0.11,1.71,0,718,0
E01584,E00947,shared_director,0.56,46,2535715,0.39,0.93,0,809,0,7065927,0.86,1.62,0,549,1
E01584,E00128,parent_company,0.89,5,2535715,0.39,0.93,0,809,0,7692088,0.87,1.45,1,585,1
E02548,E00128,parent_company,0.43,19,2627861,0.81,1.16,1,509,0,7692088,0.87,1.45,1,585,1
E00834,E00128,supplier,0.57,5,2437404,0.17,0.63,0,599,0,7692088,0.87,1.45,1,585,1
E02188,E00128,supplier,0.9,39,5036083,0.69,1.97,2,763,0,7692088,0.87,1.45,1,585,1
E01249,E01367,shared_director,0.45,11,5413448,0.61,0.99,0,784,1,7331612,0.63,1.57,3,679,0
E00004,E01367,shared_director,0.83,14,5807641,0.54,0.93,2,722,0,7331612,0.63,1.57,3,679,0
E01056,E01586,supplier,0.95,18,4144488,0.33,1.89,2,721,0,5742188,0.6,0.63,2,783,0
E00663,E01586,co-investor,0.69,26,4479002,0.37,1.83,2,763,0,5742188,0.6,0.63,2,783,0
E01056,E00084,supplier,0.98,4,4144488,0.33,1.89,2,721,0,5407403,0.47,1.76,0,833,0
E02602,E00084,co-investor,0.28,47,8376884,0.42,1.48,3,818,0,5407403,0.47,1.76,0,833,0
E02380,E01735,supplier,0.42,3,3641118,0.66,1.61,2,515,0,5386414,0.99,1.46,1,529,0
E00729,E01735,parent_company,0.15,39,100000,0.53,0.77,2,516,0,5386414,0.99,1.46,1,529,0
E01793,E01735,parent_company,0.9,32,6896892,0.61,0.69,3,640,0,5386414,0.99,1.46,1,529,0
E02012,E01735,shared_director,0.76,24,6057662,0.18,0.5,1,512,0,5386414,0.99,1.46,1,529,0
E02380,E02066,co-investor,0.73,14,3641118,0.66,1.61,2,515,0,7329330,0.78,1.02,3,664,0
E00877,E02066,shared_director,0.43,38,6656909,0.25,0.82,4,629,0,7329330,0.78,1.02,3,664,0
E00132,E02066,co-investor,0.81,32,4163713,0.95,1.29,1,523,0,7329330,0.78,1.02,3,664,0
E01438,E02066,parent_company,0.15,8,6118898,0.17,0.52,0,500,1,7329330,0.78,1.02,3,664,0
E02380,E01012,co-investor,0.21,2,3641118,0.66,1.61,2,515,0,9020018,0.38,1.46,0,804,0
E00572,E01012,shared_director,0.71,30,6450302,0.76,1.86,0,751,1,9020018,0.38,1.46,0,804,0
E02491,E01012,supplier,0.39,39,7564726,0.85,0.82,3,760,0,9020018,0.38,1.46,0,804,0
E02821,E02889,parent_company,0.49,50,5651681,0.43,1.68,1,625,0,3205016,0.26,1.3,2,805,0
E01263,E02889,co-investor,0.74,18,5941957,0.44,0.78,1,826,0,3205016,0.26,1.3,2,805,0
E02821,E01271,co-investor,0.94,5,5651681,0.43,1.68,1,625,0,6056136,0.26,1.38,1,516,1
E01500,E01271,parent_company,0.81,25,6620124,0.51,1.39,2,714,0,6056136,0.26,1.38,1,516,1
E02821,E02460,supplier,0.23,29,5651681,0.43,1.68,1,625,0,7858915,0.5,1.84,1,696,0
E01757,E02460,co-investor,0.23,24,7499561,0.18,1.51,0,730,0,7858915,0.5,1.84,1,696,0
E00088,E02460,parent_company,0.92,23,6055529,0.94,1.41,3,559,1,7858915,0.5,1.84,1,696,0
E00595,E02662,parent_company,0.49,41,8693253,0.16,1.76,0,738,0,5574266,0.34,1.64,0,783,0
E01862,E02662,shared_director,0.12,16,6282373,0.93,1.11,0,663,0,5574266,0.34,1.64,0,783,0
E00595,E01630,supplier,0.67,47,8693253,0.16,1.76,0,738,0,6175463,0.1,1.79,1,586,0
E00595,E00860,parent_company,0.98,10,8693253,0.16,1.76,0,738,0,6155821,0.36,1.16,2,628,0
E02149,E00860,parent_company,0.65,7,4667061,0.81,1.01,3,821,0,6155821,0.36,1.16,2,628,0
E02443,E00860,co-investor,0.43,27,2861426,0.53,0.76,1,843,0,6155821,0.36,1.16,2,628,0
E00594,E00860,parent_company,0.82,13,6102074,0.79,1.25,0,755,0,6155821,0.36,1.16,2,628,0
E01426,E00860,parent_company,0.97,37,7406225,0.36,0.54,4,738,0,6155821,0.36,1.16,2,628,0
E01277,E00860,co-investor,0.3,5,8171292,0.92,0.86,1,662,1,6155821,0.36,1.16,2,628,0
E00438,E00539,parent_company,0.12,40,5423189,0.48,0.97,2,526,0,1630429,0.58,0.55,1,568,0
E01033,E00539,supplier,0.45,18,4877913,0.13,0.99,0,724,0,1630429,0.58,0.55,1,568,0
E00155,E00539,parent_company,0.29,21,7682623,0.33,1.09,3,504,0,1630429,0.58,0.55,1,568,0
E00438,E02149,supplier,0.55,41,5423189,0.48,0.97,2,526,0,4667061,0.81,1.01,3,821,0
E02264,E02149,supplier,0.11,12,3534214,0.85,1.95,0,615,1,4667061,0.81,1.01,3,821,0
E02318,E02149,shared_director,0.24,34,3038025,0.8,0.9,3,707,0,4667061,0.81,1.01,3,821,0
E02816,E01420,supplier,0.21,44,3820865,0.81,1.21,1,752,0,6266722,0.74,1.9,1,641,1
E01155,E01420,shared_director,0.95,38,1787245,0.76,1.65,3,610,0,6266722,0.74,1.9,1,641,1
E00685,E01420,parent_company,0.45,44,6007472,0.18,0.96,0,588,0,6266722,0.74,1.9,1,641,1
E00754,E01588,shared_director,0.53,11,6978738,0.82,0.51,1,549,0,5663687,0.5,0.88,0,783,0
E01882,E01588,supplier,0.1,3,4015283,0.29,0.75,3,836,1,5663687,0.5,0.88,0,783,0
E00063,E01588,supplier,0.35,19,7160919,0.61,1.71,3,803,0,5663687,0.5,0.88,0,783,0
E01066,E01588,shared_director,0.34,3,5407344,0.35,1.2,1,538,0,5663687,0.5,0.88,0,783,0
E00171,E01588,supplier,0.77,14,5359690,0.85,0.52,2,662,0,5663687,0.5,0.88,0,783,0
E00240,E01588,supplier,0.87,49,3672206,0.75,1.46,2,786,0,5663687,0.5,0.88,0,783,0
E01693,E01588,parent_company,0.56,32,3803148,0.82,1.79,2,526,0,5663687,0.5,0.88,0,783,0
E00754,E01053,supplier,0.85,28,6978738,0.82,0.51,1,549,0,6965146,0.17,1.93,3,747,0
E00754,E01295,supplier,0.38,8,6978738,0.82,0.51,1,549,0,8782775,0.84,1.63,1,680,0
E01106,E00348,supplier,0.17,47,7450264,0.7,1.34,1,758,0,8320273,0.96,1.0,2,562,0
E00445,E00348,parent_company,0.29,10,1876386,0.61,0.55,1,633,0,8320273,0.96,1.0,2,562,0
E01993,E00348,shared_director,0.76,9,4626456,0.54,1.28,0,634,0,8320273,0.96,1.0,2,562,0
E00074,E00348,supplier,0.98,36,6348560,0.33,1.31,3,795,0,8320273,0.96,1.0,2,562,0
E01106,E00219,shared_director,0.71,5,7450264,0.7,1.34,1,758,0,7446341,0.51,1.53,0,679,0
E01013,E00219,co-investor,0.89,33,8539724,0.26,1.12,1,690,0,7446341,0.51,1.53,0,679,0
E01106,E00017,co-investor,0.94,13,7450264,0.7,1.34,1,758,0,7771806,0.95,1.47,1,594,0
E01920,E00017,supplier,0.5,49,8489278,0.87,1.63,3,601,0,7771806,0.95,1.47,1,594,0
E01752,E02240,shared_director,0.18,32,8869411,0.78,1.34,1,719,0,3007900,0.94,0.57,1,843,0
E02597,E02240,supplier,0.76,21,6172665,0.18,0.51,1,833,0,3007900,0.94,0.57,1,843,0
E02866,E02240,parent_company,0.53,19,6641933,0.28,0.97,2,849,0,3007900,0.94,0.57,1,843,0
E01215,E02240,parent_company,0.84,34,3441696,0.19,1.14,0,640,0,3007900,0.94,0.57,1,843,0
E01282,E01615,supplier,0.57,29,2571081,0.13,0.6,1,596,0,5939143,0.17,0.97,1,603,0
E02809,E01615,supplier,0.3,24,3820181,0.49,1.37,0,737,0,5939143,0.17,0.97,1,603,0
E01969,E01615,supplier,0.61,9,828368,0.72,0.51,0,735,1,5939143,0.17,0.97,1,603,0
E00202,E00454,supplier,0.65,47,6773034,0.5,1.85,2,550,0,2492383,0.66,0.58,3,747,0
E00702,E00454,supplier,0.9,44,5927944,0.28,1.8,4,745,0,2492383,0.66,0.58,3,747,0
E00224,E02827,parent_company,0.52,42,5627723,0.64,0.61,1,831,0,7482294,0.95,1.1,0,610,0
E00852,E02827,supplier,0.11,27,6468898,0.96,1.1,0,553,1,7482294,0.95,1.1,0,610,0
E00224,E00942,parent_company,0.13,17,5627723,0.64,0.61,1,831,0,2651058,0.64,1.43,2,776,0
E02372,E00942,co-investor,0.81,2,6718627,0.58,1.12,3,747,0,2651058,0.64,1.43,2,776,0
E01150,E00942,supplier,0.98,22,3708457,0.39,1.52,1,738,0,2651058,0.64,1.43,2,776,0
E01716,E00942,parent_company,0.93,16,6353196,0.46,1.94,2,702,0,2651058,0.64,1.43,2,776,0
E02510,E00942,shared_director,0.81,49,4787557,0.85,1.21,3,783,0,2651058,0.64,1.43,2,776,0
E00209,E00942,shared_director,0.15,35,5825140,0.17,0.57,1,622,0,2651058,0.64,1.43,2,776,0
E02852,E01740,co-investor,0.15,7,4322617,0.56,1.04,3,516,0,5538048,0.6,1.78,1,814,0
E00471,E01740,supplier,0.5,22,6614586,0.77,1.24,1,775,0,5538048,0.6,1.78,1,814,0
E02852,E00848,supplier,0.5,10,4322617,0.56,1.04,3,516,0,3372709,0.83,1.28,1,672,0
E02006,E00848,co-investor,0.76,31,6248142,0.3,1.55,1,593,0,3372709,0.83,1.28,1,672,0
E01847,E00103,parent_company,0.51,46,2199160,0.36,1.07,3,780,0,4298636,0.68,0.89,4,803,0
E00374,E00468,shared_director,0.67,6,4367804,0.42,0.56,1,766,0,5638446,0.59,1.24,3,608,0
E00717,E00468,parent_company,0.12,37,9929755,0.26,1.06,3,680,0,5638446,0.59,1.24,3,608,0
E00206,E00468,co-investor,0.54,41,7555853,0.22,0.99,0,574,0,5638446,0.59,1.24,3,608,0
E01181,E00468,supplier,0.81,6,9210404,0.38,0.87,3,642,0,5638446,0.59,1.24,3,608,0
E02146,E02898,shared_director,0.75,33,6598357,0.18,0.59,1,682,0,7155803,0.68,0.8,2,582,1
E02867,E02898,co-investor,0.62,21,1724790,0.89,1.52,2,516,0,7155803,0.68,0.8,2,582,1
E01467,E02898,shared_director,0.24,5,8137557,0.83,1.24,1,536,0,7155803,0.68,0.8,2,582,1
E00292,E02898,shared_director,0.33,29,6714891,0.48,1.14,0,732,0,7155803,0.68,0.8,2,582,1
E02547,E02898,co-investor,0.48,6,5504334,0.7,0.59,1,742,0,7155803,0.68,0.8,2,582,1
E00700,E02506,co-investor,0.62,7,4996898,0.79,0.69,2,569,0,5688711,0.41,0.84,1,632,0
E01085,E02506,shared_director,0.12,29,8615752,0.98,1.48,0,540,1,5688711,0.41,0.84,1,632,0
E00700,E02696,parent_company,0.19,22,4996898,0.79,0.69,2,569,0,6405763,0.55,1.84,0,808,0
E00347,E02696,shared_director,0.34,13,2545480,0.35,0.99,1,829,0,6405763,0.55,1.84,0,808,0
E01376,E02696,shared_director,0.12,29,7202311,0.83,1.22,7,782,0,6405763,0.55,1.84,0,808,0
E02434,E02696,supplier,0.4,3,3739427,0.46,1.77,0,782,0,6405763,0.55,1.84,0,808,0
E01733,E02696,supplier,0.32,3,6548262,0.67,1.1,3,833,0,6405763,0.55,1.84,0,808,0
E02764,E02696,shared_director,0.8,35,3915435,0.15,1.45,1,664,0,6405763,0.55,1.84,0,808,0
E00700,E02586,supplier,0.95,1,4996898,0.79,0.69,2,569,0,8533310,0.6,1.89,1,611,0
E02808,E02586,parent_company,0.26,23,4833239,0.22,1.7,0,814,0,8533310,0.6,1.89,1,611,0
E00131,E02586,supplier,0.88,3,3754290,0.72,1.26,1,663,0,8533310,0.6,1.89,1,611,0
E00733,E01866,co-investor,0.8,7,6080225,0.15,1.67,1,755,0,2965352,0.95,1.31,0,593,1
E02845,E01866,supplier,0.34,36,3965633,0.34,1.15,4,547,1,2965352,0.95,1.31,0,593,1
E02084,E01866,parent_company,0.94,19,6383762,0.93,1.32,3,801,0,2965352,0.95,1.31,0,593,1
E00534,E01866,parent_company,0.26,46,4495239,0.33,1.82,1,515,0,2965352,0.95,1.31,0,593,1
E00733,E00266,co-investor,0.63,27,6080225,0.15,1.67,1,755,0,7167219,0.51,0.88,0,730,0
E02673,E00266,co-investor,0.74,35,5198276,0.15,0.75,1,736,0,7167219,0.51,0.88,0,730,0
E02552,E00266,co-investor,0.5,44,4660663,0.94,1.93,3,703,0,7167219,0.51,0.88,0,730,0
E00733,E02343,co-investor,0.18,46,6080225,0.15,1.67,1,755,0,6270892,0.24,0.77,1,690,0
E00102,E02343,co-investor,0.6,8,2893482,0.48,1.46,1,789,0,6270892,0.24,0.77,1,690,0
E00336,E02343,supplier,0.99,15,4187014,0.38,1.09,0,610,0,6270892,0.24,0.77,1,690,0
E00323,E02343,shared_director,0.12,47,4274085,0.94,1.49,1,532,0,6270892,0.24,0.77,1,690,0
E01309,E02343,co-investor,1.0,34,5479153,0.19,1.97,1,599,0,6270892,0.24,0.77,1,690,0
E02043,E01215,parent_company,0.24,14,5196620,0.33,1.04,4,699,0,3441696,0.19,1.14,0,640,0
E01788,E01215,parent_company,0.21,48,1677513,0.84,0.54,0,694,0,3441696,0.19,1.14,0,640,0
E00326,E02463,supplier,0.32,36,6930029,0.9,0.69,3,515,1,8979710,0.42,0.94,2,531,1
E01417,E02463,supplier,0.57,35,4690150,0.25,1.81,3,699,0,8979710,0.42,0.94,2,531,1
E00326,E01585,co-investor,0.66,13,6930029,0.9,0.69,3,515,1,5895723,0.59,1.05,3,548,1
E02753,E01585,supplier,0.75,41,3144431,0.14,1.59,2,559,0,5895723,0.59,1.05,3,548,1
E00808,E01585,co-investor,0.74,24,7315629,0.81,0.65,1,822,0,5895723,0.59,1.05,3,548,1
E02884,E01585,supplier,0.61,26,3867742,0.57,1.96,3,808,0,5895723,0.59,1.05,3,548,1
E01140,E02539,parent_company,0.14,10,5843368,0.27,1.88,1,688,0,6354719,0.36,1.35,3,706,0
E00998,E02539,supplier,0.15,24,3916330,0.24,0.7,2,561,0,6354719,0.36,1.35,3,706,0
E01676,E02539,parent_company,0.5,33,100000,0.15,0.99,4,534,0,6354719,0.36,1.35,3,706,0
E02026,E02539,parent_company,0.26,45,6866464,0.98,0.72,1,847,0,6354719,0.36,1.35,3,706,0
E01195,E02539,parent_company,0.18,20,9581767,0.92,0.77,1,677,0,6354719,0.36,1.35,3,706,0
E00226,E01794,parent_company,0.99,8,1482802,0.49,0.61,0,508,0,2428090,0.88,0.64,2,607,0
E02617,E01794,shared_director,0.66,35,4427662,0.47,1.34,1,615,0,2428090,0.88,0.64,2,607,0
E01549,E01794,shared_director,0.58,8,4588544,0.21,1.33,3,635,0,2428090,0.88,0.64,2,607,0
E00258,E01794,shared_director,0.54,36,3592759,0.41,0.64,1,721,0,2428090,0.88,0.64,2,607,0
E01475,E01794,co-investor,0.57,16,5406605,0.18,1.87,0,689,0,2428090,0.88,0.64,2,607,0
E00226,E01762,shared_director,0.51,36,1482802,0.49,0.61,0,508,0,4696889,0.46,1.93,2,846,0
E00998,E01762,shared_director,0.52,37,3916330,0.24,0.7,2,561,0,4696889,0.46,1.93,2,846,0
E01574,E01762,parent_company,0.33,5,1747361,0.54,1.87,1,740,0,4696889,0.46,1.93,2,846,0
E02863,E01762,supplier,0.74,45,9207346,0.78,0.72,0,706,0,4696889,0.46,1.93,2,846,0
E00760,E01762,co-investor,0.36,23,6524396,0.73,0.86,1,724,0,4696889,0.46,1.93,2,846,0
E02733,E01978,parent_company,0.26,11,4251639,0.97,1.75,3,780,0,3603608,0.69,0.75,1,815,0
E01319,E01978,parent_company,0.18,50,4561687,0.99,1.26,2,719,0,3603608,0.69,0.75,1,815,0
E00201,E00447,shared_director,0.99,11,4069099,0.57,1.16,1,829,0,4789216,0.83,1.84,1,822,0
E02307,E00447,co-investor,0.4,41,3594543,0.57,1.67,1,802,0,4789216,0.83,1.84,1,822,0
E00201,E01642,co-investor,0.45,34,4069099,0.57,1.16,1,829,0,4621172,0.12,0.55,3,686,0
E00013,E01642,parent_company,0.67,21,4145184,0.36,0.69,1,591,0,4621172,0.12,0.55,3,686,0
E00012,E01642,shared_director,0.85,10,4110724,0.55,0.92,3,515,0,4621172,0.12,0.55,3,686,0
E02753,E01165,parent_company,0.97,48,3144431,0.14,1.59,2,559,0,5166244,0.87,0.51,0,841,0
E01136,E01165,shared_director,0.32,15,4873107,0.59,1.48,0,716,0,5166244,0.87,0.51,0,841,0
E00452,E01165,supplier,0.78,14,5358549,0.81,1.47,2,707,0,5166244,0.87,0.51,0,841,0
E01125,E01165,shared_director,0.63,20,2575820,0.32,0.64,2,719,0,5166244,0.87,0.51,0,841,0
E01493,E01165,supplier,0.39,37,4453960,0.11,1.36,1,576,0,5166244,0.87,0.51,0,841,0
E01751,E01095,supplier,0.55,30,7223157,0.77,1.7,0,569,1,6091634,0.52,1.14,0,708,0
E01751,E00372,shared_director,0.63,17,7223157,0.77,1.7,0,569,1,3485200,0.38,0.85,2,847,0
E00500,E02191,parent_company,0.87,25,5896780,0.41,1.78,4,522,0,3306707,0.38,1.91,0,703,0
E02267,E02191,supplier,0.97,4,8182038,0.36,1.77,1,565,1,3306707,0.38,1.91,0,703,0
E00527,E02191,supplier,0.39,36,2846678,0.87,0.59,1,792,1,3306707,0.38,1.91,0,703,0
E01178,E02191,shared_director,0.48,47,4295973,0.87,1.18,1,573,0,3306707,0.38,1.91,0,703,0
E02149,E01613,supplier,0.82,25,4667061,0.81,1.01,3,821,0,3608657,0.26,0.82,1,558,0
E02775,E01613,parent_company,0.2,43,6991743,0.45,0.76,1,527,0,3608657,0.26,0.82,1,558,0
E02478,E02896,co-investor,0.48,21,100000,0.28,1.88,2,638,0,1595731,0.36,1.93,1,554,1
E00594,E02896,supplier,0.7,11,6102074,0.79,1.25,0,755,0,1595731,0.36,1.93,1,554,1
E00511,E02896,shared_director,0.33,39,3123064,0.41,1.38,1,578,0,1595731,0.36,1.93,1,554,1
E02166,E02896,shared_director,0.27,38,4538179,0.22,1.61,2,677,0,1595731,0.36,1.93,1,554,1
E00459,E02896,parent_company,0.85,50,5647600,0.15,1.73,1,700,0,1595731,0.36,1.93,1,554,1
E02478,E00519,shared_director,0.91,22,100000,0.28,1.88,2,638,0,4938224,0.74,0.71,2,731,0
E00420,E00519,shared_director,0.4,50,6900290,0.58,1.75,4,754,0,4938224,0.74,0.71,2,731,0
E02305,E00708,co-investor,0.33,49,8067709,0.38,1.62,1,548,0,4527290,0.37,1.52,2,534,1
E02711,E00708,parent_company,0.63,12,3293393,0.2,1.47,0,574,0,4527290,0.37,1.52,2,534,1
E02152,E00708,supplier,0.57,17,6992017,0.34,0.58,1,659,0,4527290,0.37,1.52,2,534,1
E01072,E00708,shared_director,0.69,28,4909946,0.94,0.76,3,566,0,4527290,0.37,1.52,2,534,1
E02305,E00324,shared_director,0.37,5,8067709,0.38,1.62,1,548,0,5349278,0.92,0.74,1,610,0
E01808,E00324,supplier,0.89,37,1926952,0.8,1.6,2,665,0,5349278,0.92,0.74,1,610,0
E01676,E00324,shared_director,0.64,20,100000,0.15,0.99,4,534,0,5349278,0.92,0.74,1,610,0
E01763,E00324,parent_company,0.95,17,3592690,0.59,1.72,2,835,0,5349278,0.92,0.74,1,610,0
E02305,E01249,co-investor,0.62,19,8067709,0.38,1.62,1,548,0,5413448,0.61,0.99,0,784,1
E00269,E01249,supplier,0.4,2,1502906,0.99,1.52,3,512,0,5413448,0.61,0.99,0,784,1
E01522,E01249,co-investor,0.37,32,5432633,0.51,0.87,2,534,0,5413448,0.61,0.99,0,784,1
E02497,E01108,supplier,0.37,3,503714,0.13,1.42,3,647,0,5271089,0.34,1.31,0,576,0
E02794,E01108,shared_director,0.26,50,3337458,0.59,1.52,3,750,0,5271089,0.34,1.31,0,576,0
E02497,E02791,shared_director,0.57,16,503714,0.13,1.42,3,647,0,7404955,0.66,0.97,2,641,0
E00443,E02791,co-investor,0.57,1,1271336,0.42,0.51,2,818,0,7404955,0.66,0.97,2,641,0
E00850,E01536,parent_company,0.33,42,4719914,0.18,1.26,0,792,0,6353932,0.75,1.18,1,672,0
E01673,E01536,co-investor,0.29,10,3854255,0.54,1.07,1,672,0,6353932,0.75,1.18,1,672,0
E02401,E01536,supplier,0.57,40,7307126,0.45,1.3,1,561,0,6353932,0.75,1.18,1,672,0
E02113,E01536,supplier,0.25,43,5002759,0.21,1.39,0,739,0,6353932,0.75,1.18,1,672,0
E02827,E01154,co-investor,0.81,20,7482294,0.95,1.1,0,610,0,4407465,0.12,0.9,2,597,1
E02827,E00323,co-investor,0.62,12,7482294,0.95,1.1,0,610,0,4274085,0.94,1.49,1,532,0
E01727,E00323,co-investor,0.52,10,5908366,0.24,1.24,1,711,0,4274085,0.94,1.49,1,532,0
E02827,E02899,supplier,0.67,30,7482294,0.95,1.1,0,610,0,3891889,0.12,0.86,3,531,1
E02702,E02899,supplier,0.86,6,7878891,0.83,1.4,2,842,0,3891889,0.12,0.86,3,531,1
E00267,E02899,shared_director,0.63,39,3298887,0.99,1.39,0,646,0,3891889,0.12,0.86,3,531,1
E00973,E02899,parent_company,0.95,28,4392338,0.56,1.94,1,702,0,3891889,0.12,0.86,3,531,1
E01938,E02899,co-investor,0.18,44,338690,0.75,0.93,2,695,0,3891889,0.12,0.86,3,531,1
E01230,E02076,co-investor,0.79,8,8062647,0.82,1.31,4,533,0,5631450,0.45,1.34,0,670,0
E01230,E00165,parent_company,0.79,33,8062647,0.82,1.31,4,533,0,4989327,0.59,1.76,2,662,0
E02775,E00165,parent_company,0.66,7,6991743,0.45,0.76,1,527,0,4989327,0.59,1.76,2,662,0
E01230,E01331,supplier,0.72,40,8062647,0.82,1.31,4,533,0,4589425,0.76,0.99,2,628,0
E01230,E01551,parent_company,0.56,24,8062647,0.82,1.31,4,533,0,3675738,0.24,1.58,0,806,0
E00344,E01551,parent_company,0.32,42,2706082,0.44,1.26,3,669,0,3675738,0.24,1.58,0,806,0
E01633,E01551,supplier,0.98,22,5812954,0.81,0.8,2,790,1,3675738,0.24,1.58,0,806,0
E02052,E01551,shared_director,0.88,38,6235749,0.55,0.92,0,546,0,3675738,0.24,1.58,0,806,0
E00557,E01141,supplier,0.31,39,5339387,0.57,0.83,0,581,0,4129555,0.27,1.85,0,693,0
E02045,E01141,co-investor,0.78,42,2155986,0.9,1.53,2,532,0,4129555,0.27,1.85,0,693,0
E02415,E01141,supplier,0.83,5,5821524,0.82,1.99,1,676,0,4129555,0.27,1.85,0,693,0
E01532,E01141,co-investor,0.16,2,5511147,0.18,1.41,2,556,1,4129555,0.27,1.85,0,693,0
E01373,E01895,shared_director,0.94,4,8914127,0.5,1.21,1,594,0,7097939,0.77,1.83,1,791,0
E01373,E02192,co-investor,0.2,12,8914127,0.5,1.21,1,594,0,4950685,0.72,1.58,3,609,0
E01373,E00046,supplier,0.72,19,8914127,0.5,1.21,1,594,0,4733198,0.17,1.81,0,592,0
E02735,E00046,supplier,0.92,44,6532392,0.2,1.42,2,582,0,4733198,0.17,1.81,0,592,0
E02124,E00046,parent_company,0.39,27,8639897,0.28,0.67,3,739,0,4733198,0.17,1.81,0,592,0
E00680,E00046,supplier,0.23,46,7454100,0.12,0.8,1,764,0,4733198,0.17,1.81,0,592,0
E02135,E01227,co-investor,0.6,2,1690543,0.72,0.61,1,846,1,6662698,0.23,1.38,0,785,0
E02604,E01227,parent_company,0.32,14,6834630,0.85,0.51,1,581,0,6662698,0.23,1.38,0,785,0
E02135,E01639,shared_director,0.64,36,1690543,0.72,0.61,1,846,1,1947458,0.78,1.2,0,591,0
E01313,E01639,co-investor,0.46,44,6057915,0.18,1.39,0,750,0,1947458,0.78,1.2,0,591,0
E00854,E02911,supplier,0.22,6,6005800,0.11,1.0,3,744,0,5314516,0.46,1.13,1,819,0
E00665,E02911,supplier,0.2,20,5192867,0.78,1.16,1,703,0,5314516,0.46,1.13,1,819,0
E00628,E02911,co-investor,0.47,48,5907075,0.39,1.7,3,606,0,5314516,0.46,1.13,1,819,0
E00854,E02312,co-investor,0.96,49,6005800,0.11,1.0,3,744,0,2075550,0.49,0.97,2,789,0
E01519,E02312,shared_director,0.99,18,6076123,0.84,1.8,1,791,0,2075550,0.49,0.97,2,789,0
E02193,E02312,shared_director,0.21,47,1228466,0.11,0.79,1,530,1,2075550,0.49,0.97,2,789,0
E01421,E02312,parent_company,0.21,18,1918413,0.48,1.49,3,618,0,2075550,0.49,0.97,2,789,0
E00272,E01442,shared_director,0.64,36,3098632,0.58,1.02,2,501,0,5130536,0.45,1.47,6,755,0
E01673,E01442,shared_director,0.47,23,3854255,0.54,1.07,1,672,0,5130536,0.45,1.47,6,755,0
E01123,E01442,shared_director,0.25,20,6447221,0.85,0.64,0,638,0,5130536,0.45,1.47,6,755,0
E01263,E00087,supplier,0.86,43,5941957,0.44,0.78,1,826,0,4700244,0.68,0.67,1,568,0
E00082,E00087,shared_director,0.18,46,2518719,0.78,1.41,3,548,1,4700244,0.68,0.67,1,568,0
E01263,E01574,co-investor,0.58,18,5941957,0.44,0.78,1,826,0,1747361,0.54,1.87,1,740,0
E01696,E00356,shared_director,0.89,24,5766200,0.22,1.49,3,638,0,4314048,0.79,1.82,2,552,1
E01696,E01681,co-investor,0.42,35,5766200,0.22,1.49,3,638,0,7434747,0.85,1.72,2,624,0
E02162,E01681,co-investor,0.35,12,4644612,0.32,1.03,1,755,0,7434747,0.85,1.72,2,624,0
E01852,E01126,shared_director,0.8,40,8423874,0.48,0.54,2,580,0,6668465,0.6,1.47,0,598,0
E01233,E01126,co-investor,0.78,26,5289735,0.68,1.82,2,754,0,6668465,0.6,1.47,0,598,0
E01898,E01126,shared_director,0.82,35,7011070,0.18,0.77,1,577,0,6668465,0.6,1.47,0,598,0
E00460,E02061,shared_director,0.29,24,4417020,0.46,0.82,3,788,0,4334725,0.11,0.78,0,574,0
E02299,E02061,co-investor,0.66,8,6508166,0.37,1.95,5,542,0,4334725,0.11,0.78,0,574,0
E00106,E02061,supplier,0.23,26,3119172,0.46,0.84,7,539,1,4334725,0.11,0.78,0,574,0
E00728,E02061,parent_company,0.93,40,3706940,0.37,1.69,0,753,0,4334725,0.11,0.78,0,574,0
E01818,E01347,parent_company,0.35,42,1752889,0.43,1.24,0,837,0,3669029,0.67,1.12,2,777,0
E02439,E01347,shared_director,0.53,36,1877295,0.18,0.51,1,755,0,3669029,0.67,1.12,2,777,0
E02081,E01347,shared_director,0.7,17,1375922,0.89,1.41,1,750,0,3669029,0.67,1.12,2,777,0
E00276,E01347,shared_director,0.73,21,2878346,0.74,1.47,1,695,0,3669029,0.67,1.12,2,777,0
E01818,E00342,co-investor,0.64,2,1752889,0.43,1.24,0,837,0,7621087,0.59,0.65,2,623,0
E01811,E00342,shared_director,0.28,35,8328634,0.8,0.65,2,527,1,7621087,0.59,0.65,2,623,0
E00416,E00342,shared_director,0.5,8,6362890,0.77,0.6,3,771,0,7621087,0.59,0.65,2,623,0
E02008,E00342,shared_director,0.32,19,5114580,0.28,0.95,0,765,0,7621087,0.59,0.65,2,623,0
E00632,E02032,shared_director,0.79,16,5535502,0.92,1.22,4,748,0,4686515,0.16,1.49,1,697,0
E00632,E01727,shared_director,0.11,13,5535502,0.92,1.22,4,748,0,5908366,0.24,1.24,1,711,0
E02115,E02772,parent_company,0.28,3,7225893,0.58,1.02,1,689,0,6352883,0.83,0.8,1,785,1
E01382,E02772,supplier,0.46,30,3632080,0.47,0.56,1,791,0,6352883,0.83,0.8,1,785,1
E01042,E02772,shared_director,0.95,10,3863715,0.25,0.94,2,605,0,6352883,0.83,0.8,1,785,1
E01206,E02772,co-investor,0.57,40,3661179,0.99,0.55,4,758,0,6352883,0.83,0.8,1,785,1
E02695,E02772,parent_company,0.9,47,8464098,0.44,0.87,2,525,0,6352883,0.83,0.8,1,785,1
E01279,E02617,parent_company,0.39,13,3026427,0.75,1.26,2,698,0,4427662,0.47,1.34,1,615,0
E00033,E02617,shared_director,0.79,15,5433722,0.49,0.89,6,622,0,4427662,0.47,1.34,1,615,0
E02485,E02617,supplier,0.57,27,7616023,0.85,1.86,3,683,1,4427662,0.47,1.34,1,615,0
E02418,E02617,parent_company,0.65,49,8914349,0.47,0.67,2,525,0,4427662,0.47,1.34,1,615,0
E00930,E02617,parent_company,0.2,12,6153516,0.98,0.92,3,522,0,4427662,0.47,1.34,1,615,0
E00939,E02617,shared_director,0.27,9,2493303,0.18,1.65,2,632,0,4427662,0.47,1.34,1,615,0
E01279,E02159,shared_director,0.17,25,3026427,0.75,1.26,2,698,0,5686134,0.88,1.71,1,686,0
E01174,E01134,co-investor,0.8,43,10375068,0.73,1.13,3,787,0,7201195,0.49,0.76,0,831,1
E02730,E01134,supplier,0.35,25,3159522,0.22,0.84,2,788,0,7201195,0.49,0.76,0,831,1
E02767,E01134,shared_director,0.33,33,3333252,0.5,1.83,2,562,0,7201195,0.49,0.76,0,831,1
E02251,E01305,co-investor,0.23,46,4278704,0.88,0.6,0,762,0,1392437,0.98,1.61,1,656,0
E02251,E00565,supplier,0.49,40,4278704,0.88,0.6,0,762,0,4091511,0.35,0.84,1,635,0
E01161,E01032,parent_company,0.13,40,6804938,0.42,1.64,1,675,0,4936163,0.58,1.94,1,724,0
E02574,E01032,co-investor,0.27,48,3608277,0.13,1.06,3,636,0,4936163,0.58,1.94,1,724,0
E00493,E01032,parent_company,0.8,26,4346238,0.24,1.12,0,849,0,4936163,0.58,1.94,1,724,0
E02529,E01032,co-investor,0.26,21,3739562,0.84,1.02,3,824,0,4936163,0.58,1.94,1,724,0
E01929,E02767,supplier,0.2,4,4707826,0.52,1.68,0,640,0,3333252,0.5,1.83,2,562,0
E02574,E02767,co-investor,0.73,35,3608277,0.13,1.06,3,636,0,3333252,0.5,1.83,2,562,0
E01929,E02905,co-investor,0.45,47,4707826,0.52,1.68,0,640,0,5319435,0.91,1.37,1,819,0
E01472,E02905,parent_company,0.2,19,5136741,0.54,0.61,1,711,0,5319435,0.91,1.37,1,819,0
E00470,E02905,parent_company,0.39,48,4826310,0.36,1.56,1,645,0,5319435,0.91,1.37,1,819,0
E02801,E02905,co-investor,0.64,11,4797243,0.54,1.69,1,822,0,5319435,0.91,1.37,1,819,0
E00075,E02905,co-investor,0.3,40,4770311,0.3,1.75,0,557,0,5319435,0.91,1.37,1,819,0
E02627,E02905,shared_director,0.91,29,7886579,0.61,1.11,1,791,0,5319435,0.91,1.37,1,819,0
E01929,E02422,co-investor,0.74,5,4707826,0.52,1.68,0,640,0,4375156,0.36,1.39,2,669,0
E01138,E02422,supplier,0.76,43,3114869,0.78,1.23,5,543,1,4375156,0.36,1.39,2,669,0
E00615,E02422,supplier,0.2,14,6494330,0.19,0.9,5,748,0,4375156,0.36,1.39,2,669,0
E00353,E02320,shared_director,0.18,6,5148412,0.45,1.28,0,673,0,7076755,0.11,1.69,4,581,1
E02428,E02566,co-investor,0.86,16,3586878,0.94,1.79,2,628,0,2143703,0.91,1.21,4,646,0
E02630,E02566,supplier,0.54,35,3259487,0.58,1.17,1,522,1,2143703,0.91,1.21,4,646,0
E01989,E02566,shared_director,0.48,36,2844256,0.53,0.61,2,804,0,2143703,0.91,1.21,4,646,0
E02428,E02740,parent_company,0.21,12,3586878,0.94,1.79,2,628,0,3841909,0.14,1.13,3,550,0
E01857,E02740,parent_company,0.8,5,1564411,0.74,0.63,0,833,0,3841909,0.14,1.13,3,550,0
E02648,E02740,co-investor,0.19,14,5304869,0.95,1.97,1,841,0,3841909,0.14,1.13,3,550,0
E00059,E02740,supplier,0.41,20,4986693,0.12,1.52,0,608,0,3841909,0.14,1.13,3,550,0
E01919,E00399,shared_director,0.38,42,5224209,0.42,2.0,5,770,0,3247362,0.15,1.79,2,648,0
E01613,E00399,parent_company,0.39,38,3608657,0.26,0.82,1,558,0,3247362,0.15,1.79,2,648,0
E00654,E00399,supplier,0.43,42,6402746,0.68,0.97,2,661,0,3247362,0.15,1.79,2,648,0
E02089,E00399,shared_director,0.13,47,6933520,0.95,0.78,1,605,0,3247362,0.15,1.79,2,648,0
E01919,E01807,supplier,0.76,8,5224209,0.42,2.0,5,770,0,6311202,0.38,1.18,3,640,0
E02006,E01807,parent_company,0.16,13,6248142,0.3,1.55,1,593,0,6311202,0.38,1.18,3,640,0
E00971,E01807,co-investor,0.35,3,3319437,0.39,1.17,1,770,0,6311202,0.38,1.18,3,640,0
E00589,E01970,parent_company,0.79,16,3793352,0.2,1.66,4,592,0,4626260,0.95,0.51,1,631,0
E01812,E01970,shared_director,0.13,17,6449447,0.44,1.24,4,794,0,4626260,0.95,0.51,1,631,0
E00142,E01970,co-investor,0.74,6,8140989,0.22,1.73,0,778,0,4626260,0.95,0.51,1,631,0
E00589,E02828,shared_director,0.29,44,3793352,0.2,1.66,4,592,0,6147374,0.32,1.9,3,683,0
E02027,E02828,supplier,0.83,49,3739375,0.24,0.78,4,713,0,6147374,0.32,1.9,3,683,0
E00589,E00827,parent_company,0.58,35,3793352,0.2,1.66,4,592,0,6491602,0.62,1.43,0,722,0
E02269,E00827,shared_director,0.47,37,4910513,0.24,1.33,0,633,0,6491602,0.62,1.43,0,722,0
E01786,E00827,shared_director,0.67,5,8403042,0.86,0.6,1,682,0,6491602,0.62,1.43,0,722,0
E00504,E00827,shared_director,0.97,50,5905069,0.21,1.73,2,709,0,6491602,0.62,1.43,0,722,0
E02053,E00827,parent_company,0.23,44,7089027,0.18,0.66,2,848,0,6491602,0.62,1.43,0,722,0
E02005,E00827,shared_director,0.87,3,6502261,0.12,0.78,2,602,0,6491602,0.62,1.43,0,722,0
E00589,E02230,parent_company,0.32,28,3793352,0.2,1.66,4,592,0,5581705,0.84,1.92,0,511,1
E01656,E02230,supplier,0.77,5,2348980,0.66,1.0,2,802,0,5581705,0.84,1.92,0,511,1
E00175,E02230,supplier,0.57,47,1884095,0.85,0.77,0,737,0,5581705,0.84,1.92,0,511,1
E00507,E02230,supplier,0.65,13,798162,0.64,1.01,4,773,0,5581705,0.84,1.92,0,511,1
E00386,E02230,supplier,0.68,20,4008267,0.43,0.66,2,609,0,5581705,0.84,1.92,0,511,1
E00019,E02230,shared_director,0.84,1,1735563,0.52,1.56,2,712,0,5581705,0.84,1.92,0,511,1
E00589,E02225,shared_director,0.57,32,3793352,0.2,1.66,4,592,0,806648,0.49,0.74,1,841,0
E02527,E02225,co-investor,0.2,18,4516500,0.77,0.88,2,512,1,806648,0.49,0.74,1,841,0
E01857,E01997,supplier,0.16,8,1564411,0.74,0.63,0,833,0,7578793,0.74,1.1,1,621,0
E00734,E01997,shared_director,0.37,43,2435002,0.62,1.94,0,715,0,7578793,0.74,1.1,1,621,0
E00159,E01997,supplier,0.53,35,9162629,0.75,1.51,0,668,0,7578793,0.74,1.1,1,621,0
E01857,E00178,supplier,0.77,35,1564411,0.74,0.63,0,833,0,6065190,0.43,0.98,1,749,0
E01428,E02476,parent_company,0.56,26,5670074,0.2,1.22,1,567,0,4053469,0.69,0.72,0,786,0
E01381,E02476,shared_director,0.4,44,3211300,0.85,1.65,1,643,0,4053469,0.69,0.72,0,786,0
E01899,E02476,shared_director,0.36,5,2708923,0.47,1.91,1,634,0,4053469,0.69,0.72,0,786,0
E00446,E02476,shared_director,0.26,14,9003474,0.79,1.91,3,623,0,4053469,0.69,0.72,0,786,0
E01428,E00705,shared_director,0.87,22,5670074,0.2,1.22,1,567,0,6136882,0.16,1.41,0,771,0
E00821,E00705,co-investor,0.38,12,6283374,0.97,1.39,2,516,0,6136882,0.16,1.41,0,771,0
E01832,E00705,shared_director,0.27,49,4826488,0.17,1.66,2,805,0,6136882,0.16,1.41,0,771,0
E01428,E02130,parent_company,0.95,48,5670074,0.2,1.22,1,567,0,5999532,0.54,0.66,0,782,0
E00664,E02130,supplier,0.25,29,8453667,0.27,1.79,2,810,0,5999532,0.54,0.66,0,782,0
E01582,E02130,shared_director,0.95,40,4833932,0.38,1.25,1,745,0,5999532,0.54,0.66,0,782,0
E01573,E01984,shared_director,0.37,9,5007606,0.81,1.9,2,805,0,3880515,0.57,0.74,1,674,0
E00375,E01984,shared_director,0.82,40,3518335,0.23,0.68,0,641,0,3880515,0.57,0.74,1,674,0
E01573,E02498,parent_company,0.98,37,5007606,0.81,1.9,2,805,0,7522636,0.95,1.3,0,699,0
E01007,E02498,shared_director,0.85,6,4834704,0.67,1.79,0,599,0,7522636,0.95,1.3,0,699,0
E02484,E02498,supplier,0.2,22,3615695,0.77,0.99,1,822,0,7522636,0.95,1.3,0,699,0
E02421,E02722,parent_company,0.36,24,2705356,0.29,1.05,0,597,0,5477658,0.23,1.79,1,521,0
E02329,E02722,parent_company,0.67,44,2809198,0.57,0.9,2,717,0,5477658,0.23,1.79,1,521,0
E02443,E01175,shared_director,0.22,38,2861426,0.53,0.76,1,843,0,1379935,0.85,1.57,1,507,1
E02443,E01889,co-investor,0.85,29,2861426,0.53,0.76,1,843,0,2984372,0.58,0.65,1,631,0
E00059,E01889,supplier,0.29,9,4986693,0.12,1.52,0,608,0,2984372,0.58,0.65,1,631,0
E02150,E01889,shared_director,0.4,18,5423757,0.55,1.58,1,619,0,2984372,0.58,0.65,1,631,0
E00138,E01889,co-investor,0.49,46,6435183,0.21,1.25,3,521,0,2984372,0.58,0.65,1,631,0
E00252,E00579,co-investor,0.58,13,2652859,0.31,0.61,0,827,1,4932626,0.77,1.05,3,793,0
E01122,E00579,shared_director,0.25,24,2366502,0.48,1.08,0,591,0,4932626,0.77,1.05,3,793,0
E00912,E00579,co-investor,0.52,29,6912880,0.41,1.19,0,613,0,4932626,0.77,1.05,3,793,0
E02606,E00228,shared_director,0.37,30,8655361,0.31,1.82,3,555,0,6587315,0.41,1.63,1,783,0
E00530,E00228,shared_director,0.38,5,8262251,0.96,1.5,1,672,0,6587315,0.41,1.63,1,783,0
E02751,E00228,supplier,0.51,34,870085,0.58,1.14,0,503,0,6587315,0.41,1.63,1,783,0
E02606,E02742,parent_company,0.25,23,8655361,0.31,1.82,3,555,0,2643119,0.4,1.25,2,664,0
E00515,E02742,co-investor,0.29,42,7146174,0.86,1.46,1,562,0,2643119,0.4,1.25,2,664,0
E00744,E02742,shared_director,0.31,47,3744143,0.72,1.72,2,505,0,2643119,0.4,1.25,2,664,0
E00856,E02742,co-investor,0.86,22,5060623,0.5,1.81,3,783,0,2643119,0.4,1.25,2,664,0
E01576,E00343,shared_director,0.57,50,5449251,0.2,1.59,0,517,0,4555174,0.18,1.58,2,532,0
E01975,E00343,parent_company,0.77,5,4819750,0.16,0.94,3,703,1,4555174,0.18,1.58,2,532,0
E00125,E00343,co-investor,0.25,48,6943645,0.89,1.11,1,683,0,4555174,0.18,1.58,2,532,0
E01225,E00343,shared_director,0.72,22,2244598,0.37,1.12,0,803,0,4555174,0.18,1.58,2,532,0
E00515,E00964,co-investor,0.88,14,7146174,0.86,1.46,1,562,0,3853124,0.43,1.41,2,636,0
E00291,E00964,shared_director,0.63,21,6004833,0.36,1.88,2,522,0,3853124,0.43,1.41,2,636,0
E01713,E00964,co-investor,0.7,14,7174928,0.95,1.43,2,823,0,3853124,0.43,1.41,2,636,0
E00343,E00964,co-investor,0.72,49,4555174,0.18,1.58,2,532,0,3853124,0.43,1.41,2,636,0
E00730,E00964,co-investor,0.43,33,5586538,0.25,1.57,1,760,0,3853124,0.43,1.41,2,636,0
E02476,E02257,parent_company,0.84,15,4053469,0.69,0.72,0,786,0,4716396,0.47,1.73,1,571,0
E00171,E02257,co-investor,1.0,38,5359690,0.85,0.52,2,662,0,4716396,0.47,1.73,1,571,0
E00872,E02257,parent_company,0.84,28,6800457,0.56,0.54,1,598,0,4716396,0.47,1.73,1,571,0
E02476,E02657,supplier,0.4,40,4053469,0.69,0.72,0,786,0,7330064,0.66,1.25,0,682,0
E02501,E02657,parent_company,0.1,19,7992204,0.18,2.0,3,811,0,7330064,0.66,1.25,0,682,0
E02361,E01504,supplier,0.98,37,2581931,0.8,0.82,1,671,0,3477184,0.55,1.09,5,570,0
E01817,E01504,shared_director,0.58,1,4345763,0.83,1.56,1,757,1,3477184,0.55,1.09,5,570,0
E02361,E00870,supplier,0.31,18,2581931,0.8,0.82,1,671,0,6247097,0.59,1.43,0,654,0
E02399,E00870,supplier,0.57,37,671380,0.91,1.69,1,510,1,6247097,0.59,1.43,0,654,0
E00918,E00870,shared_director,0.18,42,3701468,0.72,1.95,3,628,0,6247097,0.59,1.43,0,654,0
E02459,E00870,parent_company,0.95,33,7740819,0.53,1.51,0,774,0,6247097,0.59,1.43,0,654,0
E01354,E00870,supplier,0.22,38,7091793,0.29,0.71,3,644,0,6247097,0.59,1.43,0,654,0
E01145,E01905,supplier,0.57,40,6777325,0.86,1.08,0,611,0,2198652,0.4,1.65,3,753,0
E00972,E01905,shared_director,0.23,39,3154339,0.34,1.79,2,537,0,2198652,0.4,1.65,3,753,0
E00780,E01905,shared_director,0.32,38,447252,0.37,0.69,1,526,0,2198652,0.4,1.65,3,753,0
E01145,E00722,shared_director,0.9,33,6777325,0.86,1.08,0,611,0,5127913,0.45,0.98,2,599,0
E00363,E00112,shared_director,0.24,30,5919858,0.27,1.37,1,766,0,3125288,0.78,1.11,1,649,1
E02558,E00112,co-investor,0.54,9,3280999,0.89,1.81,1,748,0,3125288,0.78,1.11,1,649,1
E00744,E00112,supplier,0.37,7,3744143,0.72,1.72,2,505,0,3125288,0.78,1.11,1,649,1
E02470,E00112,supplier,0.24,18,7509623,0.96,1.58,1,842,1,3125288,0.78,1.11,1,649,1
E00363,E01211,parent_company,0.33,27,5919858,0.27,1.37,1,766,0,5960292,0.33,1.19,2,561,0
E00696,E01211,parent_company,0.16,37,2737093,0.94,0.68,3,541,1,5960292,0.33,1.19,2,561,0
E01971,E01211,supplier,0.3,49,4522174,0.34,1.19,2,728,0,5960292,0.33,1.19,2,561,0
E01989,E01211,parent_company,0.64,9,2844256,0.53,0.61,2,804,0,5960292,0.33,1.19,2,561,0
E00629,E01211,co-investor,0.49,48,7449168,0.93,1.1,3,740,0,5960292,0.33,1.19,2,561,0
E02740,E00478,co-investor,0.82,48,3841909,0.14,1.13,3,550,0,5508347,0.53,0.57,4,784,0
E02261,E00478,shared_director,0.68,7,6658259,0.18,0.95,3,811,0,5508347,0.53,0.57,4,784,0
E01855,E00478,parent_company,0.2,41,5307663,0.98,1.91,2,660,0,5508347,0.53,0.57,4,784,0
E02192,E02843,shared_director,0.11,19,4950685,0.72,1.58,3,609,0,2567348,0.31,1.18,1,766,0
E00995,E02843,shared_director,0.86,47,3383160,0.7,0.88,2,773,0,2567348,0.31,1.18,1,766,0
E01185,E00687,supplier,0.73,39,2971162,0.25,1.87,0,694,0,2858811,0.92,1.5,2,720,1
E00216,E00687,shared_director,0.46,20,6171006,0.84,1.16,0,585,1,2858811,0.92,1.5,2,720,1
E01594,E00687,parent_company,0.46,38,5082758,0.78,0.91,2,791,1,2858811,0.92,1.5,2,720,1
E02558,E02607,parent_company,0.21,4,3280999,0.89,1.81,1,748,0,6835935,0.9,1.84,1,841,0
E01719,E02607,co-investor,0.14,19,2401766,0.21,1.12,3,594,1,6835935,0.9,1.84,1,841,0
E00774,E02607,supplier,0.66,9,4919822,0.36,0.79,0,812,0,6835935,0.9,1.84,1,841,0
E02044,E02607,shared_director,1.0,45,4894343,0.7,1.2,1,559,0,6835935,0.9,1.84,1,841,0
E02474,E00885,supplier,0.59,25,4573215,0.86,0.53,0,659,0,3970716,0.41,0.91,1,785,0
E00136,E00883,supplier,0.86,38,6103727,0.68,0.67,1,844,0,6439674,0.81,1.26,1,644,1
E00066,E00883,shared_director,0.8,49,6033338,0.94,1.01,1,846,0,6439674,0.81,1.26,1,644,1
E01188,E00883,co-investor,0.91,33,5060323,0.31,0.85,2,795,0,6439674,0.81,1.26,1,644,1
E00136,E01891,co-investor,0.8,3,6103727,0.68,0.67,1,844,0,5199211,0.32,1.05,1,796,0
E02084,E01891,parent_company,0.96,31,6383762,0.93,1.32,3,801,0,5199211,0.32,1.05,1,796,0
E00836,E01891,co-investor,0.87,23,1104232,0.5,1.64,1,738,0,5199211,0.32,1.05,1,796,0
E00136,E00385,supplier,0.17,40,6103727,0.68,0.67,1,844,0,9944558,0.73,0.58,2,720,0
E01414,E01001,supplier,0.65,11,3473137,0.5,1.36,0,599,0,7035002,0.35,1.98,1,741,0
E02684,E01001,co-investor,0.22,26,5182376,0.99,0.89,2,689,1,7035002,0.35,1.98,1,741,0
E01033,E01001,parent_company,0.66,34,4877913,0.13,0.99,0,724,0,7035002,0.35,1.98,1,741,0
E02679,E01001,co-investor,0.83,36,4434226,0.9,0.83,0,772,1,7035002,0.35,1.98,1,741,0
E01734,E01001,shared_director,0.9,14,2997125,0.21,1.86,0,728,0,7035002,0.35,1.98,1,741,0
E01414,E01004,parent_company,0.9,3,3473137,0.5,1.36,0,599,0,5304631,0.62,0.8,1,783,0
E02573,E01004,shared_director,0.87,24,5963567,0.64,0.83,3,795,0,5304631,0.62,0.8,1,783,0
E01655,E01004,supplier,0.21,26,5818056,0.54,1.2,2,738,0,5304631,0.62,0.8,1,783,0
E01999,E01004,co-investor,0.75,27,4582091,0.37,1.67,3,575,1,5304631,0.62,0.8,1,783,0
E01180,E01004,shared_director,0.11,48,5460019,0.68,1.53,1,793,0,5304631,0.62,0.8,1,783,0
E02689,E01004,supplier,0.3,23,7411912,0.47,0.76,6,520,0,5304631,0.62,0.8,1,783,0
E00216,E00451,shared_director,0.32,49,6171006,0.84,1.16,0,585,1,6600996,0.43,1.08,2,664,0
E02111,E00451,shared_director,0.78,39,6116583,0.83,1.66,2,828,1,6600996,0.43,1.08,2,664,0
E02172,E02798,supplier,0.19,35,3477627,0.9,0.86,1,665,0,6797296,0.75,0.53,3,762,0
E01993,E02798,parent_company,0.46,15,4626456,0.54,1.28,0,634,0,6797296,0.75,0.53,3,762,0
E01346,E02798,supplier,0.3,26,5560242,0.64,1.33,0,613,0,6797296,0.75,0.53,3,762,0
E00056,E02798,parent_company,0.4,48,4478529,0.7,1.16,2,646,0,6797296,0.75,0.53,3,762,0
E02306,E02798,parent_company,0.28,45,5275689,0.19,1.2,0,622,0,6797296,0.75,0.53,3,762,0
E02172,E02002,supplier,0.57,38,3477627,0.9,0.86,1,665,0,8026018,0.97,1.15,0,832,1
E01117,E01677,supplier,0.47,27,7751732,0.51,1.49,5,535,0,3536973,0.23,1.57,1,605,0
E01992,E01677,parent_company,0.36,3,2058182,0.28,1.29,1,590,0,3536973,0.23,1.57,1,605,0
E01694,E01677,shared_director,0.96,34,5457153,0.81,1.83,0,523,0,3536973,0.23,1.57,1,605,0
E00806,E01677,supplier,0.11,30,2344163,0.49,1.7,5,781,0,3536973,0.23,1.57,1,605,0
E01117,E02497,parent_company,0.38,34,7751732,0.51,1.49,5,535,0,503714,0.13,1.42,3,647,0
E01067,E02497,parent_company,0.69,43,5383041,0.68,1.91,1,630,0,503714,0.13,1.42,3,647,0
E02367,E02497,shared_director,0.28,23,6704357,0.67,0.9,3,776,0,503714,0.13,1.42,3,647,0
E01046,E02681,shared_director,0.51,44,7736843,0.58,1.17,0,641,0,4936975,0.77,1.27,1,551,1
E01046,E01397,shared_director,0.79,30,7736843,0.58,1.17,0,641,0,1719466,0.51,0.61,1,831,0
E00568,E01397,parent_company,0.46,1,1934408,0.94,0.68,1,535,0,1719466,0.51,0.61,1,831,0
E00081,E01397,co-investor,0.25,4,843246,0.78,0.99,5,625,1,1719466,0.51,0.61,1,831,0
E02715,E01397,shared_director,0.6,45,6314729,0.47,1.2,1,531,0,1719466,0.51,0.61,1,831,0
E00662,E01397,shared_director,0.74,48,8893085,0.71,0.58,2,678,0,1719466,0.51,0.61,1,831,0
E02309,E01397,shared_director,0.69,32,6010808,0.2,1.41,1,630,0,1719466,0.51,0.61,1,831,0
E00294,E01397,parent_company,0.93,9,8063377,0.89,1.33,3,754,0,1719466,0.51,0.61,1,831,0
E02828,E00737,co-investor,0.59,44,6147374,0.32,1.9,3,683,0,3622666,0.64,1.22,1,698,0
E00812,E00737,shared_director,0.11,8,3584294,0.49,1.44,0,512,0,3622666,0.64,1.22,1,698,0
E02828,E00857,shared_director,0.59,21,6147374,0.32,1.9,3,683,0,4811256,0.72,0.99,2,515,0
E00123,E00857,shared_director,0.48,26,1493061,0.39,1.56,1,759,0,4811256,0.72,0.99,2,515,0
E00377,E00818,parent_company,0.83,25,1817190,0.83,0.97,0,663,1,3995075,0.4,1.0,2,539,0
E00499,E02901,supplier,0.18,39,4620011,0.62,0.89,1,729,0,7402029,0.58,0.85,1,731,1
E01197,E02901,shared_director,0.79,32,4788939,0.68,1.77,0,502,0,7402029,0.58,0.85,1,731,1
E00533,E00897,co-investor,0.45,29,7010285,0.57,0.56,1,555,1,1602301,0.88,1.16,0,651,0
E01192,E00897,supplier,0.53,23,5286678,0.23,0.52,4,606,0,1602301,0.88,1.16,0,651,0
E00533,E00347,supplier,0.98,8,7010285,0.57,0.56,1,555,1,2545480,0.35,0.99,1,829,0
E00533,E00692,supplier,0.32,5,7010285,0.57,0.56,1,555,1,6416178,0.78,0.76,1,819,0
E01605,E00692,parent_company,0.26,23,5464311,0.87,1.57,1,777,1,6416178,0.78,0.76,1,819,0
E02604,E00692,co-investor,0.99,33,6834630,0.85,0.51,1,581,0,6416178,0.78,0.76,1,819,0
E00531,E00692,shared_director,0.22,8,3456743,0.75,1.75,2,528,1,6416178,0.78,0.76,1,819,0
E02735,E02672,shared_director,0.64,30,6532392,0.2,1.42,2,582,0,10531959,0.74,0.86,3,788,0
E01426,E02672,supplier,0.37,50,7406225,0.36,0.54,4,738,0,10531959,0.74,0.86,3,788,0
E01136,E00256,shared_director,0.45,4,4873107,0.59,1.48,0,716,0,4246894,0.45,1.42,2,779,0
E01558,E00256,co-investor,0.81,31,4260828,0.56,0.52,0,793,0,4246894,0.45,1.42,2,779,0
E00669,E00256,parent_company,0.19,29,3170081,0.14,1.86,3,558,1,4246894,0.45,1.42,2,779,0
E01136,E00452,supplier,0.51,38,4873107,0.59,1.48,0,716,0,5358549,0.81,1.47,2,707,0
E02185,E00452,co-investor,0.2,20,5472835,0.33,0.87,2,572,0,5358549,0.81,1.47,2,707,0
E01884,E00452,co-investor,1.0,16,2922280,0.77,0.9,1,817,0,5358549,0.81,1.47,2,707,0
E01058,E01085,parent_company,0.5,32,5966850,0.33,1.58,0,683,0,8615752,0.98,1.48,0,540,1
E01058,E01651,shared_director,0.77,46,5966850,0.33,1.58,0,683,0,7822101,0.89,1.64,0,787,1
E00516,E01651,supplier,0.52,49,4672078,0.26,1.85,1,827,0,7822101,0.89,1.64,0,787,1
E00822,E02500,shared_director,0.26,32,7449254,0.56,1.87,2,636,0,4323012,0.32,1.17,3,569,0
E01545,E02500,parent_company,0.63,48,3609912,0.89,1.39,3,589,0,4323012,0.32,1.17,3,569,0
E00822,E00929,co-investor,0.99,41,7449254,0.56,1.87,2,636,0,5379695,0.38,0.98,2,642,0
E02530,E00929,supplier,0.61,32,5139858,0.96,1.61,1,533,1,5379695,0.38,0.98,2,642,0
E02819,E00929,co-investor,0.21,9,4413188,0.57,1.95,2,590,0,5379695,0.38,0.98,2,642,0
E02929,E00929,shared_director,0.2,27,7409348,0.72,0.61,0,505,0,5379695,0.38,0.98,2,642,0
E00530,E00929,shared_director,0.48,33,8262251,0.96,1.5,1,672,0,5379695,0.38,0.98,2,642,0
E00822,E00333,shared_director,0.39,23,7449254,0.56,1.87,2,636,0,6464247,0.24,0.79,3,780,0
E01886,E00333,parent_company,0.38,44,5329820,0.97,1.56,0,730,0,6464247,0.24,0.79,3,780,0
E00436,E02294,shared_director,0.43,2,6128554,0.77,0.51,0,798,0,4025683,0.94,1.66,3,536,1
E00436,E01370,co-investor,0.57,1,6128554,0.77,0.51,0,798,0,7007133,0.11,0.71,4,776,0
E01912,E01370,shared_director,0.37,8,8181809,0.15,0.97,1,789,1,7007133,0.11,0.71,4,776,0
E01490,E01370,co-investor,0.2,43,5965048,0.96,1.27,4,569,0,7007133,0.11,0.71,4,776,0
E01600,E00712,shared_director,0.91,34,2513352,0.4,1.35,1,825,0,7626137,0.98,1.31,2,794,0
E00512,E00712,co-investor,0.46,45,6288536,0.88,1.04,1,534,0,7626137,0.98,1.31,2,794,0
E02354,E00016,shared_director,0.53,26,1230427,0.47,1.05,3,590,0,6947114,0.63,0.7,1,602,0
E00354,E00016,supplier,0.41,15,4541194,0.95,1.18,1,566,0,6947114,0.63,0.7,1,602,0
E01876,E00016,co-investor,0.92,15,4966928,0.55,1.77,2,736,0,6947114,0.63,0.7,1,602,0
E02354,E00012,parent_company,0.75,45,1230427,0.47,1.05,3,590,0,4110724,0.55,0.92,3,515,0
E02573,E00012,shared_director,0.65,27,5963567,0.64,0.83,3,795,0,4110724,0.55,0.92,3,515,0
E01798,E00012,parent_company,0.61,29,5371385,0.23,1.85,3,579,0,4110724,0.55,0.92,3,515,0
E00610,E00012,supplier,0.31,43,2407248,0.61,0.91,0,720,0,4110724,0.55,0.92,3,515,0
E02354,E02632,co-investor,0.8,40,1230427,0.47,1.05,3,590,0,5154289,0.47,1.29,0,616,0
E00246,E02632,supplier,0.64,12,3802151,0.44,1.82,0,500,0,5154289,0.47,1.29,0,616,0
E01247,E02632,parent_company,1.0,15,7352350,0.51,0.82,1,802,0,5154289,0.47,1.29,0,616,0
E00288,E02213,parent_company,0.1,45,5843369,0.16,0.61,3,663,0,4453755,0.84,0.53,1,661,0
E02366,E02213,parent_company,0.39,20,6430324,0.92,0.52,4,671,0,4453755,0.84,0.53,1,661,0
E01975,E00497,co-investor,0.4,20,4819750,0.16,0.94,3,703,1,4738168,0.79,0.62,5,773,0
E01975,E02414,co-investor,0.7,29,4819750,0.16,0.94,3,703,1,527341,0.31,1.79,2,514,0
E02568,E02414,supplier,0.78,8,2708198,0.95,0.69,3,837,0,527341,0.31,1.79,2,514,0
E00155,E02414,supplier,0.57,39,7682623,0.33,1.09,3,504,0,527341,0.31,1.79,2,514,0
E01975,E02151,supplier,0.44,35,4819750,0.16,0.94,3,703,1,3208887,0.91,1.61,1,718,0
E01712,E02151,shared_director,0.69,47,4851578,0.18,1.22,2,712,0,3208887,0.91,1.61,1,718,0
E01089,E02151,shared_director,0.68,13,4669201,0.43,0.88,0,512,0,3208887,0.91,1.61,1,718,0
E02851,E01598,supplier,0.67,23,247134,0.54,1.75,3,510,0,6144185,0.48,1.28,0,565,0
E01371,E01598,parent_company,0.57,35,9666488,0.48,1.26,1,812,0,6144185,0.48,1.28,0,565,0
E02555,E01598,supplier,0.11,21,8396185,0.12,1.4,3,525,0,6144185,0.48,1.28,0,565,0
E02053,E01598,parent_company,0.14,43,7089027,0.18,0.66,2,848,0,6144185,0.48,1.28,0,565,0
E02851,E00771,supplier,0.29,42,247134,0.54,1.75,3,510,0,1079683,0.15,0.93,1,725,0
E01714,E00771,supplier,0.82,7,6848323,0.33,1.11,1,689,0,1079683,0.15,0.93,1,725,0
E01960,E00771,co-investor,0.35,25,3470016,0.49,1.87,1,517,1,1079683,0.15,0.93,1,725,0
E00311,E00771,parent_company,0.86,49,7990267,0.27,0.81,0,741,0,1079683,0.15,0.93,1,725,0
E02851,E00586,co-investor,0.68,38,247134,0.54,1.75,3,510,0,5793677,0.54,1.46,0,610,0
E00115,E00586,parent_company,0.81,27,2516997,0.26,0.59,0,784,0,5793677,0.54,1.46,0,610,0
E00059,E00586,supplier,0.85,16,4986693,0.12,1.52,0,608,0,5793677,0.54,1.46,0,610,0
E00977,E02004,shared_director,0.16,35,5203288,0.42,1.31,1,580,0,5829295,0.43,1.73,1,587,0
E02399,E02004,parent_company,0.86,40,671380,0.91,1.69,1,510,1,5829295,0.43,1.73,1,587,0
E02409,E02004,co-investor,0.66,41,3888861,0.28,0.52,0,550,0,5829295,0.43,1.73,1,587,0
E00493,E02004,co-investor,0.77,21,4346238,0.24,1.12,0,849,0,5829295,0.43,1.73,1,587,0
E00026,E02004,supplier,0.97,19,350560,0.28,0.9,1,843,0,5829295,0.43,1.73,1,587,0
E00977,E00504,supplier,0.75,20,5203288,0.42,1.31,1,580,0,5905069,0.21,1.73,2,709,0
E02636,E01261,shared_director,0.58,29,5001000,0.39,1.37,0,808,0,6710920,0.8,0.63,3,521,1
E01824,E01261,co-investor,0.79,5,4718144,0.75,0.56,1,811,0,6710920,0.8,0.63,3,521,1
E01546,E01261,shared_director,0.81,19,4917661,0.21,0.91,5,678,0,6710920,0.8,0.63,3,521,1
E00068,E00140,supplier,0.73,39,4670928,0.75,1.79,2,501,0,6053874,0.82,1.88,2,805,0
E02434,E00140,co-investor,0.91,21,3739427,0.46,1.77,0,782,0,6053874,0.82,1.88,2,805,0
E01960,E00140,co-investor,0.33,29,3470016,0.49,1.87,1,517,1,6053874,0.82,1.88,2,805,0
E02234,E00140,co-investor,0.46,9,4139229,0.4,1.34,5,552,0,6053874,0.82,1.88,2,805,0
E00176,E01661,supplier,0.29,42,4199237,0.7,1.37,1,619,0,5022283,0.16,1.97,1,664,0
E00758,E01661,supplier,0.45,35,4366699,0.45,0.93,2,805,0,5022283,0.16,1.97,1,664,0
E00176,E02315,shared_director,0.5,41,4199237,0.7,1.37,1,619,0,5662683,0.48,0.55,1,847,0
E02734,E00290,supplier,0.68,21,4688868,0.87,1.33,3,803,0,6430014,0.6,0.83,2,617,0
E00758,E00290,shared_director,0.43,19,4366699,0.45,0.93,2,805,0,6430014,0.6,0.83,2,617,0
E00126,E00290,shared_director,0.9,20,4938083,0.37,1.49,5,515,0,6430014,0.6,0.83,2,617,0
E02311,E00290,parent_company,0.37,2,6390041,0.52,0.53,1,598,1,6430014,0.6,0.83,2,617,0
E01063,E00290,shared_director,0.48,21,4600942,0.74,0.77,0,698,0,6430014,0.6,0.83,2,617,0
E00514,E00290,parent_company,0.59,1,3698572,0.8,1.05,0,820,0,6430014,0.6,0.83,2,617,0
E00205,E01259,supplier,0.51,11,2915030,0.56,1.4,0,619,0,1081219,0.82,1.38,0,690,0
E01779,E01259,parent_company,0.88,25,3985848,0.94,0.61,4,589,0,1081219,0.82,1.38,0,690,0
E01461,E01259,co-investor,0.76,45,4680810,0.65,1.55,2,779,0,1081219,0.82,1.38,0,690,0
E00205,E00416,supplier,0.42,44,2915030,0.56,1.4,0,619,0,6362890,0.77,0.6,3,771,0
E01271,E00416,parent_company,0.24,49,6056136,0.26,1.38,1,516,1,6362890,0.77,0.6,3,771,0
E01382,E00750,shared_director,0.44,26,3632080,0.47,0.56,1,791,0,9577364,0.55,0.85,2,713,0
E00879,E00750,co-investor,0.97,42,7575964,0.41,0.8,1,846,0,9577364,0.55,0.85,2,713,0
E01382,E02774,co-investor,0.55,33,3632080,0.47,0.56,1,791,0,3637889,0.27,1.28,1,562,0
E01371,E02774,shared_director,0.57,47,9666488,0.48,1.26,1,812,0,3637889,0.27,1.28,1,562,0
E01194,E02774,shared_director,0.22,12,6222287,0.55,1.99,1,645,0,3637889,0.27,1.28,1,562,0
E02622,E02774,co-investor,0.65,19,4954844,0.57,1.64,1,798,0,3637889,0.27,1.28,1,562,0
E00187,E00752,parent_company,0.21,39,6633397,0.67,1.1,1,715,0,4582079,0.75,0.56,1,746,0
E00552,E00752,supplier,0.24,1,8105123,0.66,1.6,1,544,0,4582079,0.75,0.56,1,746,0
E00273,E00752,co-investor,0.25,48,3318182,0.99,0.92,0,709,1,4582079,0.75,0.56,1,746,0
E01215,E00752,parent_company,0.85,11,3441696,0.19,1.14,0,640,0,4582079,0.75,0.56,1,746,0
E00750,E00752,shared_director,0.47,31,9577364,0.55,0.85,2,713,0,4582079,0.75,0.56,1,746,0
E01269,E00752,co-investor,0.61,30,4468460,0.94,1.41,2,590,0,4582079,0.75,0.56,1,746,0
E01122,E01113,shared_director,0.15,25,2366502,0.48,1.08,0,591,0,4195866,0.64,1.82,1,670,0
E00397,E01113,supplier,0.5,27,6049777,0.72,1.59,2,671,0,4195866,0.64,1.82,1,670,0
E02743,E01113,parent_company,0.89,41,5436050,0.53,1.19,4,780,0,4195866,0.64,1.82,1,670,0
E02267,E02214,supplier,0.76,44,8182038,0.36,1.77,1,565,1,7108863,0.94,1.23,0,713,0
E01530,E02214,parent_company,0.8,35,3515540,0.87,1.47,0,781,0,7108863,0.94,1.23,0,713,0
E00527,E02214,shared_director,0.37,46,2846678,0.87,0.59,1,792,1,7108863,0.94,1.23,0,713,0
E01142,E02214,co-investor,0.56,18,6501173,0.27,1.17,3,769,0,7108863,0.94,1.23,0,713,0
E01312,E02214,co-investor,0.17,45,2027445,0.44,0.63,2,599,0,7108863,0.94,1.23,0,713,0
E00772,E02214,co-investor,0.3,1,9121117,0.97,1.37,3,663,0,7108863,0.94,1.23,0,713,0
E02167,E02214,parent_company,0.68,29,1595573,0.37,1.1,1,741,0,7108863,0.94,1.23,0,713,0
E00331,E00027,supplier,0.26,6,4737923,0.45,1.82,2,597,0,5361061,0.12,1.41,0,505,1
E01880,E00027,co-investor,0.17,8,2963500,0.94,0.88,1,713,0,5361061,0.12,1.41,0,505,1
E01048,E00027,shared_director,0.12,26,6073487,0.2,1.81,1,692,0,5361061,0.12,1.41,0,505,1
E00830,E00027,parent_company,0.81,22,5718418,0.46,0.88,2,812,0,5361061,0.12,1.41,0,505,1
E00331,E01945,supplier,0.12,18,4737923,0.45,1.82,2,597,0,6097757,0.2,0.79,2,607,0
E02003,E01945,parent_company,0.54,23,7793193,0.22,1.74,0,572,0,6097757,0.2,0.79,2,607,0
E02723,E01945,parent_company,0.64,20,5690150,0.65,1.09,1,743,0,6097757,0.2,0.79,2,607,0
E00120,E01945,parent_company,0.51,4,2173951,0.54,1.67,2,827,0,6097757,0.2,0.79,2,607,0
E02501,E02068,co-investor,0.9,22,7992204,0.18,2.0,3,811,0,4415480,0.32,1.47,2,660,0
E02009,E02068,co-investor,0.59,35,7148494,0.17,0.94,4,752,0,4415480,0.32,1.47,2,660,0
E02501,E01828,supplier,0.16,17,7992204,0.18,2.0,3,811,0,4121988,0.66,1.66,4,769,0
E00780,E01828,shared_director,0.81,2,447252,0.37,0.69,1,526,0,4121988,0.66,1.66,4,769,0
E01425,E00122,shared_director,0.74,12,1694162,0.7,1.21,3,525,0,660244,0.32,1.74,1,659,0
E00767,E00122,parent_company,0.77,37,5217691,0.89,0.81,3,558,0,660244,0.32,1.74,1,659,0
E02615,E00122,parent_company,0.58,22,7145773,0.32,0.71,3,611,0,660244,0.32,1.74,1,659,0
E01425,E01985,co-investor,0.56,40,1694162,0.7,1.21,3,525,0,4612101,0.21,1.51,1,801,0
E02211,E00195,shared_director,0.47,21,4151102,0.37,0.53,1,571,0,6636969,0.11,1.35,0,597,0
E01311,E00195,parent_company,0.14,4,1920666,0.83,0.62,1,548,1,6636969,0.11,1.35,0,597,0
E00742,E00195,co-investor,0.22,29,3586486,0.55,1.15,1,742,0,6636969,0.11,1.35,0,597,0
E00721,E00648,supplier,0.54,8,100000,0.78,1.88,3,566,1,3577402,0.62,1.75,1,724,0
E00291,E02332,supplier,0.21,34,6004833,0.36,1.88,2,522,0,5969757,0.29,0.8,0,558,0
E01717,E00815,co-investor,0.31,8,3928081,0.15,1.27,2,579,1,6214262,0.45,1.52,0,748,0
E00654,E00815,parent_company,0.22,10,6402746,0.68,0.97,2,661,0,6214262,0.45,1.52,0,748,0
E01717,E02864,co-investor,0.53,31,3928081,0.15,1.27,2,579,1,6192794,0.99,1.28,2,588,0
E01336,E00933,supplier,0.31,27,7254716,0.43,1.28,1,837,0,4300775,0.62,0.74,1,591,0
E01336,E01680,shared_director,0.25,14,7254716,0.43,1.28,1,837,0,3501937,0.15,0.72,1,608,1
E01105,E01680,co-investor,0.12,49,4793953,0.71,0.53,0,540,0,3501937,0.15,0.72,1,608,1
E01402,E01680,co-investor,0.96,30,4730462,0.52,1.09,2,802,0,3501937,0.15,0.72,1,608,1
E02658,E01680,co-investor,0.54,11,2508812,0.79,0.55,2,688,0,3501937,0.15,0.72,1,608,1
E01336,E01654,shared_director,0.12,41,7254716,0.43,1.28,1,837,0,100000,0.56,1.01,2,741,0
E01131,E01654,supplier,0.35,2,1590242,0.78,1.39,1,802,0,100000,0.56,1.01,2,741,0
E01858,E01654,shared_director,0.52,43,5569737,0.11,1.77,1,773,0,100000,0.56,1.01,2,741,0
E01864,E00730,shared_director,0.44,30,3498794,0.59,1.27,1,817,0,5586538,0.25,1.57,1,760,0
E00538,E00730,parent_company,0.43,45,5711101,0.37,1.4,0,657,0,5586538,0.25,1.57,1,760,0
E01864,E02746,shared_director,0.66,17,3498794,0.59,1.27,1,817,0,5676504,0.7,1.27,1,644,0
E02174,E02746,parent_company,0.42,4,3839712,0.4,0.53,1,577,0,5676504,0.7,1.27,1,644,0
E02295,E02746,parent_company,0.75,43,7858234,0.82,1.19,1,586,0,5676504,0.7,1.27,1,644,0
E01714,E00702,co-investor,0.3,19,6848323,0.33,1.11,1,689,0,5927944,0.28,1.8,4,745,0
E02708,E00702,shared_director,0.89,5,4519694,0.43,0.56,6,501,0,5927944,0.28,1.8,4,745,0
E00265,E00702,supplier,0.6,36,6086998,0.8,1.82,1,695,1,5927944,0.28,1.8,4,745,0
E01714,E01054,co-investor,0.23,28,6848323,0.33,1.11,1,689,0,6312721,0.2,0.5,1,641,0
E00096,E01054,supplier,0.67,47,5059967,0.7,1.34,0,612,1,6312721,0.2,0.5,1,641,0
E01406,E01054,shared_director,0.46,29,4561112,0.96,1.58,2,631,0,6312721,0.2,0.5,1,641,0
E00083,E01054,supplier,0.97,11,2644943,0.38,1.9,2,587,0,6312721,0.2,0.5,1,641,0
E02473,E00643,parent_company,0.62,36,6464469,0.21,0.56,2,555,1,5605370,0.44,1.36,2,547,0
E02195,E00643,shared_director,0.23,44,2628278,0.42,0.61,0,626,0,5605370,0.44,1.36,2,547,0
E02676,E00643,shared_director,0.54,44,1822363,0.34,1.97,2,595,0,5605370,0.44,1.36,2,547,0
E00705,E00643,parent_company,0.76,47,6136882,0.16,1.41,0,771,0,5605370,0.44,1.36,2,547,0
E01547,E00643,parent_company,0.4,29,6074181,0.88,0.62,2,557,0,5605370,0.44,1.36,2,547,0
E02473,E01845,co-investor,0.8,46,6464469,0.21,0.56,2,555,1,5815753,0.27,1.28,2,728,0
E00840,E01845,shared_director,0.15,43,4337087,0.18,1.49,2,638,0,5815753,0.27,1.28,2,728,0
E02473,E01817,co-investor,0.19,17,6464469,0.21,0.56,2,555,1,4345763,0.83,1.56,1,757,1
E00230,E01817,supplier,0.38,35,3390426,0.28,1.57,1,595,0,4345763,0.83,1.56,1,757,1
E00518,E01817,co-investor,0.32,6,3165680,0.25,1.07,1,677,0,4345763,0.83,1.56,1,757,1
E00941,E00355,shared_director,0.87,32,2178351,0.16,1.68,0,667,0,6901005,0.23,0.55,3,592,0
E02678,E00355,co-investor,0.61,21,3809793,0.53,1.55,1,620,0,6901005,0.23,0.55,3,592,0
E00941,E02733,co-investor,0.35,36,2178351,0.16,1.68,0,667,0,4251639,0.97,1.75,3,780,0
E01843,E02733,shared_director,0.23,47,8229953,0.77,0.93,4,518,0,4251639,0.97,1.75,3,780,0
E02325,E02733,parent_company,0.35,48,3359646,0.94,0.66,1,648,1,4251639,0.97,1.75,3,780,0
E01183,E02733,shared_director,0.97,20,7443601,0.13,1.82,1,608,0,4251639,0.97,1.75,3,780,0
E01422,E02733,supplier,0.84,50,4734966,0.57,1.16,1,592,0,4251639,0.97,1.75,3,780,0
E00941,E02591,co-investor,0.97,4,2178351,0.16,1.68,0,667,0,6856090,0.54,0.86,2,539,0
E00887,E02327,co-investor,0.79,45,5555966,0.31,1.41,4,617,0,4063132,0.74,1.65,1,715,0
E00976,E02327,supplier,0.24,8,4971960,0.86,1.37,0,551,0,4063132,0.74,1.65,1,715,0
E01453,E02327,supplier,0.72,2,3283100,0.41,0.82,1,768,1,4063132,0.74,1.65,1,715,0
E02374,E02131,co-investor,0.85,8,6012733,0.45,1.68,0,786,0,3039477,0.59,1.26,2,501,0
E02383,E02131,parent_company,0.21,47,1511338,0.49,1.3,2,636,0,3039477,0.59,1.26,2,501,0
E01997,E02131,supplier,0.57,33,7578793,0.74,1.1,1,621,0,3039477,0.59,1.26,2,501,0
E02276,E02131,supplier,0.53,44,2779992,0.89,1.57,2,552,0,3039477,0.59,1.26,2,501,0
E01712,E00182,supplier,0.99,47,4851578,0.18,1.22,2,712,0,7288270,0.47,1.0,1,719,0
E02854,E01950,co-investor,0.86,9,5378222,0.51,1.11,1,771,0,3421109,0.75,1.54,4,784,0
E00776,E01950,supplier,0.21,35,3274189,0.87,1.91,0,819,1,3421109,0.75,1.54,4,784,0
E01643,E01950,shared_director,0.72,23,1919504,0.19,0.7,2,623,0,3421109,0.75,1.54,4,784,0
E00066,E01435,supplier,0.94,46,6033338,0.94,1.01,1,846,0,2789293,0.71,1.73,2,553,1
E00055,E01435,co-investor,0.21,43,1994469,0.68,0.71,0,809,0,2789293,0.71,1.73,2,553,1
E02568,E02781,shared_director,0.99,34,2708198,0.95,0.69,3,837,0,5247834,0.12,0.75,3,833,0
E01162,E02781,parent_company,0.83,2,5428901,0.21,1.27,1,727,0,5247834,0.12,0.75,3,833,0
E01599,E02781,shared_director,0.19,50,4830220,0.8,1.07,4,637,1,5247834,0.12,0.75,3,833,0
E02568,E00941,parent_company,0.13,1,2708198,0.95,0.69,3,837,0,2178351,0.16,1.68,0,667,0
E01808,E00941,shared_director,0.98,49,1926952,0.8,1.6,2,665,0,2178351,0.16,1.68,0,667,0
E02619,E00941,parent_company,0.17,16,4581957,0.93,1.43,0,696,0,2178351,0.16,1.68,0,667,0
E01356,E00941,co-investor,0.11,45,3314514,0.39,0.96,2,724,0,2178351,0.16,1.68,0,667,0
E02152,E00941,supplier,0.47,16,6992017,0.34,0.58,1,659,0,2178351,0.16,1.68,0,667,0
E01745,E01106,parent_company,0.81,6,2765717,0.69,1.78,0,820,0,7450264,0.7,1.34,1,758,0
E01745,E00070,parent_company,0.85,31,2765717,0.69,1.78,0,820,0,5316511,0.89,0.61,2,626,0
E00158,E00070,shared_director,0.16,19,1492852,0.15,1.3,0,506,0,5316511,0.89,0.61,2,626,0
E02722,E00070,co-investor,0.37,29,5477658,0.23,1.79,1,521,0,5316511,0.89,0.61,2,626,0
E01745,E01182,parent_company,0.22,6,2765717,0.69,1.78,0,820,0,2773891,0.96,1.46,4,657,0
E01639,E01182,supplier,0.58,22,1947458,0.78,1.2,0,591,0,2773891,0.96,1.46,4,657,0
E02138,E01182,supplier,0.3,24,6530552,0.47,1.07,0,836,0,2773891,0.96,1.46,4,657,0
E02542,E00407,supplier,0.83,7,3685030,0.5,1.62,0,570,0,6977765,0.92,1.81,2,592,0
E02787,E02337,co-investor,0.28,42,4556622,0.65,1.36,0,822,0,6649498,0.46,1.92,0,621,0
E00861,E02337,supplier,0.12,10,5060957,0.58,0.53,0,722,0,6649498,0.46,1.92,0,621,0
E01415,E00341,parent_company,0.77,34,6745838,0.8,1.78,0,848,0,7243706,0.24,1.07,1,620,0
E01728,E00341,shared_director,1.0,35,3930533,0.82,0.75,2,799,0,7243706,0.24,1.07,1,620,0
E01461,E00341,supplier,0.19,32,4680810,0.65,1.55,2,779,0,7243706,0.24,1.07,1,620,0
E02862,E00341,parent_company,1.0,6,5137691,0.25,1.43,0,517,1,7243706,0.24,1.07,1,620,0
E01415,E00398,parent_company,0.64,37,6745838,0.8,1.78,0,848,0,8563250,0.38,1.18,0,711,0
E01658,E00398,supplier,0.15,32,2947560,0.62,0.99,3,725,0,8563250,0.38,1.18,0,711,0
E00358,E02535,co-investor,0.51,32,4942150,0.98,1.92,2,612,0,6271323,0.99,1.36,2,548,0
E01886,E02535,shared_director,0.55,28,5329820,0.97,1.56,0,730,0,6271323,0.99,1.36,2,548,0
E00607,E02033,parent_company,0.89,34,4432116,0.14,0.66,1,790,0,2255250,1.0,1.01,1,786,0
E01403,E02033,supplier,0.23,25,5060381,0.32,0.89,2,529,0,2255250,1.0,1.01,1,786,0
E02175,E02033,parent_company,0.44,26,7738509,0.77,1.66,3,706,0,2255250,1.0,1.01,1,786,0
E02457,E02033,co-investor,0.77,35,5707095,0.12,1.9,0,575,0,2255250,1.0,1.01,1,786,0
E00952,E00876,supplier,0.42,12,7780999,0.17,1.36,1,848,0,4960753,0.79,1.56,2,611,1
E01163,E00876,supplier,0.56,20,6468609,0.22,1.51,1,846,0,4960753,0.79,1.56,2,611,1
E01348,E00876,shared_director,0.61,21,6746338,0.48,1.92,0,516,0,4960753,0.79,1.56,2,611,1
E01738,E00876,parent_company,0.44,12,5079872,0.62,1.94,1,562,1,4960753,0.79,1.56,2,611,1
E02419,E00876,supplier,0.43,34,4946336,0.98,1.11,3,611,1,4960753,0.79,1.56,2,611,1
E00952,E01422,shared_director,0.3,13,7780999,0.17,1.36,1,848,0,4734966,0.57,1.16,1,592,0
E02855,E01185,co-investor,0.13,37,3544655,0.52,1.06,3,811,0,2971162,0.25,1.87,0,694,0
E02543,E01185,parent_company,0.1,31,1135665,0.85,0.7,2,809,0,2971162,0.25,1.87,0,694,0
E00171,E01185,parent_company,0.15,39,5359690,0.85,0.52,2,662,0,2971162,0.25,1.87,0,694,0
E01789,E01185,supplier,0.68,43,3342969,0.61,0.99,1,804,0,2971162,0.25,1.87,0,694,0
E02855,E00582,supplier,0.39,48,3544655,0.52,1.06,3,811,0,3031455,0.98,1.54,0,511,1
E01699,E00582,shared_director,0.49,11,6136960,0.68,1.94,0,627,0,3031455,0.98,1.54,0,511,1
E02855,E01224,co-investor,0.66,33,3544655,0.52,1.06,3,811,0,3694206,0.27,0.8,1,756,0
E00380,E01224,supplier,0.12,36,6991504,0.28,1.58,2,796,0,3694206,0.27,0.8,1,756,0
E00541,E01256,parent_company,0.81,15,7093840,0.64,0.55,2,689,0,3708861,0.99,0.76,3,627,0
E02469,E01256,shared_director,0.48,11,5303755,0.46,0.65,3,638,0,3708861,0.99,0.76,3,627,0
E02085,E01256,co-investor,0.69,26,7669806,0.34,1.3,0,846,0,3708861,0.99,0.76,3,627,0
E00541,E00515,supplier,0.32,3,7093840,0.64,0.55,2,689,0,7146174,0.86,1.46,1,562,0
E02669,E00515,co-investor,0.61,29,5049715,0.47,1.07,0,829,0,7146174,0.86,1.46,1,562,0
E00837,E00515,supplier,0.26,36,6158885,0.56,0.53,0,845,0,7146174,0.86,1.46,1,562,0
E00541,E01496,co-investor,0.82,31,7093840,0.64,0.55,2,689,0,8204506,0.7,1.42,1,793,0
E02534,E00659,co-investor,0.26,12,6310081,0.14,1.38,3,529,0,2654793,0.28,1.49,2,549,0
E00458,E00659,co-investor,0.59,35,3628779,0.46,0.66,4,631,0,2654793,0.28,1.49,2,549,0
E01892,E00659,parent_company,0.76,2,1680488,0.51,1.47,2,804,0,2654793,0.28,1.49,2,549,0
E00756,E02704,shared_director,0.58,43,2657916,0.51,0.6,1,510,0,1523776,0.22,1.99,3,652,0
E01346,E02704,co-investor,0.72,1,5560242,0.64,1.33,0,613,0,1523776,0.22,1.99,3,652,0
E00087,E02704,shared_director,0.58,1,4700244,0.68,0.67,1,568,0,1523776,0.22,1.99,3,652,0
E00701,E02704,supplier,0.15,26,4230316,0.94,1.9,0,760,1,1523776,0.22,1.99,3,652,0
E02186,E01236,supplier,0.93,26,2873964,0.6,1.86,0,652,0,5685630,0.25,0.55,3,633,0
E01684,E01236,shared_director,0.98,7,7267246,0.61,1.91,1,846,0,5685630,0.25,0.55,3,633,0
E02320,E01236,co-investor,0.18,19,7076755,0.11,1.69,4,581,1,5685630,0.25,0.55,3,633,0
E02046,E01260,supplier,0.35,32,7210121,0.51,1.83,1,802,0,6465298,0.2,0.97,0,736,0
E00614,E01260,supplier,0.95,37,6502751,0.43,1.97,2,575,1,6465298,0.2,0.97,0,736,0
E02913,E01260,parent_company,0.9,44,5796898,0.3,1.79,2,588,1,6465298,0.2,0.97,0,736,0
E00018,E02238,co-investor,0.68,19,7017205,0.26,1.01,1,782,0,5890172,0.51,0.96,0,567,0
E00797,E02238,supplier,0.41,11,5177293,0.75,1.85,2,670,0,5890172,0.51,0.96,0,567,0
E02074,E02238,co-investor,0.68,2,3377485,0.73,1.27,0,583,0,5890172,0.51,0.96,0,567,0
E02632,E02238,shared_director,0.52,31,5154289,0.47,1.29,0,616,0,5890172,0.51,0.96,0,567,0
E02343,E02238,parent_company,0.69,30,6270892,0.24,0.77,1,690,0,5890172,0.51,0.96,0,567,0
E00312,E02238,parent_company,0.22,48,5427260,0.84,1.5,0,651,0,5890172,0.51,0.96,0,567,0
E00018,E00349,shared_director,0.69,16,7017205,0.26,1.01,1,782,0,6795777,0.96,0.54,2,769,1
E02350,E00349,shared_director,0.71,24,6847940,0.21,1.31,1,661,0,6795777,0.96,0.54,2,769,1
E00953,E00349,supplier,0.75,23,2777173,0.28,1.14,0,838,0,6795777,0.96,0.54,2,769,1
E02898,E00349,parent_company,0.23,49,7155803,0.68,0.8,2,582,1,6795777,0.96,0.54,2,769,1
E01962,E00349,co-investor,0.39,23,6916953,0.92,1.19,1,542,0,6795777,0.96,0.54,2,769,1
E00018,E00091,co-investor,0.22,6,7017205,0.26,1.01,1,782,0,4276218,0.79,0.86,3,668,1
E01942,E00026,shared_director,0.33,16,2405662,0.8,1.69,2,785,0,350560,0.28,0.9,1,843,0
E01811,E02664,parent_company,0.95,37,8328634,0.8,0.65,2,527,1,3686089,0.57,0.83,0,786,0
E00572,E01718,supplier,0.74,34,6450302,0.76,1.86,0,751,1,6080048,0.55,1.6,1,727,0
E00646,E01718,parent_company,0.26,34,6126690,0.71,1.6,0,655,0,6080048,0.55,1.6,1,727,0
E02530,E00239,parent_company,0.33,33,5139858,0.96,1.61,1,533,1,9619445,0.16,0.92,2,646,1
E00009,E00239,supplier,0.27,38,4304946,0.56,1.85,0,838,0,9619445,0.16,0.92,2,646,1
E01139,E00802,supplier,0.18,29,4556278,0.62,1.31,4,790,0,4090359,0.8,1.38,3,525,0
E02020,E00802,supplier,0.58,30,5621182,0.86,1.96,1,580,0,4090359,0.8,1.38,3,525,0
E02759,E00802,co-investor,0.52,32,8985665,0.92,1.24,1,568,0,4090359,0.8,1.38,3,525,0
E01139,E02410,shared_director,0.37,6,4556278,0.62,1.31,4,790,0,2397312,0.13,1.84,3,542,0
E02812,E02410,co-investor,0.5,40,2860209,0.14,1.75,0,656,0,2397312,0.13,1.84,3,542,0
E01350,E02410,shared_director,0.49,5,2654816,0.18,1.96,0,816,0,2397312,0.13,1.84,3,542,0
E00797,E01714,parent_company,0.48,10,5177293,0.75,1.85,2,670,0,6848323,0.33,1.11,1,689,0
E02308,E01714,supplier,0.33,11,2590613,0.15,1.62,5,524,0,6848323,0.33,1.11,1,689,0
E00230,E02732,co-investor,0.46,46,3390426,0.28,1.57,1,595,0,6617849,0.91,1.85,4,511,0
E02932,E02732,co-investor,0.22,45,5867498,0.52,0.65,2,836,0,6617849,0.91,1.85,4,511,0
E01495,E02732,parent_company,0.35,42,6941882,0.94,0.56,2,515,1,6617849,0.91,1.85,4,511,0
E00230,E01835,supplier,0.38,20,3390426,0.28,1.57,1,595,0,6615061,0.47,1.26,1,826,0
E02057,E01835,parent_company,0.17,1,3101151,0.5,1.71,4,546,0,6615061,0.47,1.26,1,826,0
E01035,E01835,supplier,0.91,22,5166694,0.17,1.85,3,617,0,6615061,0.47,1.26,1,826,0
E01413,E00688,supplier,0.24,48,3003940,0.66,0.57,2,681,0,3220507,0.45,1.11,2,568,0
E02721,E00688,parent_company,0.14,33,6672657,0.56,1.28,0,516,0,3220507,0.45,1.11,2,568,0
E01734,E00688,parent_company,0.12,13,2997125,0.21,1.86,0,728,0,3220507,0.45,1.11,2,568,0
E02408,E00688,co-investor,0.82,8,4870664,0.31,0.68,0,534,1,3220507,0.45,1.11,2,568,0
E02798,E00688,co-investor,0.76,43,6797296,0.75,0.53,3,762,0,3220507,0.45,1.11,2,568,0
E00359,E02198,supplier,0.5,38,5539338,0.44,1.23,2,728,0,8282319,0.81,1.08,3,639,0
E01861,E02198,co-investor,0.3,19,7213929,0.61,1.73,0,766,0,8282319,0.81,1.08,3,639,0
E02072,E02198,co-investor,0.94,33,5250730,0.24,1.93,0,810,0,8282319,0.81,1.08,3,639,0
E01697,E00572,supplier,0.23,20,5960609,0.23,1.84,2,645,0,6450302,0.76,1.86,0,751,1
E02415,E00572,supplier,0.85,50,5821524,0.82,1.99,1,676,0,6450302,0.76,1.86,0,751,1
E00042,E00572,co-investor,0.32,49,6562146,0.6,1.42,0,603,0,6450302,0.76,1.86,0,751,1
E01697,E02074,supplier,0.96,26,5960609,0.23,1.84,2,645,0,3377485,0.73,1.27,0,583,0
E00116,E02074,shared_director,0.16,12,3367389,0.96,1.39,0,709,0,3377485,0.73,1.27,0,583,0
E01945,E00200,parent_company,0.45,27,6097757,0.2,0.79,2,607,0,4839168,0.41,1.83,2,802,0
E02678,E00200,co-investor,0.63,45,3809793,0.53,1.55,1,620,0,4839168,0.41,1.83,2,802,0
E00217,E00200,shared_director,0.11,37,6426799,0.68,0.89,2,570,1,4839168,0.41,1.83,2,802,0
E01540,E02691,co-investor,0.85,42,4640751,0.81,1.39,2,777,1,3415403,0.79,1.42,0,701,1
E00882,E02691,co-investor,0.43,50,2198984,0.54,1.13,0,595,0,3415403,0.79,1.42,0,701,1
E01962,E02691,parent_company,0.74,1,6916953,0.92,1.19,1,542,0,3415403,0.79,1.42,0,701,1
E01698,E00717,shared_director,0.74,49,3861232,0.73,1.09,0,622,1,9929755,0.26,1.06,3,680,0
E00742,E00717,parent_company,0.36,35,3586486,0.55,1.15,1,742,0,9929755,0.26,1.06,3,680,0
E02349,E00717,supplier,0.81,39,2791177,0.25,1.2,1,786,0,9929755,0.26,1.06,3,680,0
E01698,E02633,supplier,0.13,41,3861232,0.73,1.09,0,622,1,8244386,0.53,0.98,2,520,0
E00538,E02633,supplier,0.82,21,5711101,0.37,1.4,0,657,0,8244386,0.53,0.98,2,520,0
E00561,E00817,parent_company,0.85,19,501808,0.18,1.18,3,576,0,2494821,0.9,1.12,2,752,1
E01375,E00817,co-investor,0.97,28,6903920,0.31,0.89,1,669,0,2494821,0.9,1.12,2,752,1
E00561,E01713,supplier,0.35,30,501808,0.18,1.18,3,576,0,7174928,0.95,1.43,2,823,0
E00920,E00193,co-investor,0.93,35,6364068,0.76,1.72,1,585,0,1946896,0.45,1.16,1,660,0
E02151,E00193,co-investor,0.59,45,3208887,0.91,1.61,1,718,0,1946896,0.45,1.16,1,660,0
E02084,E00193,shared_director,0.93,21,6383762,0.93,1.32,3,801,0,1946896,0.45,1.16,1,660,0
E01097,E00193,supplier,0.88,17,3869430,0.68,1.14,3,592,0,1946896,0.45,1.16,1,660,0
E02624,E02608,shared_director,0.21,43,4356587,0.82,1.71,0,517,0,3468279,0.11,1.49,1,781,0
E02477,E02608,shared_director,0.55,17,9700411,0.52,1.34,2,756,0,3468279,0.11,1.49,1,781,0
E01367,E02608,co-investor,0.76,34,7331612,0.63,1.57,3,679,0,3468279,0.11,1.49,1,781,0
E00493,E02608,supplier,0.89,31,4346238,0.24,1.12,0,849,0,3468279,0.11,1.49,1,781,0
E00773,E02608,shared_director,0.26,14,2613880,0.56,0.6,1,583,0,3468279,0.11,1.49,1,781,0
E01859,E02608,shared_director,0.66,16,6620690,0.57,1.6,2,682,0,3468279,0.11,1.49,1,781,0
E02642,E00506,supplier,0.81,7,4440863,0.54,1.26,1,843,0,7171732,0.83,1.4,0,632,0
E01501,E00506,parent_company,0.14,5,7150351,0.55,0.75,0,545,1,7171732,0.83,1.4,0,632,0
E00549,E00506,shared_director,0.58,27,2443954,0.63,0.73,1,665,0,7171732,0.83,1.4,0,632,0
E02020,E01739,co-investor,0.4,18,5621182,0.86,1.96,1,580,0,4524112,0.92,1.73,2,720,0
E00248,E01739,shared_director,0.88,2,3754259,0.75,1.28,2,635,1,4524112,0.92,1.73,2,720,0
E02670,E01739,co-investor,0.68,39,4399090,0.67,1.38,0,600,0,4524112,0.92,1.73,2,720,0
E02775,E01739,supplier,0.45,33,6991743,0.45,0.76,1,527,0,4524112,0.92,1.73,2,720,0
E01787,E01000,parent_company,0.26,36,2783485,0.28,1.1,1,704,0,4100847,0.61,0.68,2,568,1
E02133,E01000,shared_director,0.6,3,2793634,0.25,1.38,3,563,0,4100847,0.61,0.68,2,568,1
E01201,E01000,co-investor,0.32,50,4559610,0.63,1.79,1,820,0,4100847,0.61,0.68,2,568,1
E01719,E00101,parent_company,0.81,25,2401766,0.21,1.12,3,594,1,6000955,0.38,1.32,0,836,0
E00258,E00101,co-investor,0.39,34,3592759,0.41,0.64,1,721,0,6000955,0.38,1.32,0,836,0
E02170,E02618,supplier,0.56,50,7103790,0.41,1.25,4,612,0,770267,0.75,1.65,3,641,1
E01267,E02618,co-investor,0.91,44,3112298,0.38,0.52,4,506,1,770267,0.75,1.65,3,641,1
E00972,E02618,supplier,0.23,9,3154339,0.34,1.79,2,537,0,770267,0.75,1.65,3,641,1
E02248,E02618,supplier,0.17,10,3044325,0.25,1.1,1,556,0,770267,0.75,1.65,3,641,1
E02170,E00549,supplier,0.36,36,7103790,0.41,1.25,4,612,0,2443954,0.63,0.73,1,665,0
E02573,E00751,supplier,0.64,11,5963567,0.64,0.83,3,795,0,2912054,0.92,1.6,4,567,0
E02573,E02247,supplier,0.23,28,5963567,0.64,0.83,3,795,0,6039998,0.94,0.74,3,509,1
E01991,E02247,supplier,0.59,7,2491402,0.11,0.9,1,557,0,6039998,0.94,0.74,3,509,1
E01530,E02247,shared_director,0.57,26,3515540,0.87,1.47,0,781,0,6039998,0.94,0.74,3,509,1
E02802,E02247,shared_director,0.16,41,4014454,0.24,0.79,1,517,0,6039998,0.94,0.74,3,509,1
E00564,E02247,parent_company,0.61,8,7252234,0.49,1.48,2,790,0,6039998,0.94,0.74,3,509,1
E02228,E00031,parent_company,0.82,18,5804176,0.8,1.28,0,648,0,8564327,0.64,1.11,4,524,0
E01234,E01112,co-investor,0.19,38,3770454,0.28,1.15,2,625,0,2757238,0.14,1.21,2,792,0
E01068,E01112,shared_director,0.7,16,5482476,0.41,0.78,0,509,0,2757238,0.14,1.21,2,792,0
E00420,E01472,shared_director,0.85,35,6900290,0.58,1.75,4,754,0,5136741,0.54,0.61,1,711,0
E02040,E01472,parent_company,0.73,7,6193565,0.93,1.89,2,782,0,5136741,0.54,0.61,1,711,0
E00478,E00538,supplier,0.53,20,5508347,0.53,0.57,4,784,0,5711101,0.37,1.4,0,657,0
E02819,E01013,supplier,0.35,8,4413188,0.57,1.95,2,590,0,8539724,0.26,1.12,1,690,0
E01188,E01013,supplier,0.61,17,5060323,0.31,0.85,2,795,0,8539724,0.26,1.12,1,690,0
E00764,E01013,supplier,0.21,26,4969613,0.16,1.81,0,845,0,8539724,0.26,1.12,1,690,0
E02703,E02556,supplier,0.51,30,4080902,0.59,1.52,1,705,0,3269857,0.28,0.97,2,807,0
E02543,E02556,shared_director,0.95,8,1135665,0.85,0.7,2,809,0,3269857,0.28,0.97,2,807,0
E02663,E02556,co-investor,0.14,14,8070297,0.84,0.84,3,552,0,3269857,0.28,0.97,2,807,0
E02303,E02556,co-investor,0.92,11,3720016,0.36,0.69,1,716,0,3269857,0.28,0.97,2,807,0
E00757,E02747,co-investor,0.13,10,7415618,0.53,1.99,2,808,0,4637229,0.49,0.86,2,670,0
E00786,E02747,parent_company,0.8,30,4186553,0.95,0.52,2,629,1,4637229,0.49,0.86,2,670,0
E00757,E01616,shared_director,0.95,35,7415618,0.53,1.99,2,808,0,6428206,0.28,1.96,2,818,0
E01254,E01616,co-investor,0.51,17,3510431,0.71,0.51,2,650,0,6428206,0.28,1.96,2,818,0
E01461,E01616,co-investor,0.92,34,4680810,0.65,1.55,2,779,0,6428206,0.28,1.96,2,818,0
E01368,E01616,co-investor,0.33,38,4591090,0.51,1.16,2,546,1,6428206,0.28,1.96,2,818,0
E01137,E02375,co-investor,0.42,33,4624931,0.18,1.82,2,688,0,5354437,0.26,0.8,1,531,0
E02807,E02375,co-investor,0.88,7,7758325,0.68,1.21,0,834,0,5354437,0.26,0.8,1,531,0
E01301,E02375,supplier,0.12,25,4795743,0.92,0.82,2,774,0,5354437,0.26,0.8,1,531,0
E01865,E02375,co-investor,0.34,45,6661419,0.51,1.32,0,803,0,5354437,0.26,0.8,1,531,0
E01137,E01142,shared_director,0.99,42,4624931,0.18,1.82,2,688,0,6501173,0.27,1.17,3,769,0
E00675,E01142,co-investor,0.74,8,3932181,0.22,1.98,3,690,0,6501173,0.27,1.17,3,769,0
E01137,E01491,supplier,0.5,9,4624931,0.18,1.82,2,688,0,4258818,0.14,1.74,3,559,0
E01039,E01491,co-investor,0.96,7,7076777,0.22,0.88,1,780,0,4258818,0.14,1.74,3,559,0
E00162,E01491,supplier,0.26,3,5358073,0.45,1.28,5,799,0,4258818,0.14,1.74,3,559,0
E00235,E01491,shared_director,0.61,29,2858843,0.86,1.43,2,604,1,4258818,0.14,1.74,3,559,0
E00810,E01491,supplier,0.98,42,4127893,0.79,1.55,2,783,0,4258818,0.14,1.74,3,559,0
E00704,E00866,parent_company,0.35,31,7332605,0.76,1.67,0,734,1,7150866,0.87,0.61,1,591,0
E01431,E00866,shared_director,0.36,44,9374977,0.68,0.6,0,720,0,7150866,0.87,0.61,1,591,0
E00877,E01125,shared_director,0.47,38,6656909,0.25,0.82,4,629,0,2575820,0.32,0.64,2,719,0
E00192,E01125,shared_director,0.21,29,6265883,0.8,1.96,1,613,0,2575820,0.32,0.64,2,719,0
E00877,E00236,parent_company,0.66,31,6656909,0.25,0.82,4,629,0,6365246,0.77,1.67,2,534,0
E02357,E00236,supplier,0.77,36,4874670,0.16,1.91,2,759,0,6365246,0.77,1.67,2,534,0
E02000,E00236,co-investor,0.11,30,9220271,0.47,0.93,3,808,0,6365246,0.77,1.67,2,534,0
E02664,E00236,co-investor,0.53,46,3686089,0.57,0.83,0,786,0,6365246,0.77,1.67,2,534,0
E01162,E01872,co-investor,0.72,29,5428901,0.21,1.27,1,727,0,1452991,0.51,1.92,2,558,1
E01162,E01649,co-investor,0.6,8,5428901,0.21,1.27,1,727,0,6558547,0.43,1.61,2,512,0
E01808,E01649,shared_director,0.46,50,1926952,0.8,1.6,2,665,0,6558547,0.43,1.61,2,512,0
E02925,E01649,supplier,0.21,2,10139814,0.26,1.53,1,504,0,6558547,0.43,1.61,2,512,0
E00774,E00286,shared_director,0.95,24,4919822,0.36,0.79,0,812,0,5611108,0.32,0.86,1,799,0
E02727,E00286,supplier,0.37,42,3961685,0.92,0.58,3,666,1,5611108,0.32,0.86,1,799,0
E00857,E00286,parent_company,0.82,12,4811256,0.72,0.99,2,515,0,5611108,0.32,0.86,1,799,0
E00774,E02334,shared_director,0.95,12,4919822,0.36,0.79,0,812,0,5019761,0.28,1.89,3,639,0
E01131,E02334,co-investor,0.95,47,1590242,0.78,1.39,1,802,0,5019761,0.28,1.89,3,639,0
E01007,E02334,parent_company,0.89,45,4834704,0.67,1.79,0,599,0,5019761,0.28,1.89,3,639,0
E00266,E01490,parent_company,0.4,39,7167219,0.51,0.88,0,730,0,5965048,0.96,1.27,4,569,0
E00266,E00127,parent_company,0.62,30,7167219,0.51,0.88,0,730,0,4328569,0.87,1.2,0,743,0
E02273,E00127,parent_company,0.78,26,7343324,0.92,1.71,1,586,1,4328569,0.87,1.2,0,743,0
E00266,E02150,shared_director,0.96,44,7167219,0.51,0.88,0,730,0,5423757,0.55,1.58,1,619,0
E02130,E02150,shared_director,0.45,40,5999532,0.54,0.66,0,782,0,5423757,0.55,1.58,1,619,0
E00384,E02150,shared_director,0.66,44,3623680,0.64,0.83,0,602,0,5423757,0.55,1.58,1,619,0
E01656,E00546,co-investor,0.46,2,2348980,0.66,1.0,2,802,0,4477200,0.75,0.74,0,676,0
E00443,E00369,parent_company,0.16,13,1271336,0.42,0.51,2,818,0,2938564,0.83,0.5,1,638,1
E01358,E00369,co-investor,0.94,23,3549462,0.25,1.35,2,803,0,2938564,0.83,0.5,1,638,1
E01132,E00369,shared_director,0.25,34,446017,0.14,1.66,3,822,0,2938564,0.83,0.5,1,638,1
E00443,E02482,supplier,0.61,33,1271336,0.42,0.51,2,818,0,4828783,0.59,0.75,1,834,1
E02214,E02482,parent_company,0.53,4,7108863,0.94,1.23,0,713,0,4828783,0.59,0.75,1,834,1
E02574,E01036,parent_company,0.56,15,3608277,0.13,1.06,3,636,0,6762569,0.49,0.91,4,590,0
E01749,E01036,co-investor,0.55,35,3701216,0.19,0.8,2,770,0,6762569,0.49,0.91,4,590,0
E01799,E01036,shared_director,0.46,46,5394654,0.45,1.89,2,575,0,6762569,0.49,0.91,4,590,0
E02490,E01036,supplier,0.22,42,4327242,0.94,0.68,2,644,0,6762569,0.49,0.91,4,590,0
E02574,E01957,supplier,0.88,49,3608277,0.13,1.06,3,636,0,100000,0.6,1.06,4,809,0
E00325,E01957,co-investor,0.23,9,1380082,0.84,1.53,2,620,0,100000,0.6,1.06,4,809,0
E02513,E01957,shared_director,0.31,30,4282468,0.44,1.62,2,794,0,100000,0.6,1.06,4,809,0
E00415,E01957,parent_company,0.84,30,5786526,0.29,1.16,1,584,0,100000,0.6,1.06,4,809,0
E00280,E01445,parent_company,0.53,31,5686270,0.31,1.33,0,712,0,1333317,0.29,0.7,1,842,0
E00056,E01445,co-investor,0.74,34,4478529,0.7,1.16,2,646,0,1333317,0.29,0.7,1,842,0
E01366,E01445,supplier,0.69,34,7983839,0.12,0.71,1,571,1,1333317,0.29,0.7,1,842,0
E02772,E01445,parent_company,0.56,47,6352883,0.83,0.8,1,785,1,1333317,0.29,0.7,1,842,0
E01637,E01445,co-investor,0.97,16,3579837,0.36,1.09,3,635,0,1333317,0.29,0.7,1,842,0
E02239,E00073,supplier,0.99,8,4299963,0.3,1.62,2,790,0,3434912,0.91,1.5,1,708,1
E01747,E00073,parent_company,0.18,4,5753148,0.9,0.61,1,758,0,3434912,0.91,1.5,1,708,1
E02106,E00073,supplier,0.87,32,8194745,0.93,1.04,3,544,0,3434912,0.91,1.5,1,708,1
E00259,E00073,shared_director,0.43,16,9714752,0.5,1.65,2,824,0,3434912,0.91,1.5,1,708,1
E02239,E02536,co-investor,0.37,31,4299963,0.3,1.62,2,790,0,3902501,0.45,1.23,1,679,0
E00552,E02536,parent_company,0.69,41,8105123,0.66,1.6,1,544,0,3902501,0.45,1.23,1,679,0
E01578,E02536,co-investor,0.84,41,3764726,0.95,1.45,2,743,1,3902501,0.45,1.23,1,679,0
E01280,E02932,shared_director,0.54,8,7964044,0.33,1.62,1,786,0,5867498,0.52,0.65,2,836,0
E01012,E02932,co-investor,0.48,37,9020018,0.38,1.46,0,804,0,5867498,0.52,0.65,2,836,0
E02331,E01150,shared_director,0.78,4,4889603,0.97,1.99,3,510,1,3708457,0.39,1.52,1,738,0
E01490,E01150,co-investor,0.74,16,5965048,0.96,1.27,4,569,0,3708457,0.39,1.52,1,738,0
E00001,E01150,shared_director,0.76,27,6931844,0.82,0.96,3,644,1,3708457,0.39,1.52,1,738,0
E00915,E01150,supplier,0.58,44,4985914,0.5,1.33,1,818,0,3708457,0.39,1.52,1,738,0
E02210,E00912,shared_director,0.66,11,2062153,0.44,1.9,3,644,0,6912880,0.41,1.19,0,613,0
E02898,E00912,supplier,0.31,7,7155803,0.68,0.8,2,582,1,6912880,0.41,1.19,0,613,0
E02098,E00912,parent_company,0.29,19,5318317,0.51,0.61,1,784,0,6912880,0.41,1.19,0,613,0
E00112,E00912,parent_company,0.87,29,3125288,0.78,1.11,1,649,1,6912880,0.41,1.19,0,613,0
E02430,E00912,shared_director,0.58,6,3185983,0.29,0.62,1,839,0,6912880,0.41,1.19,0,613,0
E01313,E00252,supplier,0.63,9,6057915,0.18,1.39,0,750,0,2652859,0.31,0.61,0,827,1
E02469,E00252,supplier,0.5,6,5303755,0.46,0.65,3,638,0,2652859,0.31,0.61,0,827,1
E00650,E00252,supplier,0.77,34,4604929,0.62,1.41,1,755,0,2652859,0.31,0.61,0,827,1
E01313,E02024,supplier,0.6,20,6057915,0.18,1.39,0,750,0,2565759,0.86,1.17,1,664,0
E00449,E02024,supplier,0.26,10,1734095,0.49,1.32,1,512,0,2565759,0.86,1.17,1,664,0
E01501,E01429,supplier,0.79,41,7150351,0.55,0.75,0,545,1,5015928,0.97,0.69,1,687,0
E02165,E01429,shared_director,0.11,28,1540204,0.39,0.69,0,735,0,5015928,0.97,0.69,1,687,0
E01501,E02115,supplier,0.95,26,7150351,0.55,0.75,0,545,1,7225893,0.58,1.02,1,689,0
E02881,E02115,parent_company,0.62,14,3168150,0.64,0.85,2,603,0,7225893,0.58,1.02,1,689,0
E02055,E02115,co-investor,0.5,9,6425256,0.55,0.94,0,757,0,7225893,0.58,1.02,1,689,0
E00364,E02115,parent_company,0.1,5,6215028,0.23,1.32,1,780,0,7225893,0.58,1.02,1,689,0
E01199,E02115,parent_company,0.19,29,4120822,0.24,1.41,2,762,0,7225893,0.58,1.02,1,689,0
E01501,E00381,parent_company,0.31,50,7150351,0.55,0.75,0,545,1,4446202,0.31,1.78,1,559,0
E01398,E01559,supplier,0.49,23,1734883,0.75,1.82,2,699,0,2403746,0.96,1.54,0,512,0
E01054,E01559,shared_director,0.38,19,6312721,0.2,0.5,1,641,0,2403746,0.96,1.54,0,512,0
E00855,E01559,supplier,0.5,26,5652549,0.33,1.96,1,648,0,2403746,0.96,1.54,0,512,0
E00717,E01559,parent_company,0.51,17,9929755,0.26,1.06,3,680,0,2403746,0.96,1.54,0,512,0
E01398,E02530,supplier,0.24,41,1734883,0.75,1.82,2,699,0,5139858,0.96,1.61,1,533,1
E01738,E02530,shared_director,0.98,16,5079872,0.62,1.94,1,562,1,5139858,0.96,1.61,1,533,1
E00301,E02530,co-investor,0.76,37,5836505,0.37,1.14,2,602,0,5139858,0.96,1.61,1,533,1
E02206,E02856,co-investor,0.4,37,4001231,0.83,0.66,0,548,0,5018930,0.74,1.89,1,565,0
E01166,E02856,co-investor,0.63,15,4065793,0.97,1.1,2,738,1,5018930,0.74,1.89,1,565,0
E02206,E00375,co-investor,0.11,4,4001231,0.83,0.66,0,548,0,3518335,0.23,0.68,0,641,0
E02747,E00375,shared_director,0.63,14,4637229,0.49,0.86,2,670,0,3518335,0.23,0.68,0,641,0
E00715,E00375,shared_director,0.75,16,4549706,0.49,1.56,1,756,0,3518335,0.23,0.68,0,641,0
E02327,E02109,shared_director,0.34,45,4063132,0.74,1.65,1,715,0,7379030,0.64,1.16,1,699,0
E00904,E02109,shared_director,0.58,33,3328475,0.18,1.62,2,644,0,7379030,0.64,1.16,1,699,0
E02782,E02109,supplier,0.58,32,3416581,0.49,0.54,1,638,0,7379030,0.64,1.16,1,699,0
E00835,E02109,shared_director,0.54,20,1524540,0.24,0.78,3,802,0,7379030,0.64,1.16,1,699,0
E00410,E01453,co-investor,0.95,5,4110033,0.21,1.41,0,830,0,3283100,0.41,0.82,1,768,1
E02353,E01453,parent_company,0.27,10,3327786,0.27,1.42,2,680,0,3283100,0.41,0.82,1,768,1
E02195,E00877,co-investor,0.34,20,2628278,0.42,0.61,0,626,0,6656909,0.25,0.82,4,629,0
E02519,E00877,shared_director,0.89,7,5193656,0.83,0.88,0,606,0,6656909,0.25,0.82,4,629,0
E01895,E00606,parent_company,0.24,44,7097939,0.77,1.83,1,791,0,5767943,0.48,0.87,0,844,0
E02236,E00606,shared_director,0.36,34,4618317,0.97,0.89,1,732,0,5767943,0.48,0.87,0,844,0
E02122,E00606,shared_director,0.16,47,5746986,0.19,1.21,1,662,0,5767943,0.48,0.87,0,844,0
E00798,E00606,co-investor,0.15,27,8444257,0.35,1.02,1,607,0,5767943,0.48,0.87,0,844,0
E02597,E00834,shared_director,0.34,19,6172665,0.18,0.51,1,833,0,2437404,0.17,0.63,0,599,0
E02304,E00834,shared_director,0.83,19,4667557,0.97,0.71,2,763,0,2437404,0.17,0.63,0,599,0
E01256,E00834,co-investor,0.88,10,3708861,0.99,0.76,3,627,0,2437404,0.17,0.63,0,599,0
E02647,E00658,co-investor,0.72,16,5222553,0.21,0.96,2,563,0,9235711,0.38,1.52,2,501,0
E01663,E01701,parent_company,0.89,21,7531259,0.13,1.42,1,793,0,1823070,0.94,1.4,1,631,0
E00126,E01701,shared_director,0.2,50,4938083,0.37,1.49,5,515,0,1823070,0.94,1.4,1,631,0
E01663,E01688,supplier,0.23,28,7531259,0.13,1.42,1,793,0,6159286,0.63,0.99,1,522,0
E01489,E01688,shared_director,0.13,3,4206675,0.12,1.22,3,661,0,6159286,0.63,0.99,1,522,0
E01079,E01688,shared_director,0.62,19,8585845,0.16,1.6,1,606,0,6159286,0.63,0.99,1,522,0
E02529,E01688,shared_director,0.63,20,3739562,0.84,1.02,3,824,0,6159286,0.63,0.99,1,522,0
E01006,E01082,co-investor,0.14,26,8623009,0.61,0.6,4,822,0,6192884,0.68,1.87,2,643,0
E02250,E01082,parent_company,0.47,40,3646341,0.61,1.92,3,660,0,6192884,0.68,1.87,2,643,0
E01729,E02650,supplier,0.28,18,3575011,0.74,0.69,2,554,0,7321398,0.8,0.8,3,675,1
E02628,E02650,shared_director,0.67,6,587162,0.92,1.29,2,624,1,7321398,0.8,0.8,3,675,1
E02621,E02650,parent_company,0.19,30,4366469,0.27,0.5,0,527,0,7321398,0.8,0.8,3,675,1
E00832,E02650,co-investor,0.32,40,4579259,0.15,1.42,1,587,1,7321398,0.8,0.8,3,675,1
E02119,E02650,co-investor,0.62,49,5808203,0.79,0.66,1,707,0,7321398,0.8,0.8,3,675,1
E01729,E01161,co-investor,0.29,39,3575011,0.74,0.69,2,554,0,6804938,0.42,1.64,1,675,0
E00115,E01161,shared_director,0.21,25,2516997,0.26,0.59,0,784,0,6804938,0.42,1.64,1,675,0
E00577,E01161,co-investor,0.26,50,4622206,0.11,1.88,1,673,0,6804938,0.42,1.64,1,675,0
E02698,E02069,co-investor,0.58,34,6639456,0.6,0.61,2,762,0,4061701,0.39,1.2,2,826,0
E00650,E02069,parent_company,0.49,13,4604929,0.62,1.41,1,755,0,4061701,0.39,1.2,2,826,0
E02394,E02069,co-investor,0.49,45,6306386,0.29,1.45,3,608,0,4061701,0.39,1.2,2,826,0
E02698,E02470,supplier,0.41,31,6639456,0.6,0.61,2,762,0,7509623,0.96,1.58,1,842,1
E01453,E02470,shared_director,0.11,38,3283100,0.41,0.82,1,768,1,7509623,0.96,1.58,1,842,1
E01991,E01033,co-investor,0.75,48,2491402,0.11,0.9,1,557,0,4877913,0.13,0.99,0,724,0
E01489,E01448,supplier,0.16,46,4206675,0.12,1.22,3,661,0,3105015,0.47,1.89,4,732,0
E01341,E01448,co-investor,0.18,46,1950957,0.49,0.69,0,691,0,3105015,0.47,1.89,4,732,0
E01489,E02913,co-investor,0.37,47,4206675,0.12,1.22,3,661,0,5796898,0.3,1.79,2,588,1
E01986,E02913,shared_director,0.22,46,3673391,0.58,1.63,3,579,0,5796898,0.3,1.79,2,588,1
E01971,E02913,shared_director,0.99,9,4522174,0.34,1.19,2,728,0,5796898,0.3,1.79,2,588,1
E01870,E02913,shared_director,0.19,6,5368495,0.32,1.81,1,815,0,5796898,0.3,1.79,2,588,1
E00931,E02913,shared_director,0.27,15,8723611,0.47,1.3,1,680,0,5796898,0.3,1.79,2,588,1
E00576,E00967,supplier,0.61,33,5784169,0.93,0.64,1,515,0,3047249,0.96,1.57,1,640,0
E02399,E00967,supplier,0.84,37,671380,0.91,1.69,1,510,1,3047249,0.96,1.57,1,640,0
E00576,E00714,supplier,0.48,48,5784169,0.93,0.64,1,515,0,5340994,0.82,0.68,3,701,0
E02731,E00714,parent_company,0.77,17,949163,0.37,0.85,0,685,0,5340994,0.82,0.68,3,701,0
E00976,E02457,supplier,0.8,21,4971960,0.86,1.37,0,551,0,5707095,0.12,1.9,0,575,0
E01372,E02457,parent_company,0.71,10,5384565,0.75,0.69,1,604,0,5707095,0.12,1.9,0,575,0
E02768,E02457,co-investor,0.42,15,4276822,0.33,0.84,0,761,0,5707095,0.12,1.9,0,575,0
E00976,E00951,supplier,0.63,15,4971960,0.86,1.37,0,551,0,4615777,0.96,0.84,0,591,1
E01342,E00951,shared_director,0.52,44,5481849,0.82,1.1,1,843,0,4615777,0.96,0.84,0,591,1
E02782,E00951,shared_director,0.68,23,3416581,0.49,0.54,1,638,0,4615777,0.96,0.84,0,591,1
E01349,E01239,co-investor,0.9,4,4750764,0.23,0.69,2,585,0,3223704,0.42,1.34,3,634,0
E01963,E01239,supplier,0.28,14,2807195,0.27,1.32,4,588,0,3223704,0.42,1.34,3,634,0
E00967,E01660,parent_company,0.87,1,3047249,0.96,1.57,1,640,0,5887760,0.15,1.1,1,528,0
E01771,E01660,parent_company,0.38,46,7774514,0.98,1.94,2,578,0,5887760,0.15,1.1,1,528,0
E01297,E02906,parent_company,0.92,38,4908059,0.29,1.08,2,689,0,4267516,0.72,0.63,3,755,0
E01254,E02906,parent_company,0.48,11,3510431,0.71,0.51,2,650,0,4267516,0.72,0.63,3,755,0
E01553,E02906,shared_director,0.15,33,5677629,0.78,1.0,1,650,0,4267516,0.72,0.63,3,755,0
E01138,E00594,co-investor,0.53,24,3114869,0.78,1.23,5,543,1,6102074,0.79,1.25,0,755,0
E01519,E00594,co-investor,0.4,23,6076123,0.84,1.8,1,791,0,6102074,0.79,1.25,0,755,0
E00033,E01008,parent_company,0.63,15,5433722,0.49,0.89,6,622,0,3341966,0.57,1.94,3,560,0
E01165,E01008,parent_company,0.71,12,5166244,0.87,0.51,0,841,0,3341966,0.57,1.94,3,560,0
E00844,E01008,parent_company,0.74,37,6826000,0.4,1.01,0,681,0,3341966,0.57,1.94,3,560,0
E01798,E02587,co-investor,0.89,50,5371385,0.23,1.85,3,579,0,1327856,0.76,1.0,1,601,1
E02081,E02587,shared_director,0.74,8,1375922,0.89,1.41,1,750,0,1327856,0.76,1.0,1,601,1
E02385,E02587,co-investor,0.14,47,4868050,0.27,1.74,1,794,0,1327856,0.76,1.0,1,601,1
E02628,E00753,shared_director,0.81,9,587162,0.92,1.29,2,624,1,4742985,0.62,0.64,2,826,0
E00785,E00753,supplier,0.35,39,1801727,0.4,1.64,1,538,0,4742985,0.62,0.64,2,826,0
E02923,E01017,parent_company,0.68,49,2639432,0.59,1.23,0,664,0,7794452,0.52,1.12,2,592,0
E02330,E01017,parent_company,0.4,7,5596783,0.98,0.86,0,758,0,7794452,0.52,1.12,2,592,0
E02403,E01017,co-investor,0.7,39,2843875,0.91,1.49,2,560,0,7794452,0.52,1.12,2,592,0
E01374,E01017,parent_company,0.83,9,4517171,0.76,1.65,2,718,0,7794452,0.52,1.12,2,592,0
E02923,E00727,parent_company,0.82,23,2639432,0.59,1.23,0,664,0,1395182,0.15,1.91,1,567,0
E01869,E00727,supplier,0.98,18,6076648,0.52,1.85,1,805,0,1395182,0.15,1.91,1,567,0
E02382,E00727,supplier,0.71,37,9161531,0.87,1.98,1,750,0,1395182,0.15,1.91,1,567,0
E00547,E01068,parent_company,0.72,21,5240999,0.93,1.86,1,694,0,5482476,0.41,0.78,0,509,0
E00469,E01068,shared_director,0.57,30,5748560,0.28,1.77,0,815,0,5482476,0.41,0.78,0,509,0
E00547,E01624,parent_company,0.7,20,5240999,0.93,1.86,1,694,0,1867300,0.69,1.73,1,641,0
E02840,E01624,supplier,0.84,8,5264545,0.95,1.21,1,677,0,1867300,0.69,1.73,1,641,0
E01612,E01223,shared_director,0.54,42,2461209,0.21,1.6,1,536,0,4201776,0.37,0.82,2,510,1
E01346,E01223,co-investor,0.2,23,5560242,0.64,1.33,0,613,0,4201776,0.37,0.82,2,510,1
E02074,E01223,co-investor,0.97,11,3377485,0.73,1.27,0,583,0,4201776,0.37,0.82,2,510,1
E01612,E02423,parent_company,0.26,45,2461209,0.21,1.6,1,536,0,5321154,0.26,1.26,3,555,0
E01559,E02423,co-investor,0.51,23,2403746,0.96,1.54,0,512,0,5321154,0.26,1.26,3,555,0
E01757,E02187,supplier,0.15,11,7499561,0.18,1.51,0,730,0,2668656,0.57,0.66,0,634,1
E00025,E02187,shared_director,0.84,20,3218313,0.91,1.16,1,810,0,2668656,0.57,0.66,0,634,1
E00697,E01481,shared_director,0.26,39,6672647,0.35,1.48,2,565,0,100000,0.87,1.44,0,722,0
E02073,E01481,parent_company,0.66,17,7322797,0.42,0.82,4,762,0,100000,0.87,1.44,0,722,0
E01510,E01481,parent_company,0.72,21,5238036,0.89,0.63,1,841,0,100000,0.87,1.44,0,722,0
E01783,E01228,parent_company,0.94,46,8027195,0.69,1.37,3,613,0,4637043,0.19,1.06,2,518,0
E01783,E00768,supplier,0.48,36,8027195,0.69,1.37,3,613,0,2762737,0.28,1.07,2,642,0
E01565,E02845,parent_company,0.21,17,4474042,0.54,0.81,0,566,1,3965633,0.34,1.15,4,547,1
E00473,E02845,parent_company,0.91,15,7215440,0.29,1.83,2,667,0,3965633,0.34,1.15,4,547,1
E01860,E02845,parent_company,0.69,45,4460716,0.13,1.42,0,615,0,3965633,0.34,1.15,4,547,1
E01571,E02902,shared_director,0.76,17,5075723,0.62,1.97,2,515,0,5565892,0.35,1.24,2,774,0
E01214,E02902,co-investor,0.6,11,4639020,0.91,1.74,1,736,0,5565892,0.35,1.24,2,774,0
E01779,E02902,shared_director,0.53,49,3985848,0.94,0.61,4,589,0,5565892,0.35,1.24,2,774,0
E00300,E01317,supplier,0.51,50,5989911,0.15,0.64,1,580,0,8145629,0.47,0.58,2,791,1
E00150,E01317,shared_director,0.88,18,5397116,0.87,1.37,1,661,0,8145629,0.47,0.58,2,791,1
E01689,E01317,parent_company,0.11,8,4079473,0.29,1.21,2,760,0,8145629,0.47,0.58,2,791,1
E01730,E01317,shared_director,0.77,17,7888840,0.27,1.9,1,835,0,8145629,0.47,0.58,2,791,1
E01520,E00958,co-investor,0.84,18,4916638,0.98,1.67,2,594,0,4678190,0.36,0.89,0,764,0
E02803,E00958,supplier,0.44,37,10267075,0.98,0.89,1,800,1,4678190,0.36,0.89,0,764,0
E01437,E00958,supplier,0.73,36,6686745,0.9,1.42,1,627,0,4678190,0.36,0.89,0,764,0
E02555,E00958,supplier,0.22,9,8396185,0.12,1.4,3,525,0,4678190,0.36,0.89,0,764,0
E01520,E01362,supplier,0.34,49,4916638,0.98,1.67,2,594,0,4460562,0.47,0.63,1,576,0
E01754,E01362,supplier,0.22,1,3720470,0.25,1.14,2,849,0,4460562,0.47,0.63,1,576,0
E00581,E01067,supplier,0.38,9,3258854,0.18,0.89,1,773,0,5383041,0.68,1.91,1,630,0
E01549,E01067,supplier,0.35,10,4588544,0.21,1.33,3,635,0,5383041,0.68,1.91,1,630,0
E01079,E02511,co-investor,0.57,28,8585845,0.16,1.6,1,606,0,5166962,0.79,1.52,2,729,0
E02412,E02511,supplier,0.46,21,5923332,0.34,1.59,1,610,0,5166962,0.79,1.52,2,729,0
E01369,E02511,shared_director,0.41,21,4729491,0.57,1.11,6,741,0,5166962,0.79,1.52,2,729,0
E01079,E00184,co-investor,0.43,33,8585845,0.16,1.6,1,606,0,4547509,0.14,0.97,2,785,0
E02864,E00184,parent_company,0.19,12,6192794,0.99,1.28,2,588,0,4547509,0.14,0.97,2,785,0
E00794,E00184,co-investor,0.95,1,5336790,0.99,1.81,2,604,0,4547509,0.14,0.97,2,785,0
E00800,E00184,supplier,0.45,19,5180085,0.14,1.04,2,782,0,4547509,0.14,0.97,2,785,0
E01079,E01407,parent_company,0.57,22,8585845,0.16,1.6,1,606,0,7910042,0.58,1.27,2,730,0
E02067,E01407,parent_company,0.88,24,6341481,0.96,0.77,0,763,0,7910042,0.58,1.27,2,730,0
E01988,E02756,supplier,0.11,18,7692356,0.63,1.2,2,799,0,6919913,0.25,1.08,1,728,0
E01326,E02110,supplier,0.4,42,5987903,0.94,0.88,2,758,0,7342241,0.43,1.45,3,700,0
E00543,E02110,shared_director,0.91,23,6442932,0.44,1.84,1,808,0,7342241,0.43,1.45,3,700,0
E00488,E02110,co-investor,0.43,27,4820954,0.98,0.5,1,782,0,7342241,0.43,1.45,3,700,0
E02434,E01275,shared_director,0.78,4,3739427,0.46,1.77,0,782,0,1328684,0.16,1.74,2,785,0
E00393,E01275,co-investor,0.26,28,4473356,0.9,1.35,2,689,0,1328684,0.16,1.74,2,785,0
E01547,E01275,co-investor,0.41,22,6074181,0.88,0.62,2,557,0,1328684,0.16,1.74,2,785,0
E00227,E01275,parent_company,0.45,26,3254738,0.93,1.72,2,677,0,1328684,0.16,1.74,2,785,0
E02332,E00530,parent_company,0.88,42,5969757,0.29,0.8,0,558,0,8262251,0.96,1.5,1,672,0
E02467,E02769,supplier,0.52,38,4402806,0.96,1.58,0,693,0,2764500,0.27,1.89,1,505,0
E02165,E02769,shared_director,0.57,1,1540204,0.39,0.69,0,735,0,2764500,0.27,1.89,1,505,0
E00984,E01634,supplier,0.12,14,5193499,0.4,1.17,0,641,0,1840768,0.56,1.88,3,595,0
E02680,E00632,supplier,0.37,28,3761854,0.44,0.89,3,831,0,5535502,0.92,1.22,4,748,0
E00407,E00632,co-investor,0.4,9,6977765,0.92,1.81,2,592,0,5535502,0.92,1.22,4,748,0
E02193,E00632,shared_director,0.58,47,1228466,0.11,0.79,1,530,1,5535502,0.92,1.22,4,748,0
E01345,E00632,supplier,0.32,43,4276473,0.47,0.89,0,724,0,5535502,0.92,1.22,4,748,0
E02803,E01222,parent_company,0.66,7,10267075,0.98,0.89,1,800,1,7152292,0.71,1.58,1,524,1
E00585,E01222,parent_company,0.69,24,1175793,0.31,1.17,2,500,0,7152292,0.71,1.58,1,524,1
E00411,E01222,shared_director,0.18,4,5551021,0.38,1.54,1,695,0,7152292,0.71,1.58,1,524,1
E00335,E01392,shared_director,0.78,34,1598012,0.25,0.63,2,731,0,5899311,0.53,1.37,0,645,0
E00200,E01392,shared_director,0.83,36,4839168,0.41,1.83,2,802,0,5899311,0.53,1.37,0,645,0
E00714,E01392,parent_company,0.26,2,5340994,0.82,0.68,3,701,0,5899311,0.53,1.37,0,645,0
E02357,E01392,shared_director,0.57,45,4874670,0.16,1.91,2,759,0,5899311,0.53,1.37,0,645,0
E00873,E01392,co-investor,0.74,31,3755243,0.99,1.74,4,670,0,5899311,0.53,1.37,0,645,0
E02216,E01392,parent_company,0.94,43,1071414,0.7,0.98,1,723,0,5899311,0.53,1.37,0,645,0
E00335,E02580,parent_company,1.0,11,1598012,0.25,0.63,2,731,0,7230866,0.66,0.55,3,551,1
E02328,E02580,shared_director,0.98,14,2690610,0.53,0.83,4,600,0,7230866,0.66,0.55,3,551,1
E01812,E02580,supplier,0.16,32,6449447,0.44,1.24,4,794,0,7230866,0.66,0.55,3,551,1
E00069,E02580,co-investor,0.35,19,5001398,0.36,0.62,0,633,0,7230866,0.66,0.55,3,551,1
E01018,E02580,shared_director,0.79,47,5114026,0.22,0.77,4,512,0,7230866,0.66,0.55,3,551,1
E00342,E02833,parent_company,0.34,31,7621087,0.59,0.65,2,623,0,2311910,0.27,0.63,3,637,0
E01824,E02833,co-investor,0.47,43,4718144,0.75,0.56,1,811,0,2311910,0.27,0.63,3,637,0
E02908,E02833,shared_director,0.78,15,2860079,0.16,0.75,3,704,0,2311910,0.27,0.63,3,637,0
E00467,E02833,shared_director,0.98,18,2688863,0.77,1.16,2,535,0,2311910,0.27,0.63,3,637,0
E00342,E00411,shared_director,0.8,25,7621087,0.59,0.65,2,623,0,5551021,0.38,1.54,1,695,0
E02632,E00411,parent_company,0.25,39,5154289,0.47,1.29,0,616,0,5551021,0.38,1.54,1,695,0
E01399,E01115,supplier,0.44,17,4617904,0.63,0.95,0,637,1,3981609,0.9,1.51,0,810,0
E02875,E01115,parent_company,0.21,46,2772961,0.62,1.73,1,773,0,3981609,0.9,1.51,0,810,0
E01399,E00605,parent_company,0.91,30,4617904,0.63,0.95,0,637,1,7412306,0.34,1.46,1,606,0
E02055,E00605,co-investor,0.18,29,6425256,0.55,0.94,0,757,0,7412306,0.34,1.46,1,606,0
E01198,E00605,shared_director,0.71,27,4631286,0.31,0.53,1,581,0,7412306,0.34,1.46,1,606,0
E02475,E01063,supplier,0.49,2,6309353,0.43,1.06,3,648,0,4600942,0.74,0.77,0,698,0
E01182,E01063,supplier,0.93,43,2773891,0.96,1.46,4,657,0,4600942,0.74,0.77,0,698,0
E02572,E01063,supplier,0.86,35,7364705,0.22,1.1,1,537,0,4600942,0.74,0.77,0,698,0
E02475,E00677,co-investor,0.29,7,6309353,0.43,1.06,3,648,0,5145993,0.79,0.57,3,777,1
E00166,E00677,co-investor,0.4,3,3682462,0.27,1.59,2,817,0,5145993,0.79,0.57,3,777,1
E01899,E00677,supplier,0.15,13,2708923,0.47,1.91,1,634,0,5145993,0.79,0.57,3,777,1
E00081,E01842,parent_company,0.28,37,843246,0.78,0.99,5,625,1,4398393,0.32,0.72,2,743,0
E01585,E01842,parent_company,0.71,40,5895723,0.59,1.05,3,548,1,4398393,0.32,0.72,2,743,0
E01946,E01842,supplier,0.85,7,9438402,0.21,0.58,0,534,1,4398393,0.32,0.72,2,743,0
E01605,E00209,co-investor,0.11,41,5464311,0.87,1.57,1,777,1,5825140,0.17,0.57,1,622,0
E00512,E00209,supplier,0.2,22,6288536,0.88,1.04,1,534,0,5825140,0.17,0.57,1,622,0
E02921,E01769,shared_director,0.86,48,7285399,0.84,1.89,0,579,0,6082113,0.87,0.64,0,736,0
E00245,E01769,supplier,0.88,50,3964932,0.41,1.34,0,802,0,6082113,0.87,0.64,0,736,0
E01476,E01769,supplier,0.64,9,4430633,0.94,1.67,3,595,1,6082113,0.87,0.64,0,736,0
E02371,E02441,co-investor,0.13,26,4566526,0.17,1.47,1,548,0,4069566,0.22,0.8,1,639,0
E02720,E02441,shared_director,0.2,44,2841215,0.34,1.68,2,742,0,4069566,0.22,0.8,1,639,0
E00146,E02441,supplier,0.42,3,6613186,0.78,0.72,1,703,1,4069566,0.22,0.8,1,639,0
E02847,E02441,parent_company,0.1,29,3923527,0.58,0.63,2,602,0,4069566,0.22,0.8,1,639,0
E01635,E02441,parent_company,0.39,24,7757419,0.37,1.78,3,754,0,4069566,0.22,0.8,1,639,0
E02371,E02418,shared_director,0.78,12,4566526,0.17,1.47,1,548,0,8914349,0.47,0.67,2,525,0
E00582,E02418,co-investor,0.34,23,3031455,0.98,1.54,0,511,1,8914349,0.47,0.67,2,525,0
E01553,E02418,parent_company,0.93,42,5677629,0.78,1.0,1,650,0,8914349,0.47,0.67,2,525,0
E00261,E01098,shared_director,0.9,8,3319779,0.56,0.97,4,605,0,4178582,0.38,1.31,2,673,0
E02845,E01098,supplier,0.28,50,3965633,0.34,1.15,4,547,1,4178582,0.38,1.31,2,673,0
E00781,E01098,shared_director,0.48,5,5569779,0.8,0.59,4,516,0,4178582,0.38,1.31,2,673,0
E01007,E01098,shared_director,0.54,19,4834704,0.67,1.79,0,599,0,4178582,0.38,1.31,2,673,0
E02027,E02551,co-investor,0.5,28,3739375,0.24,0.78,4,713,0,4656104,0.24,1.75,0,611,0
E01244,E00962,parent_company,0.6,2,4663383,0.67,1.92,3,849,0,2804275,0.73,1.39,2,789,0
E00758,E00962,shared_director,0.38,1,4366699,0.45,0.93,2,805,0,2804275,0.73,1.39,2,789,0
E02412,E00962,supplier,0.6,34,5923332,0.34,1.59,1,610,0,2804275,0.73,1.39,2,789,0
E02460,E00962,co-investor,0.2,33,7858915,0.5,1.84,1,696,0,2804275,0.73,1.39,2,789,0
E02392,E00962,co-investor,0.54,43,4532169,0.95,1.05,1,635,0,2804275,0.73,1.39,2,789,0
E02063,E02564,co-investor,0.94,33,3923925,0.74,1.04,1,509,1,6220046,0.82,1.18,2,705,0
E01830,E02564,shared_director,0.6,39,4015107,0.59,0.86,2,708,0,6220046,0.82,1.18,2,705,0
E02063,E00516,parent_company,0.72,41,3923925,0.74,1.04,1,509,1,4672078,0.26,1.85,1,827,0
E01780,E00516,shared_director,0.43,24,1663096,0.16,1.25,0,560,0,4672078,0.26,1.85,1,827,0
E02063,E01221,parent_company,0.71,40,3923925,0.74,1.04,1,509,1,4962883,0.95,0.64,3,629,1
E01821,E01221,parent_company,0.62,39,4229233,0.34,1.18,3,797,0,4962883,0.95,0.64,3,629,1
E02825,E01221,co-investor,0.9,34,7538345,0.69,0.88,0,504,0,4962883,0.95,0.64,3,629,1
E02063,E01702,parent_company,0.53,17,3923925,0.74,1.04,1,509,1,6585869,0.72,1.56,3,788,0
E02882,E01702,supplier,0.11,35,7268589,0.21,1.86,0,561,0,6585869,0.72,1.56,3,788,0
E00491,E01702,supplier,0.89,44,4393383,0.86,0.68,1,530,1,6585869,0.72,1.56,3,788,0
E01873,E01656,parent_company,0.1,18,3619226,0.62,0.65,1,514,1,2348980,0.66,1.0,2,802,0
E02263,E01656,parent_company,0.13,12,3687608,0.5,1.75,4,698,0,2348980,0.66,1.0,2,802,0
E00958,E01656,supplier,0.43,20,4678190,0.36,0.89,0,764,0,2348980,0.66,1.0,2,802,0
E00418,E02304,supplier,0.56,11,7178019,0.9,1.73,1,712,0,4667557,0.97,0.71,2,763,0
E00132,E02304,parent_company,0.73,30,4163713,0.95,1.29,1,523,0,4667557,0.97,0.71,2,763,0
E01574,E02304,shared_director,0.46,18,1747361,0.54,1.87,1,740,0,4667557,0.97,0.71,2,763,0
E00865,E02304,parent_company,0.46,32,9600820,0.98,1.54,0,825,0,4667557,0.97,0.71,2,763,0
E01197,E01419,supplier,0.44,13,4788939,0.68,1.77,0,502,0,4443217,0.93,1.6,1,614,0
E00543,E01419,co-investor,0.6,32,6442932,0.44,1.84,1,808,0,4443217,0.93,1.6,1,614,0
E01771,E01419,co-investor,0.9,28,7774514,0.98,1.94,2,578,0,4443217,0.93,1.6,1,614,0
E01197,E02305,shared_director,0.71,37,4788939,0.68,1.77,0,502,0,8067709,0.38,1.62,1,548,0
E01369,E02305,shared_director,0.39,37,4729491,0.57,1.11,6,741,0,8067709,0.38,1.62,1,548,0
E00173,E02305,co-investor,0.14,4,8950054,0.74,0.92,4,731,0,8067709,0.38,1.62,1,548,0
E00702,E00350,co-investor,0.44,49,5927944,0.28,1.8,4,745,0,4586865,0.42,1.01,2,715,0
E01692,E00350,supplier,0.53,17,1559794,0.12,1.91,1,517,0,4586865,0.42,1.01,2,715,0
E00221,E00350,parent_company,0.61,34,3980284,0.78,0.8,2,648,0,4586865,0.42,1.01,2,715,0
E00702,E00668,co-investor,0.62,22,5927944,0.28,1.8,4,745,0,6258827,0.65,1.3,1,529,1
E01700,E02253,supplier,0.14,38,5210618,0.8,1.12,1,616,0,5592369,1.0,0.99,2,618,1
E00963,E02253,supplier,0.94,36,5790618,0.3,0.64,4,572,1,5592369,1.0,0.99,2,618,1
E01700,E00459,parent_company,0.85,34,5210618,0.8,1.12,1,616,0,5647600,0.15,1.73,1,700,0
E02795,E02797,co-investor,0.16,40,7190320,0.36,1.59,1,634,0,3586540,0.86,0.89,1,622,1
E01703,E02797,supplier,0.52,25,6940786,0.24,1.93,1,705,0,3586540,0.86,0.89,1,622,1
E02567,E02797,parent_company,0.82,24,6522611,0.92,1.73,2,825,0,3586540,0.86,0.89,1,622,1
E00041,E02120,supplier,0.18,21,4819544,0.38,1.48,2,575,0,2956051,0.32,0.72,1,721,0
E01042,E02120,co-investor,0.52,28,3863715,0.25,0.94,2,605,0,2956051,0.32,0.72,1,721,0
E01738,E02120,shared_director,0.2,37,5079872,0.62,1.94,1,562,1,2956051,0.32,0.72,1,721,0
E00203,E02120,shared_director,0.54,38,2189680,0.89,1.63,1,751,1,2956051,0.32,0.72,1,721,0
E01002,E02120,co-investor,0.7,31,10326364,0.53,0.96,3,769,0,2956051,0.32,0.72,1,721,0
E01646,E00674,shared_director,0.16,49,10268444,0.67,1.13,2,610,0,2570913,0.29,1.72,1,778,0
E01733,E00674,supplier,0.8,11,6548262,0.67,1.1,3,833,0,2570913,0.29,1.72,1,778,0
E01646,E01564,shared_director,0.59,2,10268444,0.67,1.13,2,610,0,4526462,0.52,0.88,0,746,0
E01772,E01564,shared_director,0.98,9,7293247,0.86,1.52,0,545,0,4526462,0.52,0.88,0,746,0
E01043,E01564,supplier,0.97,38,1338463,0.19,0.52,3,788,0,4526462,0.52,0.88,0,746,0
E01068,E01564,parent_company,0.46,6,5482476,0.41,0.78,0,509,0,4526462,0.52,0.88,0,746,0
E00386,E01564,supplier,0.74,49,4008267,0.43,0.66,2,609,0,4526462,0.52,0.88,0,746,0
E01410,E02638,parent_company,0.63,33,5165025,0.22,1.25,1,567,0,3404372,0.35,0.72,3,540,0
E01750,E02638,supplier,0.37,18,6544189,0.59,0.85,1,571,0,3404372,0.35,0.72,3,540,0
E01476,E02638,shared_director,0.61,43,4430633,0.94,1.67,3,595,1,3404372,0.35,0.72,3,540,0
E02320,E02638,shared_director,0.38,18,7076755,0.11,1.69,4,581,1,3404372,0.35,0.72,3,540,0
E01410,E01444,parent_company,0.35,4,5165025,0.22,1.25,1,567,0,6779832,0.72,1.88,1,544,1
E00278,E01444,co-investor,0.27,33,3259553,0.11,0.57,1,556,0,6779832,0.72,1.88,1,544,1
E01375,E01444,supplier,0.43,26,6903920,0.31,0.89,1,669,0,6779832,0.72,1.88,1,544,1
E00780,E01444,parent_company,0.35,21,447252,0.37,0.69,1,526,0,6779832,0.72,1.88,1,544,1
E01410,E00890,parent_company,0.77,6,5165025,0.22,1.25,1,567,0,2787383,0.33,1.8,1,659,0
E00602,E02415,parent_company,0.45,39,5127376,0.14,1.29,1,535,0,5821524,0.82,1.99,1,676,0
E02136,E01396,parent_company,0.12,35,6077596,0.6,1.54,0,823,0,4951944,0.82,0.69,0,501,0
E01732,E02070,supplier,0.76,24,5909590,0.2,1.49,0,776,0,6289256,0.27,1.24,2,796,0
E00806,E02070,shared_director,0.9,23,2344163,0.49,1.7,5,781,0,6289256,0.27,1.24,2,796,0
E02456,E02070,parent_company,0.56,11,1847296,0.89,1.05,0,577,0,6289256,0.27,1.24,2,796,0
E02732,E02576,supplier,0.32,2,6617849,0.91,1.85,4,511,0,2716656,0.24,0.76,0,745,0
E02156,E01650,shared_director,0.88,38,4759772,0.72,0.72,0,792,0,4418849,0.2,1.68,1,762,0
E02426,E01650,parent_company,0.49,12,5998171,0.65,0.58,1,645,0,4418849,0.2,1.68,1,762,0
E01631,E01650,co-investor,0.59,1,7383917,1.0,0.84,2,842,0,4418849,0.2,1.68,1,762,0
E02156,E01090,parent_company,0.73,42,4759772,0.72,0.72,0,792,0,7611939,0.84,1.93,1,595,1
E02469,E01090,supplier,0.5,50,5303755,0.46,0.65,3,638,0,7611939,0.84,1.93,1,595,1
E00910,E01090,shared_director,0.58,33,8773229,0.96,1.91,2,830,0,7611939,0.84,1.93,1,595,1
E02044,E00604,supplier,0.35,34,4894343,0.7,1.2,1,559,0,5278430,0.86,1.03,1,600,0
E00597,E00604,shared_director,0.38,22,5320952,0.21,1.12,1,528,0,5278430,0.86,1.03,1,600,0
E01579,E00604,co-investor,0.69,15,9375299,0.37,1.01,4,550,1,5278430,0.86,1.03,1,600,0
E02175,E00604,parent_company,0.18,32,7738509,0.77,1.66,3,706,0,5278430,0.86,1.03,1,600,0
E00312,E00604,supplier,0.93,4,5427260,0.84,1.5,0,651,0,5278430,0.86,1.03,1,600,0
E02006,E02439,supplier,0.53,25,6248142,0.3,1.55,1,593,0,1877295,0.18,0.51,1,755,0
E00045,E02439,parent_company,0.91,9,3823826,0.65,0.56,1,542,0,1877295,0.18,0.51,1,755,0
E02003,E01248,shared_director,0.98,18,7793193,0.22,1.74,0,572,0,1532032,0.9,0.59,0,801,0
E01853,E00626,parent_company,0.76,25,4629918,0.17,0.62,3,799,0,3530179,0.78,1.94,0,826,0
E00953,E00626,parent_company,0.55,21,2777173,0.28,1.14,0,838,0,3530179,0.78,1.94,0,826,0
E01333,E01203,shared_director,0.2,21,5583723,0.43,1.24,2,791,0,5904066,0.38,1.53,1,563,1
E01333,E02371,co-investor,0.17,50,5583723,0.43,1.24,2,791,0,4566526,0.17,1.47,1,548,0
E01972,E02371,parent_company,0.85,7,7860311,0.83,1.23,2,533,0,4566526,0.17,1.47,1,548,0
E00691,E02371,co-investor,0.14,26,5174372,0.94,0.86,0,659,0,4566526,0.17,1.47,1,548,0
E01389,E02216,supplier,0.96,29,6394205,0.66,1.56,1,605,0,1071414,0.7,0.98,1,723,0
E01038,E02216,parent_company,0.78,41,4989205,0.59,1.99,0,788,0,1071414,0.7,0.98,1,723,0
E01389,E00197,parent_company,1.0,43,6394205,0.66,1.56,1,605,0,5893279,0.98,1.54,2,661,1
E00406,E00197,parent_company,0.39,49,2874734,0.18,0.81,1,731,0,5893279,0.98,1.54,2,661,1
E01494,E00197,parent_company,0.18,11,5730250,0.61,1.29,2,534,0,5893279,0.98,1.54,2,661,1
E01768,E00197,supplier,0.59,8,4673358,0.21,1.76,2,831,0,5893279,0.98,1.54,2,661,1
E00102,E01628,parent_company,0.5,31,2893482,0.48,1.46,1,789,0,5300810,0.15,1.36,1,583,0
E00094,E01628,co-investor,0.16,13,3454665,0.45,1.05,1,599,0,5300810,0.15,1.36,1,583,0
E00102,E00950,shared_director,0.75,28,2893482,0.48,1.46,1,789,0,5803542,0.22,0.76,4,615,0
E02208,E00950,parent_company,0.32,4,4850511,0.61,0.93,2,593,0,5803542,0.22,0.76,4,615,0
E02905,E00950,co-investor,0.76,19,5319435,0.91,1.37,1,819,0,5803542,0.22,0.76,4,615,0
E02638,E02292,supplier,0.27,40,3404372,0.35,0.72,3,540,0,3907481,0.76,0.75,0,742,0
E02220,E02615,supplier,0.96,13,2489784,0.74,1.67,2,576,0,7145773,0.32,0.71,3,611,0
E02891,E00615,co-investor,0.32,16,6005429,0.61,0.84,0,535,0,6494330,0.19,0.9,5,748,0
E02074,E00615,parent_company,0.77,47,3377485,0.73,1.27,0,583,0,6494330,0.19,0.9,5,748,0
E00096,E01163,shared_director,0.99,25,5059967,0.7,1.34,0,612,1,6468609,0.22,1.51,1,846,0
E02823,E01163,supplier,0.45,22,7282928,0.99,0.53,1,668,0,6468609,0.22,1.51,1,846,0
E02552,E01163,co-investor,0.5,5,4660663,0.94,1.93,3,703,0,6468609,0.22,1.51,1,846,0
E02159,E01163,supplier,0.71,11,5686134,0.88,1.71,1,686,0,6468609,0.22,1.51,1,846,0
E02163,E01300,shared_director,0.33,8,3680795,0.48,1.69,0,606,0,4048589,0.97,1.11,0,832,0
E01490,E01300,co-investor,0.26,9,5965048,0.96,1.27,4,569,0,4048589,0.97,1.11,0,832,0
E00265,E01300,co-investor,1.0,32,6086998,0.8,1.82,1,695,1,4048589,0.97,1.11,0,832,0
E02163,E01173,co-investor,0.53,16,3680795,0.48,1.69,0,606,0,6306566,0.8,1.48,1,580,1
E00744,E02118,shared_director,0.96,8,3744143,0.72,1.72,2,505,0,6735264,0.88,1.0,2,708,0
E02723,E02118,co-investor,0.34,29,5690150,0.65,1.09,1,743,0,6735264,0.88,1.0,2,708,0
E00046,E02118,co-investor,0.4,45,4733198,0.17,1.81,0,592,0,6735264,0.88,1.0,2,708,0
E00744,E00018,parent_company,0.16,30,3744143,0.72,1.72,2,505,0,7017205,0.26,1.01,1,782,0
E01902,E00018,supplier,0.72,19,5018076,0.99,1.01,2,752,0,7017205,0.26,1.01,1,782,0
E01521,E00018,parent_company,0.23,13,9035815,0.55,1.9,1,527,0,7017205,0.26,1.01,1,782,0
E01311,E01986,co-investor,0.64,35,1920666,0.83,0.62,1,548,1,3673391,0.58,1.63,3,579,0
E01902,E01986,shared_director,0.16,36,5018076,0.99,1.01,2,752,0,3673391,0.58,1.63,3,579,0
E00942,E01986,shared_director,0.47,18,2651058,0.64,1.43,2,776,0,3673391,0.58,1.63,3,579,0
E01473,E01986,parent_company,0.33,6,2889225,0.91,1.92,1,808,0,3673391,0.58,1.63,3,579,0
E02446,E00024,co-investor,0.34,28,7573194,0.55,0.9,1,716,0,6671130,0.57,1.3,2,743,0
E01566,E00024,supplier,0.48,2,1328577,0.86,1.01,3,796,0,6671130,0.57,1.3,2,743,0
E01709,E00024,shared_director,0.15,27,7163884,0.46,1.33,3,624,0,6671130,0.57,1.3,2,743,0
E00799,E00024,parent_company,0.79,36,4542034,0.27,1.33,1,660,0,6671130,0.57,1.3,2,743,0
E02067,E00135,co-investor,0.19,39,6341481,0.96,0.77,0,763,0,1740814,0.55,1.5,0,737,0
E01513,E00135,supplier,0.74,44,4563928,0.97,0.97,1,589,0,1740814,0.55,1.5,0,737,0
E00538,E00135,parent_company,0.93,25,5711101,0.37,1.4,0,657,0,1740814,0.55,1.5,0,737,0
E02298,E00135,parent_company,0.91,9,4107514,0.84,0.71,2,818,0,1740814,0.55,1.5,0,737,0
E01904,E02266,shared_director,0.16,2,719468,0.55,1.54,0,559,0,6779975,1.0,1.09,1,719,0
E00964,E02266,co-investor,0.94,42,3853124,0.43,1.41,2,636,0,6779975,1.0,1.09,1,719,0
E00360,E02266,parent_company,0.5,20,4539887,0.8,1.01,2,749,0,6779975,1.0,1.09,1,719,0
E01904,E00160,supplier,0.89,43,719468,0.55,1.54,0,559,0,4390892,0.53,1.13,2,629,0
E00466,E00160,shared_director,0.55,41,5470399,0.27,1.7,2,805,0,4390892,0.53,1.13,2,629,0
E00378,E00160,co-investor,0.51,8,6129402,0.44,0.67,1,751,0,4390892,0.53,1.13,2,629,0
E01202,E00160,supplier,0.15,20,864290,0.78,0.93,3,594,0,4390892,0.53,1.13,2,629,0
E01670,E02595,parent_company,0.92,2,5845310,0.32,0.93,1,747,0,6326895,0.66,0.54,5,503,0
E00904,E02595,shared_director,0.48,6,3328475,0.18,1.62,2,644,0,6326895,0.66,0.54,5,503,0
E01736,E02274,shared_director,0.14,30,7639288,0.8,1.65,1,522,0,4269328,0.98,1.67,2,788,1
E00762,E02274,co-investor,1.0,29,4651372,0.88,1.28,2,817,0,4269328,0.98,1.67,2,788,1
E02543,E02467,supplier,0.32,10,1135665,0.85,0.7,2,809,0,4402806,0.96,1.58,0,693,0
E00550,E02467,parent_company,0.63,18,1712518,0.27,1.88,4,649,0,4402806,0.96,1.58,0,693,0
E01153,E01990,supplier,0.18,40,1229599,0.35,0.59,2,574,1,3622564,0.66,1.4,3,843,0
E01153,E00435,co-investor,0.67,8,1229599,0.35,0.59,2,574,1,2744345,0.3,0.8,1,532,0
E01153,E02703,supplier,0.38,17,1229599,0.35,0.59,2,574,1,4080902,0.59,1.52,1,705,0
E00287,E01232,supplier,0.46,8,6865993,0.31,1.17,3,612,0,3915255,0.22,0.73,1,831,0
E01032,E01232,parent_company,0.88,47,4936163,0.58,1.94,1,724,0,3915255,0.22,0.73,1,831,0
E00287,E00664,supplier,0.4,43,6865993,0.31,1.17,3,612,0,8453667,0.27,1.79,2,810,0
E02658,E00664,co-investor,0.37,23,2508812,0.79,0.55,2,688,0,8453667,0.27,1.79,2,810,0
E01650,E00664,parent_company,0.15,28,4418849,0.2,1.68,1,762,0,8453667,0.27,1.79,2,810,0
E00573,E02280,co-investor,0.89,14,6359946,0.13,0.66,0,569,0,6773464,0.67,0.5,1,826,0
E00327,E02280,co-investor,0.54,4,4039736,0.28,1.14,0,726,0,6773464,0.67,0.5,1,826,0
E00573,E01802,supplier,0.3,23,6359946,0.13,0.66,0,569,0,7495513,0.88,1.08,1,611,1
E02236,E01802,supplier,0.77,42,4618317,0.97,0.89,1,732,0,7495513,0.88,1.08,1,611,1
E01318,E01537,co-investor,0.36,46,5500904,0.25,1.27,3,580,0,453007,0.19,0.52,1,666,0
E00505,E01537,supplier,0.5,48,4732840,0.4,1.65,0,752,0,453007,0.19,0.52,1,666,0
E01542,E01537,co-investor,0.81,48,3405994,0.68,1.36,2,729,0,453007,0.19,0.52,1,666,0
E01346,E02835,co-investor,0.69,24,5560242,0.64,1.33,0,613,0,7205855,0.76,1.52,4,506,0
E01824,E02754,supplier,0.42,25,4718144,0.75,0.56,1,811,0,4521246,0.7,1.52,2,786,0
E00242,E02754,co-investor,0.99,49,8242217,0.49,1.81,3,549,0,4521246,0.7,1.52,2,786,0
E01553,E02754,supplier,0.82,33,5677629,0.78,1.0,1,650,0,4521246,0.7,1.52,2,786,0
E01850,E02754,supplier,0.47,36,6362679,0.69,0.94,2,547,0,4521246,0.7,1.52,2,786,0
E02856,E02636,supplier,0.36,50,5018930,0.74,1.89,1,565,0,5001000,0.39,1.37,0,808,0
E01633,E02636,parent_company,0.71,16,5812954,0.81,0.8,2,790,1,5001000,0.39,1.37,0,808,0
E00645,E02636,supplier,0.55,15,1753908,0.17,1.12,2,657,0,5001000,0.39,1.37,0,808,0
E02436,E02636,parent_company,0.34,39,7287673,0.73,1.9,5,659,0,5001000,0.39,1.37,0,808,0
E02312,E02636,parent_company,0.33,29,2075550,0.49,0.97,2,789,0,5001000,0.39,1.37,0,808,0
E02856,E00004,shared_director,0.27,16,5018930,0.74,1.89,1,565,0,5807641,0.54,0.93,2,722,0
E01152,E00305,supplier,0.7,2,5183729,0.64,1.02,1,614,0,6635505,0.8,0.71,2,764,0
E00912,E00305,co-investor,0.24,22,6912880,0.41,1.19,0,613,0,6635505,0.8,0.71,2,764,0
E00550,E00305,co-investor,0.9,46,1712518,0.27,1.88,4,649,0,6635505,0.8,0.71,2,764,0
E00004,E00305,parent_company,0.24,33,5807641,0.54,0.93,2,722,0,6635505,0.8,0.71,2,764,0
E01487,E00151,co-investor,0.54,46,7470243,0.62,0.82,2,731,0,2131270,0.22,1.57,1,784,0
E00699,E00151,shared_director,0.24,37,5502611,0.73,0.5,0,834,0,2131270,0.22,1.57,1,784,0
E00972,E00151,parent_company,0.23,14,3154339,0.34,1.79,2,537,0,2131270,0.22,1.57,1,784,0
E00579,E00151,co-investor,0.16,7,4932626,0.77,1.05,3,793,0,2131270,0.22,1.57,1,784,0
E02896,E02483,parent_company,0.11,41,1595731,0.36,1.93,1,554,1,8015267,0.49,0.55,0,686,0
E02864,E02483,co-investor,0.47,31,6192794,0.99,1.28,2,588,0,8015267,0.49,0.55,0,686,0
E01044,E02483,supplier,0.33,25,5401303,0.23,0.83,2,747,0,8015267,0.49,0.55,0,686,0
E00780,E02483,parent_company,0.25,41,447252,0.37,0.69,1,526,0,8015267,0.49,0.55,0,686,0
E01623,E00786,supplier,0.18,48,3484015,0.73,1.28,4,800,1,4186553,0.95,0.52,2,629,1
E00749,E00786,co-investor,0.98,27,5999053,0.48,0.93,4,781,0,4186553,0.95,0.52,2,629,1
E01204,E00786,supplier,0.7,31,2519879,0.5,1.51,1,745,0,4186553,0.95,0.52,2,629,1
E00699,E00678,co-investor,0.67,32,5502611,0.73,0.5,0,834,0,6560156,0.48,1.7,0,653,0
E02621,E00678,co-investor,0.94,20,4366469,0.27,0.5,0,527,0,6560156,0.48,1.7,0,653,0
E01622,E00678,shared_director,0.1,10,5677987,0.34,1.93,0,536,0,6560156,0.48,1.7,0,653,0
E01108,E00678,shared_director,0.6,33,5271089,0.34,1.31,0,576,0,6560156,0.48,1.7,0,653,0
E00009,E00570,co-investor,0.35,47,4304946,0.56,1.85,0,838,0,1351860,0.55,0.81,2,753,0
E02030,E00570,shared_director,0.21,19,3625231,0.81,1.07,0,680,0,1351860,0.55,0.81,2,753,0
E00746,E00570,parent_company,0.32,50,3542536,0.13,1.23,0,565,0,1351860,0.55,0.81,2,753,0
E01772,E00425,shared_director,0.29,13,7293247,0.86,1.52,0,545,0,4260956,0.43,1.55,1,642,0
E00837,E00425,shared_director,0.12,33,6158885,0.56,0.53,0,845,0,4260956,0.43,1.55,1,642,0
E02595,E00425,co-investor,0.11,22,6326895,0.66,0.54,5,503,0,4260956,0.43,1.55,1,642,0
E01772,E02562,parent_company,0.92,32,7293247,0.86,1.52,0,545,0,4348825,0.54,0.55,1,575,0
E02263,E02562,co-investor,0.62,17,3687608,0.5,1.75,4,698,0,4348825,0.54,0.55,1,575,0
E01772,E00973,co-investor,0.22,50,7293247,0.86,1.52,0,545,0,4392338,0.56,1.94,1,702,0
E02321,E00973,supplier,0.92,23,2823361,0.82,0.96,2,524,0,4392338,0.56,1.94,1,702,0
E01223,E00973,shared_director,0.88,36,4201776,0.37,0.82,2,510,1,4392338,0.56,1.94,1,702,0
E02764,E00973,co-investor,0.37,41,3915435,0.15,1.45,1,664,0,4392338,0.56,1.94,1,702,0
E01771,E00973,co-investor,0.39,20,7774514,0.98,1.94,2,578,0,4392338,0.56,1.94,1,702,0
E02825,E01736,supplier,0.93,13,7538345,0.69,0.88,0,504,0,7639288,0.8,1.65,1,522,0
E02728,E01736,parent_company,0.74,34,9328014,0.95,1.69,1,786,0,7639288,0.8,1.65,1,522,0
E02825,E02242,parent_company,0.22,24,7538345,0.69,0.88,0,504,0,7390278,0.24,1.56,1,660,0
E00362,E02242,supplier,0.24,37,6445080,0.66,0.54,1,681,0,7390278,0.24,1.56,1,660,0
E00442,E01940,parent_company,0.96,4,6746317,0.54,1.04,2,594,0,7110437,0.89,1.3,1,674,0
E02339,E01940,co-investor,0.45,21,6730397,0.18,0.82,2,645,0,7110437,0.89,1.3,1,674,0
E02065,E01940,shared_director,0.98,50,2529312,0.15,0.57,0,788,0,7110437,0.89,1.3,1,674,0
E00442,E01340,co-investor,0.61,13,6746317,0.54,1.04,2,594,0,3864588,0.83,1.69,4,540,1
E01750,E01340,supplier,0.68,16,6544189,0.59,0.85,1,571,0,3864588,0.83,1.69,4,540,1
E02480,E01340,co-investor,0.87,31,1470808,0.15,1.77,2,823,0,3864588,0.83,1.69,4,540,1
E02169,E01340,co-investor,0.62,22,3774610,0.5,1.06,1,744,0,3864588,0.83,1.69,4,540,1
E00442,E01725,shared_director,0.8,37,6746317,0.54,1.04,2,594,0,217451,0.43,1.25,3,728,0
E00614,E01725,shared_director,0.95,4,6502751,0.43,1.97,2,575,1,217451,0.43,1.25,3,728,0
E00109,E01725,supplier,0.78,40,8292794,0.81,1.55,1,641,1,217451,0.43,1.25,3,728,0
E00229,E02084,parent_company,0.45,5,4399279,0.15,1.63,1,615,0,6383762,0.93,1.32,3,801,0
E00235,E02084,co-investor,0.7,15,2858843,0.86,1.43,2,604,1,6383762,0.93,1.32,3,801,0
E01328,E02084,co-investor,0.17,1,1350551,0.86,1.94,0,797,1,6383762,0.93,1.32,3,801,0
E00421,E01721,parent_company,0.38,28,4604093,0.28,1.24,4,590,0,7116414,0.42,1.11,4,664,0
E02348,E01319,shared_director,0.68,15,6187853,0.92,1.69,1,807,0,4561687,0.99,1.26,2,719,0
E00734,E01319,co-investor,0.57,31,2435002,0.62,1.94,0,715,0,4561687,0.99,1.26,2,719,0
E02544,E01822,parent_company,0.32,3,3649037,0.34,0.6,4,778,0,5840904,0.35,0.8,0,530,0
E02544,E01417,parent_company,0.27,48,3649037,0.34,0.6,4,778,0,4690150,0.25,1.81,3,699,0
E01949,E02443,shared_director,0.88,37,4328538,0.12,0.87,1,710,0,2861426,0.53,0.76,1,843,0
E01649,E02443,supplier,0.39,22,6558547,0.43,1.61,2,512,0,2861426,0.53,0.76,1,843,0
E01949,E01039,supplier,0.67,35,4328538,0.12,0.87,1,710,0,7076777,0.22,0.88,1,780,0
E00075,E01039,parent_company,0.49,11,4770311,0.3,1.75,0,557,0,7076777,0.22,0.88,1,780,0
E01668,E01039,shared_director,0.28,44,6481181,0.24,1.27,1,638,0,7076777,0.22,0.88,1,780,0
E01065,E01039,shared_director,0.49,38,3528392,0.76,0.7,0,585,1,7076777,0.22,0.88,1,780,0
E02032,E01107,supplier,0.71,28,4686515,0.16,1.49,1,697,0,5075900,0.74,1.68,0,620,0
E01007,E01107,supplier,0.21,45,4834704,0.67,1.79,0,599,0,5075900,0.74,1.68,0,620,0
E02032,E01558,co-investor,0.12,13,4686515,0.16,1.49,1,697,0,4260828,0.56,0.52,0,793,0
E01545,E01558,parent_company,0.29,50,3609912,0.89,1.39,3,589,0,4260828,0.56,0.52,0,793,0
E02032,E01462,supplier,0.48,48,4686515,0.16,1.49,1,697,0,6889943,0.14,0.97,1,702,0
E02032,E00386,shared_director,0.13,18,4686515,0.16,1.49,1,697,0,4008267,0.43,0.66,2,609,0
E02586,E00386,shared_director,0.44,22,8533310,0.6,1.89,1,611,0,4008267,0.43,0.66,2,609,0
E00944,E02184,shared_director,0.67,28,6542877,0.29,0.73,6,522,0,5564374,0.67,1.55,0,803,0
E00144,E02184,parent_company,0.72,27,6020592,0.4,1.05,0,717,0,5564374,0.67,1.55,0,803,0
E01358,E01316,supplier,0.4,18,3549462,0.25,1.35,2,803,0,2639414,0.67,1.15,2,661,0
E00913,E01316,parent_company,0.14,24,3750420,0.91,1.68,3,602,0,2639414,0.67,1.15,2,661,0
E01358,E01916,shared_director,0.97,29,3549462,0.25,1.35,2,803,0,6069557,0.56,1.77,0,521,0
E02845,E01916,supplier,0.39,30,3965633,0.34,1.15,4,547,1,6069557,0.56,1.77,0,521,0
E00472,E00218,supplier,0.62,16,2508467,0.53,0.89,1,645,0,5094034,0.48,0.75,2,768,0
E01369,E00218,shared_director,0.83,18,4729491,0.57,1.11,6,741,0,5094034,0.48,0.75,2,768,0
E00946,E00218,supplier,0.75,18,5340596,0.13,1.1,1,774,0,5094034,0.48,0.75,2,768,0
E00714,E00298,parent_company,0.39,26,5340994,0.82,0.68,3,701,0,3332882,0.2,1.85,2,614,0
E02330,E00298,parent_company,0.94,43,5596783,0.98,0.86,0,758,0,3332882,0.2,1.85,2,614,0
E01631,E00298,shared_director,0.95,37,7383917,1.0,0.84,2,842,0,3332882,0.2,1.85,2,614,0
E02708,E01898,co-investor,0.6,40,4519694,0.43,0.56,6,501,0,7011070,0.18,0.77,1,577,0
E02057,E01898,shared_director,0.8,15,3101151,0.5,1.71,4,546,0,7011070,0.18,0.77,1,577,0
E00617,E01898,shared_director,0.62,43,6605803,0.97,1.56,0,549,0,7011070,0.18,0.77,1,577,0
E02708,E00557,shared_director,0.73,38,4519694,0.43,0.56,6,501,0,5339387,0.57,0.83,0,581,0
E02932,E02027,shared_director,0.34,26,5867498,0.52,0.65,2,836,0,3739375,0.24,0.78,4,713,0
E01217,E02027,supplier,0.64,34,3227559,0.92,0.9,1,566,0,3739375,0.24,0.78,4,713,0
E02932,E01557,co-investor,0.15,26,5867498,0.52,0.65,2,836,0,5651414,0.94,1.33,0,508,0
E01545,E00072,co-investor,0.18,2,3609912,0.89,1.39,3,589,0,5298573,0.31,0.82,3,693,0
E01709,E00072,shared_director,0.39,41,7163884,0.46,1.33,3,624,0,5298573,0.31,0.82,3,693,0
E01008,E00072,shared_director,0.21,27,3341966,0.57,1.94,3,560,0,5298573,0.31,0.82,3,693,0
E01043,E00499,parent_company,0.65,35,1338463,0.19,0.52,3,788,0,4620011,0.62,0.89,1,729,0
E00456,E00499,co-investor,0.88,43,6554032,0.82,1.32,0,671,1,4620011,0.62,0.89,1,729,0
E02406,E00499,co-investor,0.81,39,3297259,0.39,0.74,2,768,0,4620011,0.62,0.89,1,729,0
E01119,E01567,supplier,0.26,15,1127769,0.7,1.27,0,747,0,5660130,0.85,1.21,5,656,0
E01119,E02012,parent_company,0.91,43,1127769,0.7,1.27,0,747,0,6057662,0.18,0.5,1,512,0
E01452,E02012,supplier,0.29,19,2934261,0.97,1.06,0,742,0,6057662,0.18,0.5,1,512,0
E02117,E02012,parent_company,0.91,19,2376634,0.38,1.2,1,644,0,6057662,0.18,0.5,1,512,0
E01088,E02744,parent_company,0.38,28,1089447,0.14,0.98,3,538,0,3042371,0.65,1.28,3,532,0
E02001,E02744,supplier,0.3,39,5537067,0.3,1.77,2,522,0,3042371,0.65,1.28,3,532,0
E01737,E02744,parent_company,0.79,9,8638446,0.45,1.05,3,504,0,3042371,0.65,1.28,3,532,0
E01647,E02744,co-investor,0.19,31,3389781,0.82,1.28,4,789,1,3042371,0.65,1.28,3,532,0
E02112,E02744,co-investor,0.62,8,4679257,0.57,0.55,3,667,0,3042371,0.65,1.28,3,532,0
E01088,E01387,co-investor,0.53,38,1089447,0.14,0.98,3,538,0,5842759,0.54,1.02,2,712,0
E01946,E01387,parent_company,0.36,7,9438402,0.21,0.58,0,534,1,5842759,0.54,1.02,2,712,0
E00404,E00486,supplier,0.42,35,3536245,0.23,0.8,3,626,0,7445001,0.1,1.31,2,693,0
E01859,E00486,parent_company,0.35,28,6620690,0.57,1.6,2,682,0,7445001,0.1,1.31,2,693,0
E02878,E00486,shared_director,0.1,33,4353124,0.71,0.89,1,780,0,7445001,0.1,1.31,2,693,0
E00404,E00907,parent_company,0.12,31,3536245,0.23,0.8,3,626,0,5252898,0.88,1.15,2,741,0
E00565,E00276,shared_director,0.48,25,4091511,0.35,0.84,1,635,0,2878346,0.74,1.47,1,695,0
E01960,E00276,supplier,0.62,47,3470016,0.49,1.87,1,517,1,2878346,0.74,1.47,1,695,0
E00565,E01521,supplier,0.86,28,4091511,0.35,0.84,1,635,0,9035815,0.55,1.9,1,527,0
E02328,E02364,shared_director,0.32,36,2690610,0.53,0.83,4,600,0,2982671,0.67,0.88,4,743,0
E01727,E02364,supplier,0.91,17,5908366,0.24,1.24,1,711,0,2982671,0.67,0.88,4,743,0
E00898,E02364,co-investor,0.77,45,7914391,0.23,0.6,1,639,0,2982671,0.67,0.88,4,743,0
E01917,E02364,supplier,0.43,10,2925964,0.95,1.64,1,718,0,2982671,0.67,0.88,4,743,0
E01601,E00413,shared_director,0.82,27,3077023,0.61,0.67,0,699,0,8623960,0.25,1.8,1,539,0
E02577,E00413,shared_director,0.92,27,4246599,0.26,1.41,0,697,0,8623960,0.25,1.8,1,539,0
E02485,E00413,shared_director,0.27,32,7616023,0.85,1.86,3,683,1,8623960,0.25,1.8,1,539,0
E00318,E00413,supplier,0.39,32,2117011,0.25,1.2,1,722,0,8623960,0.25,1.8,1,539,0
E01601,E01379,shared_director,0.47,41,3077023,0.61,0.67,0,699,0,7290778,0.31,1.76,1,831,0
E01380,E01379,supplier,0.99,3,3936886,0.67,1.12,1,534,0,7290778,0.31,1.76,1,831,0
E01127,E01379,supplier,0.9,2,5545395,0.27,1.12,1,735,0,7290778,0.31,1.76,1,831,0
E00132,E02082,parent_company,0.62,11,4163713,0.95,1.29,1,523,0,6281067,0.17,0.93,1,556,0
E00564,E02082,parent_company,0.96,46,7252234,0.49,1.48,2,790,0,6281067,0.17,0.93,1,556,0
E00285,E01581,co-investor,0.29,19,5480045,0.38,1.05,1,762,0,3872599,0.51,1.37,2,737,0
E02412,E01581,supplier,0.52,23,5923332,0.34,1.59,1,610,0,3872599,0.51,1.37,2,737,0
E00585,E01826,supplier,0.84,39,1175793,0.31,1.17,2,500,0,5379321,0.68,0.87,0,838,0
E01012,E01797,supplier,0.34,1,9020018,0.38,1.46,0,804,0,4833231,0.51,0.9,3,802,0
E02808,E01797,shared_director,0.87,17,4833239,0.22,1.7,0,814,0,4833231,0.51,0.9,3,802,0
E00898,E01797,parent_company,0.44,34,7914391,0.23,0.6,1,639,0,4833231,0.51,0.9,3,802,0
E01219,E01602,parent_company,0.47,12,5207088,0.97,1.17,2,557,0,6661704,0.28,2.0,0,834,0
E01218,E01602,shared_director,0.26,28,5537322,0.25,1.3,0,849,0,6661704,0.28,2.0,0,834,0
E02073,E02712,parent_company,0.88,23,7322797,0.42,0.82,4,762,0,5170568,0.94,1.35,0,784,1
E01134,E02712,co-investor,0.26,31,7201195,0.49,0.76,0,831,1,5170568,0.94,1.35,0,784,1
E01775,E02712,parent_company,0.45,27,8040678,0.19,1.16,0,659,0,5170568,0.94,1.35,0,784,1
E00570,E02712,co-investor,0.54,49,1351860,0.55,0.81,2,753,0,5170568,0.94,1.35,0,784,1
E02073,E02440,co-investor,0.91,24,7322797,0.42,0.82,4,762,0,7759677,0.48,1.14,3,604,0
E02845,E02768,shared_director,0.44,48,3965633,0.34,1.15,4,547,1,4276822,0.33,0.84,0,761,0
E01636,E01838,parent_company,0.15,10,2510337,0.24,1.66,1,841,0,6135883,0.13,1.72,1,627,0
E01927,E01838,shared_director,0.93,33,2164752,0.55,0.8,0,765,0,6135883,0.13,1.72,1,627,0
E01127,E01838,co-investor,0.59,1,5545395,0.27,1.12,1,735,0,6135883,0.13,1.72,1,627,0
E00494,E01838,parent_company,0.12,37,3898103,0.76,1.47,0,811,0,6135883,0.13,1.72,1,627,0
E00196,E01838,parent_company,0.85,29,5267695,0.59,0.74,2,656,1,6135883,0.13,1.72,1,627,0
E00886,E01811,supplier,0.85,34,2779553,0.83,0.54,0,504,0,8328634,0.8,0.65,2,527,1
E02630,E01811,parent_company,0.77,20,3259487,0.58,1.17,1,522,1,8328634,0.8,0.65,2,527,1
E01819,E00215,supplier,0.14,25,4780460,0.57,1.87,0,589,0,2301072,0.28,1.0,2,744,0
E00736,E00215,supplier,0.98,42,5834380,0.24,1.13,2,506,0,2301072,0.28,1.0,2,744,0
E01819,E00056,co-investor,0.5,46,4780460,0.57,1.87,0,589,0,4478529,0.7,1.16,2,646,0
E01381,E00036,co-investor,0.98,10,3211300,0.85,1.65,1,643,0,2720491,0.61,1.87,2,621,0
E01007,E00036,co-investor,0.87,50,4834704,0.67,1.79,0,599,0,2720491,0.61,1.87,2,621,0
E02721,E00204,supplier,0.37,48,6672657,0.56,1.28,0,516,0,6002066,0.55,1.23,2,849,0
E02687,E00204,parent_company,0.2,3,3364569,0.55,1.24,3,693,0,6002066,0.55,1.23,2,849,0
E02031,E00204,supplier,0.35,38,6701295,0.27,1.81,1,835,0,6002066,0.55,1.23,2,849,0
E01880,E00902,supplier,0.69,18,2963500,0.94,0.88,1,713,0,3854004,0.75,1.8,4,717,1
E01880,E00100,parent_company,0.31,40,2963500,0.94,0.88,1,713,0,4739309,0.55,1.38,2,535,0
E01042,E00100,shared_director,0.24,24,3863715,0.25,0.94,2,605,0,4739309,0.55,1.38,2,535,0
E01055,E00100,supplier,0.39,32,6667614,0.14,0.87,1,810,1,4739309,0.55,1.38,2,535,0
E02285,E00100,supplier,0.68,45,7399276,0.51,1.79,2,538,0,4739309,0.55,1.38,2,535,0
E01095,E00100,co-investor,0.97,13,6091634,0.52,1.14,0,708,0,4739309,0.55,1.38,2,535,0
E01880,E02188,supplier,0.64,24,2963500,0.94,0.88,1,713,0,5036083,0.69,1.97,2,763,0
E00875,E02188,co-investor,0.8,16,4499063,0.43,0.89,1,622,0,5036083,0.69,1.97,2,763,0
E01074,E02188,co-investor,0.8,31,7864684,0.73,1.14,4,596,0,5036083,0.69,1.97,2,763,0
E00545,E02188,parent_company,0.34,6,7579513,0.97,1.46,0,804,0,5036083,0.69,1.97,2,763,0
E01684,E01552,co-investor,0.5,13,7267246,0.61,1.91,1,846,0,3804383,0.73,1.47,0,742,0
E02307,E01552,supplier,0.25,11,3594543,0.57,1.67,1,802,0,3804383,0.73,1.47,0,742,0
E02567,E01552,supplier,0.86,37,6522611,0.92,1.73,2,825,0,3804383,0.73,1.47,0,742,0
E02817,E02181,co-investor,0.18,25,4531330,0.13,0.98,0,554,0,1163800,0.16,1.24,1,541,0
E00503,E02181,parent_company,0.65,39,5278685,0.91,0.75,0,506,1,1163800,0.16,1.24,1,541,0
E02293,E02181,parent_company,0.58,19,7442471,0.89,1.58,1,672,0,1163800,0.16,1.24,1,541,0
E00198,E02181,co-investor,0.53,37,4573455,0.43,1.27,1,541,0,1163800,0.16,1.24,1,541,0
E02493,E02397,shared_director,0.44,41,5887003,0.37,1.15,2,813,0,5859126,0.56,0.8,1,831,0
E00310,E02397,parent_company,0.53,34,2299503,0.92,1.87,1,779,0,5859126,0.56,0.8,1,831,0
E00509,E01266,parent_company,0.76,49,3257732,0.53,0.68,2,731,0,3509053,0.49,0.9,1,543,1
E02000,E01266,co-investor,0.28,36,9220271,0.47,0.93,3,808,0,3509053,0.49,0.9,1,543,1
E02537,E01266,shared_director,0.89,29,1029077,0.24,1.32,2,725,0,3509053,0.49,0.9,1,543,1
E02630,E00156,parent_company,0.93,39,3259487,0.58,1.17,1,522,1,3232444,0.89,0.5,2,575,0
E02418,E00156,parent_company,0.97,50,8914349,0.47,0.67,2,525,0,3232444,0.89,0.5,2,575,0
E01356,E00156,shared_director,0.75,27,3314514,0.39,0.96,2,724,0,3232444,0.89,0.5,2,575,0
E00912,E02419,co-investor,0.9,7,6912880,0.41,1.19,0,613,0,4946336,0.98,1.11,3,611,1
E00855,E02419,co-investor,0.78,20,5652549,0.33,1.96,1,648,0,4946336,0.98,1.11,3,611,1
E01200,E02419,supplier,0.77,41,584498,0.72,0.92,1,786,1,4946336,0.98,1.11,3,611,1
E01808,E01732,shared_director,0.78,31,1926952,0.8,1.6,2,665,0,5909590,0.2,1.49,0,776,0
E02034,E01732,co-investor,0.87,21,5062089,0.12,1.53,2,552,0,5909590,0.2,1.49,0,776,0
E01808,E00944,supplier,0.48,7,1926952,0.8,1.6,2,665,0,6542877,0.29,0.73,6,522,0
E02299,E00944,co-investor,0.37,49,6508166,0.37,1.95,5,542,0,6542877,0.29,0.73,6,522,0
E01932,E00944,co-investor,0.67,23,3603022,0.49,1.78,1,670,0,6542877,0.29,0.73,6,522,0
E01188,E00944,co-investor,0.45,33,5060323,0.31,0.85,2,795,0,6542877,0.29,0.73,6,522,0
E01054,E02263,co-investor,0.77,18,6312721,0.2,0.5,1,641,0,3687608,0.5,1.75,4,698,0
E02853,E00667,parent_company,0.69,36,4604461,0.34,1.15,4,642,0,3018615,0.3,1.96,3,686,0
E01255,E00667,shared_director,0.59,49,1605805,0.98,1.71,1,722,0,3018615,0.3,1.96,3,686,0
E02724,E00667,shared_director,0.83,23,7573006,0.61,1.83,3,580,0,3018615,0.3,1.96,3,686,0
E01846,E02323,parent_company,0.27,4,5905062,0.51,1.5,1,557,0,4782814,0.22,1.9,1,507,0
E01406,E01292,parent_company,0.95,43,4561112,0.96,1.58,2,631,0,2633187,0.12,1.83,2,618,0
E01342,E01292,parent_company,0.69,13,5481849,0.82,1.1,1,843,0,2633187,0.12,1.83,2,618,0
E01633,E02600,supplier,0.22,42,5812954,0.81,0.8,2,790,1,6789447,0.72,1.87,0,782,0
E00411,E02158,parent_company,0.75,1,5551021,0.38,1.54,1,695,0,4030742,0.18,1.92,3,815,0
E02107,E02158,co-investor,0.46,9,4867713,0.62,1.77,1,802,0,4030742,0.18,1.92,3,815,0
E02487,E02040,supplier,0.79,11,7693339,0.13,1.41,5,761,0,6193565,0.93,1.89,2,782,0
E00120,E01899,parent_company,0.22,25,2173951,0.54,1.67,2,827,0,2708923,0.47,1.91,1,634,0
E01291,E01899,supplier,0.22,7,7220604,0.2,1.54,0,600,0,2708923,0.47,1.91,1,634,0
E01941,E01899,supplier,0.11,27,5000890,0.56,1.71,2,761,0,2708923,0.47,1.91,1,634,0
E02016,E00810,supplier,0.58,10,5435994,0.87,0.86,3,652,0,4127893,0.79,1.55,2,783,0
E02461,E01927,supplier,0.53,18,7928908,0.11,1.71,0,718,0,2164752,0.55,0.8,0,765,0
E00394,E01927,shared_director,0.4,17,4193420,0.41,1.03,3,749,0,2164752,0.55,0.8,0,765,0
E01044,E01927,shared_director,0.35,1,5401303,0.23,0.83,2,747,0,2164752,0.55,0.8,0,765,0
E00904,E01927,parent_company,0.13,48,3328475,0.18,1.62,2,644,0,2164752,0.55,0.8,0,765,0
E02507,E01927,parent_company,0.58,19,4252675,0.66,0.5,0,589,1,2164752,0.55,0.8,0,765,0
E01062,E00474,co-investor,0.18,6,6521809,0.85,0.85,0,680,0,3583842,0.97,1.37,4,756,0
E00622,E00474,parent_company,0.24,44,3435964,0.36,1.81,0,576,1,3583842,0.97,1.37,4,756,0
E01223,E00474,shared_director,0.44,20,4201776,0.37,0.82,2,510,1,3583842,0.97,1.37,4,756,0
E02347,E01507,parent_company,0.87,25,4459680,0.97,1.13,0,658,0,3243034,0.23,1.5,1,833,0
E02365,E01507,supplier,0.23,38,4445367,0.35,1.28,0,731,0,3243034,0.23,1.5,1,833,0
E01003,E01507,supplier,0.73,20,4408917,0.4,0.7,2,751,0,3243034,0.23,1.5,1,833,0
E00778,E02749,co-investor,0.77,21,4110108,0.27,1.5,1,793,0,2498607,0.92,0.6,1,796,1
E02205,E02348,supplier,0.59,47,2631279,0.42,1.54,2,599,0,6187853,0.92,1.69,1,807,0
E02205,E01989,parent_company,0.34,13,2631279,0.42,1.54,2,599,0,2844256,0.53,0.61,2,804,0
E00026,E01989,co-investor,0.31,36,350560,0.28,0.9,1,843,0,2844256,0.53,0.61,2,804,0
E00610,E01989,supplier,0.58,14,2407248,0.61,0.91,0,720,0,2844256,0.53,0.61,2,804,0
E01543,E00449,shared_director,0.15,38,8342965,0.31,0.6,0,664,0,1734095,0.49,1.32,1,512,0
E01314,E00449,shared_director,0.16,11,922077,0.41,1.4,0,553,1,1734095,0.49,1.32,1,512,0
E02365,E02468,parent_company,0.73,44,4445367,0.35,1.28,0,731,0,5548054,0.58,1.59,3,506,0
E01575,E02468,shared_director,0.6,30,3940124,0.4,1.29,1,729,0,5548054,0.58,1.59,3,506,0
E02668,E00038,co-investor,0.75,37,3484287,0.76,1.74,1,586,0,8773656,0.34,1.06,1,582,1
E00158,E00038,co-investor,0.74,40,1492852,0.15,1.3,0,506,0,8773656,0.34,1.06,1,582,1
E00736,E00670,shared_director,0.71,7,5834380,0.24,1.13,2,506,0,5162553,0.39,0.62,2,508,0
E02912,E00670,co-investor,0.3,5,5012422,0.43,1.03,4,500,0,5162553,0.39,0.62,2,508,0
E01965,E01122,supplier,0.81,12,7488996,0.47,2.0,2,656,0,2366502,0.48,1.08,0,591,0
E01180,E01122,shared_director,0.5,11,5460019,0.68,1.53,1,793,0,2366502,0.48,1.08,0,591,0
E01780,E01122,supplier,0.85,10,1663096,0.16,1.25,0,560,0,2366502,0.48,1.08,0,591,0
E02799,E01122,parent_company,0.91,50,6119154,0.17,1.32,3,619,0,2366502,0.48,1.08,0,591,0
E00758,E00247,shared_director,0.82,9,4366699,0.45,0.93,2,805,0,6110753,0.66,1.29,4,637,0
E01538,E00247,supplier,0.59,11,3127422,0.66,1.34,2,749,0,6110753,0.66,1.29,4,637,0
E02026,E00247,parent_company,0.11,14,6866464,0.98,0.72,1,847,0,6110753,0.66,1.29,4,637,0
E02165,E00247,co-investor,0.11,28,1540204,0.39,0.69,0,735,0,6110753,0.66,1.29,4,637,0
E02208,E02924,supplier,0.78,14,4850511,0.61,0.93,2,593,0,5527093,0.37,1.37,2,718,0
E01091,E02924,co-investor,0.9,11,4817661,0.73,1.88,0,608,0,5527093,0.37,1.37,2,718,0
E02304,E01052,supplier,0.18,8,4667557,0.97,0.71,2,763,0,5235442,0.66,1.48,0,707,0
E00419,E01052,supplier,0.82,36,5229066,0.6,1.42,1,803,0,5235442,0.66,1.48,0,707,0
E02074,E00167,parent_company,0.81,26,3377485,0.73,1.27,0,583,0,1620885,0.75,1.84,0,752,1
E01733,E02870,supplier,0.37,14,6548262,0.67,1.1,3,833,0,5262041,0.59,1.81,0,598,0
E00794,E02870,co-investor,1.0,23,5336790,0.99,1.81,2,604,0,5262041,0.59,1.81,0,598,0
E02459,E02870,parent_company,0.39,5,7740819,0.53,1.51,0,774,0,5262041,0.59,1.81,0,598,0
E02113,E02870,shared_director,0.39,44,5002759,0.21,1.39,0,739,0,5262041,0.59,1.81,0,598,0
E02128,E01202,shared_director,0.23,32,7661734,0.2,1.47,4,747,0,864290,0.78,0.93,3,594,0
E02317,E01202,supplier,0.78,26,3074625,0.38,1.53,1,763,0,864290,0.78,0.93,3,594,0
E00083,E01202,supplier,0.74,32,2644943,0.38,1.9,2,587,0,864290,0.78,0.93,3,594,0
E02555,E01202,shared_director,0.52,6,8396185,0.12,1.4,3,525,0,864290,0.78,0.93,3,594,0
E00527,E02549,shared_director,0.17,17,2846678,0.87,0.59,1,792,1,6216884,0.46,0.78,2,816,0
E00125,E02549,supplier,0.94,8,6943645,0.89,1.11,1,683,0,6216884,0.46,0.78,2,816,0
E01401,E02549,supplier,0.63,12,5213574,0.27,0.99,2,781,0,6216884,0.46,0.78,2,816,0
E00527,E00601,co-investor,0.87,17,2846678,0.87,0.59,1,792,1,3842073,0.21,0.84,0,813,0
E01372,E00601,supplier,0.31,41,5384565,0.75,0.69,1,604,0,3842073,0.21,0.84,0,813,0
E02687,E00601,co-investor,0.23,29,3364569,0.55,1.24,3,693,0,3842073,0.21,0.84,0,813,0
E02436,E00601,supplier,0.74,49,7287673,0.73,1.9,5,659,0,3842073,0.21,0.84,0,813,0
E01405,E00601,parent_company,0.34,26,4073462,0.4,1.12,2,618,0,3842073,0.21,0.84,0,813,0
E01068,E00327,co-investor,0.27,49,5482476,0.41,0.78,0,509,0,4039736,0.28,1.14,0,726,0
E01483,E00327,co-investor,0.6,5,2117035,0.96,1.98,0,587,1,4039736,0.28,1.14,0,726,0
E02594,E02855,parent_company,0.74,37,5590854,0.69,0.77,2,746,0,3544655,0.52,1.06,3,811,0
E02802,E00641,shared_director,0.5,49,4014454,0.24,0.79,1,517,0,6952767,0.11,1.0,0,664,0
E01551,E01449,shared_director,0.87,34,3675738,0.24,1.58,0,806,0,3747619,0.31,0.67,1,708,1
E00452,E01449,co-investor,0.8,43,5358549,0.81,1.47,2,707,0,3747619,0.31,0.67,1,708,1
E00675,E01449,shared_director,0.61,38,3932181,0.22,1.98,3,690,0,3747619,0.31,0.67,1,708,1
E00406,E02416,shared_director,0.79,36,2874734,0.18,0.81,1,731,0,4626393,0.87,0.94,1,661,0
E02178,E00862,co-investor,0.72,31,5664130,0.41,1.48,0,820,0,2016127,0.58,0.61,1,743,0
E00546,E00862,shared_director,0.36,3,4477200,0.75,0.74,0,676,0,2016127,0.58,0.61,1,743,0
E02619,E01517,parent_company,0.71,27,4581957,0.93,1.43,0,696,0,4845255,0.33,1.89,1,628,0
E02577,E01517,parent_company,0.11,35,4246599,0.26,1.41,0,697,0,4845255,0.33,1.89,1,628,0
E00059,E01517,co-investor,0.11,20,4986693,0.12,1.52,0,608,0,4845255,0.33,1.89,1,628,0
E02357,E00775,parent_company,0.43,44,4874670,0.16,1.91,2,759,0,7336435,0.52,1.11,1,616,0
E02019,E00044,shared_director,0.71,47,6568255,0.8,0.57,2,519,0,6047905,0.48,1.73,1,802,0
E00119,E00044,shared_director,0.9,16,6512703,0.16,0.57,1,683,0,6047905,0.48,1.73,1,802,0
E02019,E02879,shared_director,0.46,8,6568255,0.8,0.57,2,519,0,5220779,0.67,1.59,2,543,1
E01165,E02879,parent_company,0.44,32,5166244,0.87,0.51,0,841,0,5220779,0.67,1.59,2,543,1
E00779,E02139,parent_company,0.1,24,3250359,0.22,0.88,2,644,0,1521868,0.22,1.01,2,840,0
E01519,E02139,co-investor,0.72,18,6076123,0.84,1.8,1,791,0,1521868,0.22,1.01,2,840,0
E02000,E00163,co-investor,0.87,26,9220271,0.47,0.93,3,808,0,6215133,0.25,0.61,0,825,1
E01817,E00163,parent_company,0.47,1,4345763,0.83,1.56,1,757,1,6215133,0.25,0.61,0,825,1
E01104,E00446,shared_director,0.69,29,7487705,0.42,1.86,1,680,0,9003474,0.79,1.91,3,623,0
E01927,E00446,shared_director,0.37,50,2164752,0.55,0.8,0,765,0,9003474,0.79,1.91,3,623,0
E02449,E00446,shared_director,0.22,38,4245911,0.88,0.63,1,658,1,9003474,0.79,1.91,3,623,0
E00663,E00573,co-investor,0.77,1,4479002,0.37,1.83,2,763,0,6359946,0.13,0.66,0,569,0
E00680,E00573,parent_company,0.72,46,7454100,0.12,0.8,1,764,0,6359946,0.13,0.66,0,569,0
E00841,E00573,parent_company,0.73,6,5420941,0.37,1.05,1,634,0,6359946,0.13,0.66,0,569,0
E01089,E00403,shared_director,0.31,50,4669201,0.43,0.88,0,512,0,4641976,0.17,0.64,0,554,0
E01970,E00403,shared_director,0.81,35,4626260,0.95,0.51,1,631,0,4641976,0.17,0.64,0,554,0
E02793,E02926,parent_company,0.39,49,4908277,0.55,0.64,1,507,1,2283576,0.18,0.66,2,714,0
E01449,E02926,supplier,0.69,4,3747619,0.31,0.67,1,708,1,2283576,0.18,0.66,2,714,0
E02793,E01485,co-investor,0.51,15,4908277,0.55,0.64,1,507,1,2190871,0.23,1.67,0,516,0
E01460,E01485,parent_company,0.86,5,3672559,0.81,1.59,2,507,0,2190871,0.23,1.67,0,516,0
E02800,E01485,parent_company,0.3,16,3372939,0.2,1.56,1,758,0,2190871,0.23,1.67,0,516,0
E00087,E00734,shared_director,0.49,31,4700244,0.68,0.67,1,568,0,2435002,0.62,1.94,0,715,0
E01107,E00734,supplier,0.79,22,5075900,0.74,1.68,0,620,0,2435002,0.62,1.94,0,715,0
E01760,E01129,parent_company,0.57,44,3263117,0.4,1.59,1,635,0,3067375,0.92,1.52,2,643,0
E00183,E01129,parent_company,0.72,27,2361304,0.9,0.82,4,650,0,3067375,0.92,1.52,2,643,0
E01767,E01129,co-investor,1.0,16,4135524,0.29,1.71,2,701,0,3067375,0.92,1.52,2,643,0
E02504,E00743,parent_company,0.99,38,4550508,0.7,1.73,1,527,1,5604899,0.11,0.79,0,718,0
E02577,E01363,parent_company,0.46,45,4246599,0.26,1.41,0,697,0,7387912,0.79,1.5,1,526,0
E01644,E00158,co-investor,0.99,10,8966772,0.47,1.83,1,759,0,1492852,0.15,1.3,0,506,0
E01747,E01823,parent_company,0.85,19,5753148,0.9,0.61,1,758,0,3271217,0.94,0.96,0,816,0
E00093,E01823,co-investor,0.66,10,5970631,0.97,0.58,1,611,1,3271217,0.94,0.96,0,816,0
E02194,E01823,parent_company,0.9,10,4212396,0.44,1.16,1,511,0,3271217,0.94,0.96,0,816,0
E00475,E01823,supplier,0.38,29,1888202,0.74,0.83,2,774,0,3271217,0.94,0.96,0,816,0
E02706,E00466,co-investor,0.73,46,5699539,0.94,1.44,2,658,0,5470399,0.27,1.7,2,805,0
E01971,E00466,co-investor,0.92,21,4522174,0.34,1.19,2,728,0,5470399,0.27,1.7,2,805,0
E02776,E00466,shared_director,0.95,37,5509993,0.54,0.96,1,844,1,5470399,0.27,1.7,2,805,0
E00508,E00466,parent_company,0.6,26,10875505,0.45,0.89,3,605,1,5470399,0.27,1.7,2,805,0
E00056,E02042,parent_company,0.12,9,4478529,0.7,1.16,2,646,0,2802898,0.17,1.27,2,548,0
E00114,E02042,supplier,0.48,2,8529373,0.86,0.79,1,575,0,2802898,0.17,1.27,2,548,0
E01112,E02042,shared_director,0.62,1,2757238,0.14,1.21,2,792,0,2802898,0.17,1.27,2,548,0
E01481,E02413,co-investor,0.31,18,100000,0.87,1.44,0,722,0,3415582,0.15,1.72,0,821,0
E00861,E02166,co-investor,0.82,41,5060957,0.58,0.53,0,722,0,4538179,0.22,1.61,2,677,0
E00836,E02166,co-investor,0.31,49,1104232,0.5,1.64,1,738,0,4538179,0.22,1.61,2,677,0
E00334,E02166,co-investor,0.41,42,7160138,0.72,1.42,3,848,0,4538179,0.22,1.61,2,677,0
E01713,E02455,co-investor,0.39,24,7174928,0.95,1.43,2,823,0,5028488,0.31,1.35,4,514,0
E00946,E02455,parent_company,0.33,9,5340596,0.13,1.1,1,774,0,5028488,0.31,1.35,4,514,0
E01713,E00344,co-investor,0.64,29,7174928,0.95,1.43,2,823,0,2706082,0.44,1.26,3,669,0
E00315,E00344,shared_director,0.78,21,6076044,0.96,0.75,3,688,0,2706082,0.44,1.26,3,669,0
E01713,E00225,shared_director,0.98,9,7174928,0.95,1.43,2,823,0,1636359,1.0,0.72,0,667,0
E00424,E00225,shared_director,0.84,4,9365014,0.4,0.95,3,777,0,1636359,1.0,0.72,0,667,0
E01214,E00097,co-investor,0.26,23,4639020,0.91,1.74,1,736,0,3591059,0.76,1.59,1,596,0
E01442,E00097,co-investor,0.54,25,5130536,0.45,1.47,6,755,0,3591059,0.76,1.59,1,596,0
E02489,E00097,co-investor,0.29,36,5146869,0.58,1.91,1,843,0,3591059,0.76,1.59,1,596,0
E01147,E00097,parent_company,0.29,14,6318761,0.14,0.9,1,548,1,3591059,0.76,1.59,1,596,0
E02632,E00440,co-investor,0.11,10,5154289,0.47,1.29,0,616,0,4778533,0.97,0.79,2,836,0
E00969,E00440,shared_director,0.26,29,5710044,0.32,1.56,0,759,0,4778533,0.97,0.79,2,836,0
E00829,E00440,parent_company,0.76,24,3292526,0.35,1.79,3,577,0,4778533,0.97,0.79,2,836,0
E02250,E02667,shared_director,0.56,31,3646341,0.61,1.92,3,660,0,2404980,0.62,1.77,0,597,0
E01510,E02667,supplier,0.82,15,5238036,0.89,0.63,1,841,0,2404980,0.62,1.77,0,597,0
E01578,E02667,shared_director,0.52,35,3764726,0.95,1.45,2,743,1,2404980,0.62,1.77,0,597,0
E02202,E00858,supplier,0.97,20,6611780,0.61,0.57,1,816,0,4828213,0.76,1.38,2,675,0
E01778,E02262,co-investor,0.97,7,3943926,0.42,1.9,2,625,0,4945336,0.1,1.07,3,674,0
E00343,E01097,parent_company,0.94,39,4555174,0.18,1.58,2,532,0,3869430,0.68,1.14,3,592,0
E01579,E01097,parent_company,0.65,33,9375299,0.37,1.01,4,550,1,3869430,0.68,1.14,3,592,0
E00343,E02842,supplier,0.32,40,4555174,0.18,1.58,2,532,0,5469955,0.42,0.97,1,696,0
E00601,E02842,supplier,0.52,35,3842073,0.21,0.84,0,813,0,5469955,0.42,0.97,1,696,0
E02306,E02039,supplier,0.41,17,5275689,0.19,1.2,0,622,0,7216675,0.91,1.93,0,505,1
E01411,E02039,supplier,0.71,15,4677271,0.44,1.38,3,625,0,7216675,0.91,1.93,0,505,1
E01141,E01327,parent_company,0.53,18,4129555,0.27,1.85,0,693,0,6922843,0.55,0.76,2,676,0
E01141,E02107,shared_director,0.75,44,4129555,0.27,1.85,0,693,0,4867713,0.62,1.77,1,802,0
E01972,E02841,shared_director,0.64,41,7860311,0.83,1.23,2,533,0,3814980,0.57,1.1,2,628,0
E00640,E02841,supplier,0.93,45,1173787,0.19,1.22,1,618,0,3814980,0.57,1.1,2,628,0
E02219,E02841,parent_company,0.66,42,5523900,0.31,1.51,1,702,0,3814980,0.57,1.1,2,628,0
E00571,E01917,shared_director,0.35,11,9657238,0.4,1.18,1,713,0,2925964,0.95,1.64,1,718,0
E02236,E01917,parent_company,0.69,43,4618317,0.97,0.89,1,732,0,2925964,0.95,1.64,1,718,0
E02771,E01917,shared_director,0.12,32,3319216,0.1,1.64,1,728,0,2925964,0.95,1.64,1,718,0
E02290,E01917,parent_company,0.36,2,3213013,0.55,0.82,0,692,0,2925964,0.95,1.64,1,718,0
E02715,E02383,supplier,0.53,39,6314729,0.47,1.2,1,531,0,1511338,0.49,1.3,2,636,0
E01167,E02383,shared_director,0.66,4,3532424,0.67,1.86,3,599,1,1511338,0.49,1.3,2,636,0
E01004,E02801,shared_director,0.99,12,5304631,0.62,0.8,1,783,0,4797243,0.54,1.69,1,822,0
E01626,E02801,shared_director,0.35,16,1793479,0.34,0.56,2,615,0,4797243,0.54,1.69,1,822,0
E02012,E02801,co-investor,0.14,5,6057662,0.18,0.5,1,512,0,4797243,0.54,1.69,1,822,0
E01004,E01608,shared_director,0.58,45,5304631,0.62,0.8,1,783,0,8124510,0.42,1.18,0,589,0
E00868,E01641,supplier,0.3,12,5156858,0.64,1.66,3,580,0,5427807,0.17,1.26,2,757,0
E00847,E01641,supplier,0.92,45,6675125,0.11,1.38,1,552,1,5427807,0.17,1.26,2,757,0
E00428,E02142,parent_company,0.98,45,3941403,0.96,1.24,1,694,0,4701989,0.68,1.24,1,792,0
E00769,E01722,parent_company,0.64,14,3011787,0.84,0.98,1,825,0,6875120,0.8,1.11,1,799,1
E01278,E01722,supplier,0.69,18,6559133,0.67,0.89,1,574,0,6875120,0.8,1.11,1,799,1
E02786,E01722,supplier,0.57,34,4119406,0.78,0.68,5,762,0,6875120,0.8,1.11,1,799,1
E02796,E01849,shared_director,0.1,42,5867010,0.95,1.95,5,558,0,7834040,0.68,1.0,0,601,0
E00949,E02210,parent_company,0.89,33,4262339,0.3,1.08,1,519,0,2062153,0.44,1.9,3,644,0
E00399,E00062,parent_company,0.79,20,3247362,0.15,1.79,2,648,0,4685572,0.51,1.4,3,702,0
E01743,E00062,shared_director,0.29,20,3007216,0.86,0.93,3,752,0,4685572,0.51,1.4,3,702,0
E02731,E00062,supplier,0.66,42,949163,0.37,0.85,0,685,0,4685572,0.51,1.4,3,702,0
E02242,E01301,supplier,0.2,5,7390278,0.24,1.56,1,660,0,4795743,0.92,0.82,2,774,0
E01888,E00492,parent_company,0.39,10,5659958,0.64,1.33,1,556,0,5759452,0.6,0.67,0,604,0
E02377,E00492,parent_company,0.22,3,2943807,0.96,1.51,1,517,1,5759452,0.6,0.67,0,604,0
E02560,E00492,shared_director,0.15,49,2724385,0.94,0.99,2,763,0,5759452,0.6,0.67,0,604,0
E01888,E02585,co-investor,0.81,7,5659958,0.64,1.33,1,556,0,2371708,0.67,1.59,0,644,0
E02782,E02585,shared_director,0.12,38,3416581,0.49,0.54,1,638,0,2371708,0.67,1.59,0,644,0
E01645,E02585,shared_director,0.31,33,6098461,0.94,1.63,0,668,0,2371708,0.67,1.59,0,644,0
E00175,E02543,supplier,0.77,16,1884095,0.85,0.77,0,737,0,1135665,0.85,0.7,2,809,0
E00298,E02543,supplier,0.93,49,3332882,0.2,1.85,2,614,0,1135665,0.85,0.7,2,809,0
E00175,E01884,shared_director,0.74,35,1884095,0.85,0.77,0,737,0,2922280,0.77,0.9,1,817,0
E01971,E01884,co-investor,0.63,18,4522174,0.34,1.19,2,728,0,2922280,0.77,0.9,1,817,0
E02724,E01884,shared_director,0.36,28,7573006,0.61,1.83,3,580,0,2922280,0.77,0.9,1,817,0
E00914,E01206,parent_company,0.8,28,6655700,0.97,1.73,1,835,1,3661179,0.99,0.55,4,758,0
E00829,E01206,parent_company,0.44,47,3292526,0.35,1.79,3,577,0,3661179,0.99,0.55,4,758,0
E00667,E00578,shared_director,0.4,38,3018615,0.3,1.96,3,686,0,6106146,0.6,1.35,2,686,0
E01142,E00578,supplier,0.29,33,6501173,0.27,1.17,3,769,0,6106146,0.6,1.35,2,686,0
E00667,E01673,co-investor,0.99,34,3018615,0.3,1.96,3,686,0,3854255,0.54,1.07,1,672,0
E00510,E01437,shared_director,0.47,42,5806780,0.87,1.26,3,532,0,6686745,0.9,1.42,1,627,0
E01989,E01437,co-investor,0.83,24,2844256,0.53,0.61,2,804,0,6686745,0.9,1.42,1,627,0
E02126,E00996,parent_company,0.23,44,5947386,0.55,1.6,1,584,0,4369470,0.65,0.84,1,768,1
E00582,E00996,shared_director,0.29,7,3031455,0.98,1.54,0,511,1,4369470,0.65,0.84,1,768,1
E02431,E01345,shared_director,0.22,47,5359662,0.61,1.34,1,825,0,4276473,0.47,0.89,0,724,0
E02832,E01345,shared_director,0.26,30,6153587,0.16,1.81,0,830,0,4276473,0.47,0.89,0,724,0
E00323,E00288,supplier,0.76,20,4274085,0.94,1.49,1,532,0,5843369,0.16,0.61,3,663,0
E00503,E00159,parent_company,0.12,48,5278685,0.91,0.75,0,506,1,9162629,0.75,1.51,0,668,0
E01538,E01768,parent_company,0.99,10,3127422,0.66,1.34,2,749,0,4673358,0.21,1.76,2,831,0
E01452,E01768,parent_company,0.24,33,2934261,0.97,1.06,0,742,0,4673358,0.21,1.76,2,831,0
E00140,E01768,supplier,0.72,5,6053874,0.82,1.88,2,805,0,4673358,0.21,1.76,2,831,0
E02491,E01768,co-investor,0.52,38,7564726,0.85,0.82,3,760,0,4673358,0.21,1.76,2,831,0
E01999,E01776,shared_director,0.48,48,4582091,0.37,1.67,3,575,1,4010438,0.37,1.4,2,614,0
E00158,E01776,supplier,0.94,34,1492852,0.15,1.3,0,506,0,4010438,0.37,1.4,2,614,0
E02677,E01776,supplier,0.64,23,2222183,0.32,1.01,1,760,0,4010438,0.37,1.4,2,614,0
E01037,E02404,shared_director,0.36,42,3053106,0.36,1.71,1,839,0,3726659,0.83,1.11,2,631,0
E01645,E02404,co-investor,0.75,41,6098461,0.94,1.63,0,668,0,3726659,0.83,1.11,2,631,0
E00539,E02404,co-investor,0.88,7,1630429,0.58,0.55,1,568,0,3726659,0.83,1.11,2,631,0
E00870,E02160,parent_company,0.19,18,6247097,0.59,1.43,0,654,0,5616900,0.39,0.77,0,535,0
E02270,E02160,parent_company,0.56,31,2572116,0.25,0.85,1,618,0,5616900,0.39,0.77,0,535,0
E02934,E02490,supplier,0.62,42,8557310,0.19,1.82,2,601,0,4327242,0.94,0.68,2,644,0
E02934,E00623,shared_director,0.87,18,8557310,0.19,1.82,2,601,0,9445391,0.67,0.71,1,722,1
E00812,E00808,supplier,0.82,32,3584294,0.49,1.44,0,512,0,7315629,0.81,0.65,1,822,0
E02762,E00808,shared_director,0.45,47,6021725,0.39,0.76,0,720,1,7315629,0.81,0.65,1,822,0
E00043,E00569,supplier,0.99,45,10077382,0.63,1.0,1,731,0,7890769,0.93,0.91,1,747,1
E02249,E00569,supplier,0.92,25,3635218,0.2,1.37,0,698,0,7890769,0.93,0.91,1,747,1
E00209,E00569,supplier,0.41,42,5825140,0.17,0.57,1,622,0,7890769,0.93,0.91,1,747,1
E00010,E00569,parent_company,0.17,3,6658277,0.36,0.82,6,767,0,7890769,0.93,0.91,1,747,1
E01785,E00928,parent_company,0.18,47,3714485,0.43,1.91,2,591,0,2269075,0.27,0.8,3,574,0
E00193,E00928,co-investor,0.94,42,1946896,0.45,1.16,1,660,0,2269075,0.27,0.8,3,574,0
E02162,E02376,supplier,0.19,42,4644612,0.32,1.03,1,755,0,3175891,0.62,0.7,2,657,0
E00109,E02376,shared_director,0.88,5,8292794,0.81,1.55,1,641,1,3175891,0.62,0.7,2,657,0
E01241,E02376,parent_company,0.21,25,8042796,0.58,0.77,0,672,0,3175891,0.62,0.7,2,657,0
E02026,E02874,shared_director,0.48,41,6866464,0.98,0.72,1,847,0,5204149,0.54,1.87,1,686,0
E01278,E02874,parent_company,0.28,7,6559133,0.67,0.89,1,574,0,5204149,0.54,1.87,1,686,0
E01442,E00312,supplier,0.67,33,5130536,0.45,1.47,6,755,0,5427260,0.84,1.5,0,651,0
E00197,E00312,parent_company,0.17,22,5893279,0.98,1.54,2,661,1,5427260,0.84,1.5,0,651,0
E00489,E00312,co-investor,0.94,17,5725311,0.32,0.87,2,761,1,5427260,0.84,1.5,0,651,0
E00362,E00312,co-investor,0.78,50,6445080,0.66,0.54,1,681,0,5427260,0.84,1.5,0,651,0
E01765,E02081,co-investor,0.15,18,8626687,0.7,0.52,0,765,0,1375922,0.89,1.41,1,750,0
E01255,E02081,supplier,0.83,12,1605805,0.98,1.71,1,722,0,1375922,0.89,1.41,1,750,0
E00074,E02081,co-investor,0.46,9,6348560,0.33,1.31,3,795,0,1375922,0.89,1.41,1,750,0
E01765,E00855,co-investor,0.21,12,8626687,0.7,0.52,0,765,0,5652549,0.33,1.96,1,648,0
E01765,E01348,parent_company,0.55,22,8626687,0.7,0.52,0,765,0,6746338,0.48,1.92,0,516,0
E01045,E01348,parent_company,0.13,39,5725141,0.89,0.92,0,822,0,6746338,0.48,1.92,0,516,0
E02791,E00205,parent_company,0.96,15,7404955,0.66,0.97,2,641,0,2915030,0.56,1.4,0,619,0
E02610,E00205,shared_director,0.48,32,2925468,0.96,1.84,3,847,0,2915030,0.56,1.4,0,619,0
E00307,E00205,supplier,0.62,16,5049284,0.67,1.72,3,534,0,2915030,0.56,1.4,0,619,0
E02072,E00205,parent_company,0.14,41,5250730,0.24,1.93,0,810,0,2915030,0.56,1.4,0,619,0
E02516,E00205,supplier,0.51,4,5062151,0.32,0.52,2,831,0,2915030,0.56,1.4,0,619,0
E02866,E02933,shared_director,0.45,7,6641933,0.28,0.97,2,849,0,6229682,0.43,1.45,2,801,0
E02866,E01946,supplier,0.13,18,6641933,0.28,0.97,2,849,0,9438402,0.21,0.58,0,534,1
E02236,E01255,parent_company,0.46,4,4618317,0.97,0.89,1,732,0,1605805,0.98,1.71,1,722,0
E02622,E01255,supplier,0.55,38,4954844,0.57,1.64,1,798,0,1605805,0.98,1.71,1,722,0
E00903,E01786,supplier,0.63,5,5362233,0.43,1.2,1,719,0,8403042,0.86,0.6,1,682,0
E02414,E01710,co-investor,0.38,3,527341,0.31,1.79,2,514,0,6991064,0.93,1.49,3,759,0
E01776,E01864,co-investor,0.36,1,4010438,0.37,1.4,2,614,0,3498794,0.59,1.27,1,817,0
E00162,E01864,co-investor,0.58,49,5358073,0.45,1.28,5,799,0,3498794,0.59,1.27,1,817,0
E00139,E01864,parent_company,0.91,16,4061704,0.38,1.84,1,679,0,3498794,0.59,1.27,1,817,0
E00021,E01763,co-investor,0.69,1,2883229,0.66,0.88,0,560,0,3592690,0.59,1.72,2,835,0
E01595,E01763,supplier,0.99,25,6097416,0.29,1.81,0,606,0,3592690,0.59,1.72,2,835,0
E02185,E01763,supplier,0.22,30,5472835,0.33,0.87,2,572,0,3592690,0.59,1.72,2,835,0
E00588,E01763,parent_company,0.85,14,6546166,0.17,1.52,4,628,0,3592690,0.59,1.72,2,835,0
E01109,E00585,parent_company,0.49,6,5744869,0.38,0.99,2,594,0,1175793,0.31,1.17,2,500,0
E02639,E00585,parent_company,0.99,17,6256764,0.51,1.48,2,702,0,1175793,0.31,1.17,2,500,0
E01082,E00585,shared_director,0.48,28,6192884,0.68,1.87,2,643,0,1175793,0.31,1.17,2,500,0
E00101,E00585,supplier,0.37,50,6000955,0.38,1.32,0,836,0,1175793,0.31,1.17,2,500,0
E01109,E02190,co-investor,0.42,7,5744869,0.38,0.99,2,594,0,6562724,0.88,1.53,0,708,0
E01304,E02190,supplier,0.41,40,4276377,0.22,0.76,2,633,1,6562724,0.88,1.53,0,708,0
E01889,E02613,parent_company,0.33,39,2984372,0.58,0.65,1,631,0,3383563,0.16,0.65,3,645,0
E01403,E02613,parent_company,0.27,7,5060381,0.32,0.89,2,529,0,3383563,0.16,0.65,3,645,0
E01589,E02613,shared_director,0.35,26,4152447,0.97,0.61,2,531,0,3383563,0.16,0.65,3,645,0
E00394,E00568,shared_director,0.72,33,4193420,0.41,1.03,3,749,0,1934408,0.94,0.68,1,535,0
E01771,E00568,shared_director,0.11,29,7774514,0.98,1.94,2,578,0,1934408,0.94,0.68,1,535,0
E00109,E02403,parent_company,0.78,27,8292794,0.81,1.55,1,641,1,2843875,0.91,1.49,2,560,0
E00109,E00865,parent_company,0.42,1,8292794,0.81,1.55,1,641,1,9600820,0.98,1.54,0,825,0
E01383,E00865,co-investor,0.69,25,3928773,0.33,0.68,1,565,0,9600820,0.98,1.54,0,825,0
E01239,E00526,supplier,0.27,39,3223704,0.42,1.34,3,634,0,5898456,0.6,1.4,0,823,0
E01053,E00526,co-investor,0.69,24,6965146,0.17,1.93,3,747,0,5898456,0.6,1.4,0,823,0
E00761,E00526,co-investor,0.28,8,4940219,0.17,1.9,1,743,0,5898456,0.6,1.4,0,823,0
E02317,E02501,shared_director,0.5,25,3074625,0.38,1.53,1,763,0,7992204,0.18,2.0,3,811,0
E00007,E02501,shared_director,0.92,42,8019542,0.48,0.82,1,736,0,7992204,0.18,2.0,3,811,0
E02395,E01218,parent_company,0.71,39,1268909,0.42,1.63,1,618,0,5537322,0.25,1.3,0,849,0
E02621,E01850,co-investor,0.48,20,4366469,0.27,0.5,0,527,0,6362679,0.69,0.94,2,547,0
E01518,E01850,supplier,0.65,4,5030038,0.82,0.96,0,833,1,6362679,0.69,0.94,2,547,0
E02847,E01850,supplier,0.92,10,3923527,0.58,0.63,2,602,0,6362679,0.69,0.94,2,547,0
E02412,E02583,co-investor,0.11,26,5923332,0.34,1.59,1,610,0,4439461,0.26,1.64,2,666,0
E00099,E02583,co-investor,0.19,27,5197491,0.29,1.42,0,617,0,4439461,0.26,1.64,2,666,0
E00950,E01593,shared_director,0.43,40,5803542,0.22,0.76,4,615,0,5325488,0.51,1.49,2,602,0
E01706,E01593,shared_director,0.59,19,3087646,0.29,1.28,1,659,0,5325488,0.51,1.49,2,602,0
E01721,E00264,supplier,0.65,8,7116414,0.42,1.11,4,664,0,6167600,0.11,0.61,1,665,0
E01148,E00264,supplier,0.92,4,4227046,0.62,1.79,2,810,0,6167600,0.11,0.61,1,665,0
E01721,E01159,supplier,0.52,15,7116414,0.42,1.11,4,664,0,5856625,0.71,1.21,0,808,1
E01116,E01159,shared_director,0.82,19,6555062,0.5,1.71,0,551,0,5856625,0.71,1.21,0,808,1
E01721,E01171,parent_company,0.76,17,7116414,0.42,1.11,4,664,0,5530311,0.62,1.02,2,575,0
E02442,E01171,co-investor,0.33,43,4422409,0.95,1.87,1,701,0,5530311,0.62,1.02,2,575,0
E00753,E01171,supplier,0.51,17,4742985,0.62,0.64,2,826,0,5530311,0.62,1.02,2,575,0
E00531,E02170,co-investor,0.41,24,3456743,0.75,1.75,2,528,1,7103790,0.41,1.25,4,612,0
E00617,E02170,shared_director,0.87,8,6605803,0.97,1.56,0,549,0,7103790,0.41,1.25,4,612,0
E02739,E02170,parent_company,0.98,50,7851789,0.5,0.69,1,824,0,7103790,0.41,1.25,4,612,0
E00531,E01312,parent_company,0.54,48,3456743,0.75,1.75,2,528,1,2027445,0.44,0.63,2,599,0
E02313,E01312,parent_company,0.41,17,2655479,0.82,1.46,5,696,1,2027445,0.44,0.63,2,599,0
E02075,E01312,co-investor,0.45,49,5737201,0.6,1.6,2,645,0,2027445,0.44,0.63,2,599,0
E00531,E00331,co-investor,0.73,7,3456743,0.75,1.75,2,528,1,4737923,0.45,1.82,2,597,0
E00933,E00909,co-investor,0.67,23,4300775,0.62,0.74,1,591,0,8722631,0.97,1.19,2,597,1
E02717,E00909,supplier,0.41,42,8941728,0.82,1.1,2,514,1,8722631,0.97,1.19,2,597,1
E02189,E01026,shared_director,0.71,33,2147242,0.31,1.79,3,715,0,3463270,0.2,1.54,2,711,0
E02234,E01026,supplier,0.92,40,4139229,0.4,1.34,5,552,0,3463270,0.2,1.54,2,711,0
E01546,E02849,parent_company,0.49,28,4917661,0.21,0.91,5,678,0,5572389,0.46,1.22,2,652,0
E01599,E02849,supplier,0.99,11,4830220,0.8,1.07,4,637,1,5572389,0.46,1.22,2,652,0
E01507,E01441,parent_company,0.41,4,3243034,0.23,1.5,1,833,0,2688749,0.99,1.35,2,795,0
E01378,E01076,parent_company,0.78,22,3505843,0.29,1.53,3,699,0,4489496,0.85,0.92,1,817,1
E01378,E02277,parent_company,0.81,23,3505843,0.29,1.53,3,699,0,9820097,0.4,1.7,3,704,0
E02216,E02277,shared_director,0.56,16,1071414,0.7,0.98,1,723,0,9820097,0.4,1.7,3,704,0
E02546,E02560,supplier,0.76,15,259495,0.58,1.94,3,726,0,2724385,0.94,0.99,2,763,0
E02627,E02560,co-investor,0.15,7,7886579,0.61,1.11,1,791,0,2724385,0.94,0.99,2,763,0
E02387,E02871,co-investor,0.97,27,4138570,0.34,1.67,6,728,0,4332442,0.86,1.04,2,512,0
E02576,E02871,co-investor,0.49,23,2716656,0.24,0.76,0,745,0,4332442,0.86,1.04,2,512,0
E01400,E02121,parent_company,0.9,47,3903120,0.54,1.48,0,702,0,2587999,0.13,0.55,3,786,0
E01380,E01611,shared_director,0.3,2,3936886,0.67,1.12,1,534,0,6257250,0.92,1.77,0,578,0
E02256,E01611,supplier,0.16,17,6377781,0.99,0.97,4,812,1,6257250,0.92,1.77,0,578,0
E01078,E01611,co-investor,0.46,38,4466170,0.98,0.73,2,556,0,6257250,0.92,1.77,0,578,0
E00552,E00680,supplier,0.95,17,8105123,0.66,1.6,1,544,0,7454100,0.12,0.8,1,764,0
E00235,E00680,co-investor,0.52,35,2858843,0.86,1.43,2,604,1,7454100,0.12,0.8,1,764,0
E01182,E02799,co-investor,0.89,26,2773891,0.96,1.46,4,657,0,6119154,0.17,1.32,3,619,0
E01485,E02799,parent_company,0.26,6,2190871,0.23,1.67,0,516,0,6119154,0.17,1.32,3,619,0
E01182,E01620,supplier,0.5,40,2773891,0.96,1.46,4,657,0,4026840,0.93,1.1,1,729,0
E01626,E01620,supplier,0.29,13,1793479,0.34,0.56,2,615,0,4026840,0.93,1.1,1,729,0
E00692,E00113,supplier,0.96,35,6416178,0.78,0.76,1,819,0,1660441,0.91,1.09,0,704,0
E02340,E00113,supplier,0.46,46,5333323,0.56,1.45,2,801,0,1660441,0.91,1.09,0,704,0
E01131,E02204,co-investor,0.49,19,1590242,0.78,1.39,1,802,0,5273643,0.7,0.74,1,512,1
E02160,E02204,co-investor,0.67,45,5616900,0.39,0.77,0,535,0,5273643,0.7,0.74,1,512,1
E01921,E02204,co-investor,0.48,42,4437960,0.46,1.8,2,644,0,5273643,0.7,0.74,1,512,1
E01131,E01359,co-investor,0.88,43,1590242,0.78,1.39,1,802,0,5480942,0.96,1.21,1,567,0
E00106,E01359,supplier,0.9,3,3119172,0.46,0.84,7,539,1,5480942,0.96,1.21,1,567,0
E01131,E01549,supplier,0.44,31,1590242,0.78,1.39,1,802,0,4588544,0.21,1.33,3,635,0
E00916,E01549,shared_director,0.87,49,7624817,0.39,0.77,1,556,0,4588544,0.21,1.33,3,635,0
E01741,E00475,parent_company,0.52,21,5487274,0.26,0.76,1,581,1,1888202,0.74,0.83,2,774,0
E00727,E00475,co-investor,0.14,49,1395182,0.15,1.91,1,567,0,1888202,0.74,0.83,2,774,0
E00332,E00475,parent_company,0.11,16,929519,0.59,1.84,1,615,0,1888202,0.74,0.83,2,774,0
E01741,E01247,co-investor,0.49,23,5487274,0.26,0.76,1,581,1,7352350,0.51,0.82,1,802,0
E02545,E01247,supplier,0.76,28,6346264,0.5,1.96,1,651,0,7352350,0.51,0.82,1,802,0
E00334,E01247,supplier,0.92,49,7160138,0.72,1.42,3,848,0,7352350,0.51,0.82,1,802,0
E01685,E01604,shared_director,0.48,17,2875405,0.25,1.29,1,536,0,7350566,0.15,1.02,0,847,0
E02513,E02502,co-investor,0.22,35,4282468,0.44,1.62,2,794,0,4048022,0.94,1.75,3,553,0
E00643,E00824,parent_company,0.75,10,5605370,0.44,1.36,2,547,0,5077183,0.35,1.88,0,812,0
E02820,E00824,parent_company,0.84,34,2101160,0.37,0.74,1,838,1,5077183,0.35,1.88,0,812,0
E02882,E01954,shared_director,0.82,2,7268589,0.21,1.86,0,561,0,2431139,0.97,0.52,3,726,0
E01129,E01954,shared_director,0.34,31,3067375,0.92,1.52,2,643,0,2431139,0.97,0.52,3,726,0
E02882,E02387,co-investor,0.56,27,7268589,0.21,1.86,0,561,0,4138570,0.34,1.67,6,728,0
E00709,E02387,parent_company,1.0,28,2624174,0.98,0.6,0,838,1,4138570,0.34,1.67,6,728,0
E02375,E02387,shared_director,0.2,24,5354437,0.26,0.8,1,531,0,4138570,0.34,1.67,6,728,0
E02099,E00096,co-investor,0.35,13,4587038,0.37,1.19,0,789,0,5059967,0.7,1.34,0,612,1
E02748,E00096,parent_company,0.55,27,4011291,0.84,0.78,1,785,0,5059967,0.7,1.34,0,612,1
E02199,E00096,shared_director,0.46,50,7258947,0.3,1.0,4,526,1,5059967,0.7,1.34,0,612,1
E01165,E00669,co-investor,0.58,8,5166244,0.87,0.51,0,841,0,3170081,0.14,1.86,3,558,1
E01241,E00669,shared_director,0.99,15,8042796,0.58,0.77,0,672,0,3170081,0.14,1.86,3,558,1
E02622,E00669,parent_company,0.74,7,4954844,0.57,1.64,1,798,0,3170081,0.14,1.86,3,558,1
E00693,E00669,co-investor,0.78,48,3303802,0.95,1.29,2,827,0,3170081,0.14,1.86,3,558,1
E00150,E02728,parent_company,0.61,32,5397116,0.87,1.37,1,661,0,9328014,0.95,1.69,1,786,0
E01997,E02728,supplier,0.42,7,7578793,0.74,1.1,1,621,0,9328014,0.95,1.69,1,786,0
E00466,E02293,supplier,0.9,7,5470399,0.27,1.7,2,805,0,7442471,0.89,1.58,1,672,0
E00466,E01906,supplier,0.91,45,5470399,0.27,1.7,2,805,0,5028664,0.5,1.16,2,507,0
E01125,E00456,parent_company,0.1,25,2575820,0.32,0.64,2,719,0,6554032,0.82,1.32,0,671,1
E00329,E00456,supplier,0.17,21,5734204,0.36,1.62,2,702,0,6554032,0.82,1.32,0,671,1
E00601,E00588,parent_company,0.53,1,3842073,0.21,0.84,0,813,0,6546166,0.17,1.52,4,628,0
E02309,E00588,shared_director,0.96,24,6010808,0.2,1.41,1,630,0,6546166,0.17,1.52,4,628,0
E00601,E00188,co-investor,0.45,3,3842073,0.21,0.84,0,813,0,6237323,0.34,0.87,2,814,0
E00593,E00188,parent_company,0.21,5,3061600,0.55,1.84,3,685,0,6237323,0.34,0.87,2,814,0
E00424,E00188,parent_company,0.47,34,9365014,0.4,0.95,3,777,0,6237323,0.34,0.87,2,814,0
E00681,E00310,co-investor,0.66,11,3501641,0.13,1.24,2,734,0,2299503,0.92,1.87,1,779,0
E00784,E00310,shared_director,0.21,46,2758355,0.25,0.76,2,563,0,2299503,0.92,1.87,1,779,0
E02808,E00493,shared_director,0.69,12,4833239,0.22,1.7,0,814,0,4346238,0.24,1.12,0,849,0
E02808,E02026,parent_company,0.94,48,4833239,0.22,1.7,0,814,0,6866464,0.98,0.72,1,847,0
E01723,E02026,supplier,0.68,4,6267223,0.82,1.32,3,541,1,6866464,0.98,0.72,1,847,0
E02635,E02026,co-investor,0.38,39,3453833,0.35,0.56,4,825,0,6866464,0.98,0.72,1,847,0
E00104,E01498,shared_director,0.79,23,4541567,0.77,0.63,4,846,0,4164072,0.11,0.74,2,531,0
E02931,E01498,supplier,0.54,45,1757211,0.47,1.07,0,557,1,4164072,0.11,0.74,2,531,0
E01738,E00303,shared_director,0.16,38,5079872,0.62,1.94,1,562,1,4548572,0.39,1.31,1,602,0
E02885,E01037,co-investor,0.66,37,6241495,0.46,0.92,2,617,0,3053106,0.36,1.71,1,839,0
E02885,E01824,shared_director,0.15,45,6241495,0.46,0.92,2,617,0,4718144,0.75,0.56,1,811,0
E02160,E01824,supplier,0.48,40,5616900,0.39,0.77,0,535,0,4718144,0.75,0.56,1,811,0
E01686,E01824,shared_director,0.57,5,2603433,0.28,1.31,1,687,0,4718144,0.75,0.56,1,811,0
E00125,E01929,shared_director,0.54,31,6943645,0.89,1.11,1,683,0,4707826,0.52,1.68,0,640,0
E00641,E01929,supplier,0.24,13,6952767,0.11,1.0,0,664,0,4707826,0.52,1.68,0,640,0
E00125,E01834,supplier,0.37,41,6943645,0.89,1.11,1,683,0,7580736,0.96,1.18,4,567,0
E00798,E01834,shared_director,0.18,26,8444257,0.35,1.02,1,607,0,7580736,0.96,1.18,4,567,0
E01084,E00379,shared_director,0.42,24,5608385,0.69,0.78,2,711,0,3730789,0.22,0.66,1,731,0
E02018,E00379,parent_company,0.99,1,7883433,0.15,1.21,1,844,0,3730789,0.22,0.66,1,731,0
E01304,E00379,co-investor,0.72,22,4276377,0.22,0.76,2,633,1,3730789,0.22,0.66,1,731,0
E02118,E01655,shared_director,0.85,22,6735264,0.88,1.0,2,708,0,5818056,0.54,1.2,2,738,0
E01932,E01655,supplier,0.7,12,3603022,0.49,1.78,1,670,0,5818056,0.54,1.2,2,738,0
E01412,E00410,shared_director,0.59,26,3580855,0.19,1.88,1,542,0,4110033,0.21,1.41,0,830,0
E01412,E00297,supplier,0.62,23,3580855,0.19,1.88,1,542,0,4259353,0.4,1.62,3,806,0
E00215,E00297,parent_company,0.35,14,2301072,0.28,1.0,2,744,0,4259353,0.4,1.62,3,806,0
E02863,E00147,co-investor,0.87,2,9207346,0.78,0.72,0,706,0,5767227,0.83,1.62,2,838,0
E00730,E01698,supplier,0.48,20,5586538,0.25,1.57,1,760,0,3861232,0.73,1.09,0,622,1
E01737,E02509,co-investor,0.9,38,8638446,0.45,1.05,3,504,0,3812193,0.27,0.66,3,786,0
E01342,E02509,supplier,0.42,7,5481849,0.82,1.1,1,843,0,3812193,0.27,0.66,3,786,0
E02419,E02509,parent_company,0.49,47,4946336,0.98,1.11,3,611,1,3812193,0.27,0.66,3,786,0
E00123,E02509,parent_company,0.62,26,1493061,0.39,1.56,1,759,0,3812193,0.27,0.66,3,786,0
E00616,E00029,co-investor,0.95,46,3598336,0.79,0.56,2,754,0,4594307,0.62,2.0,1,664,0
E00203,E00029,parent_company,1.0,42,2189680,0.89,1.63,1,751,1,4594307,0.62,2.0,1,664,0
E01966,E00029,supplier,0.1,27,5264041,0.14,0.85,0,765,0,4594307,0.62,2.0,1,664,0
E00388,E01671,parent_company,0.85,11,2812742,0.28,0.84,2,564,1,5218941,0.44,0.63,2,740,0
E00881,E01671,supplier,0.63,10,5521325,0.8,1.01,2,716,0,5218941,0.44,0.63,2,740,0
E00477,E00785,co-investor,1.0,40,809684,0.48,1.7,0,653,0,1801727,0.4,1.64,1,538,0
E02316,E00785,shared_director,0.98,43,6066801,0.4,1.78,2,719,0,1801727,0.4,1.64,1,538,0
E01533,E02813,shared_director,0.14,12,6977338,0.34,1.78,1,690,0,2470627,0.92,0.91,1,608,0
E01228,E02813,shared_director,0.24,5,4637043,0.19,1.06,2,518,0,2470627,0.92,0.91,1,608,0
E01095,E02813,parent_company,0.28,33,6091634,0.52,1.14,0,708,0,2470627,0.92,0.91,1,608,0
E02338,E00776,supplier,0.82,10,6632013,0.94,1.83,4,564,1,3274189,0.87,1.91,0,819,1
E00718,E02545,co-investor,0.61,49,4399719,0.95,1.93,2,565,1,6346264,0.5,1.96,1,651,0
E00718,E01469,supplier,0.19,38,4399719,0.95,1.93,2,565,1,6044487,0.95,0.71,1,727,0
E00932,E01469,parent_company,0.47,11,2846619,0.5,0.58,2,544,0,6044487,0.95,0.71,1,727,0
E00029,E00746,co-investor,0.59,44,4594307,0.62,2.0,1,664,0,3542536,0.13,1.23,0,565,0
E01128,E02223,parent_company,0.1,37,6300763,0.19,1.11,1,706,0,2533462,0.47,0.8,3,821,0
E02138,E02436,co-investor,0.17,47,6530552,0.47,1.07,0,836,0,7287673,0.73,1.9,5,659,0
E02274,E02436,co-investor,0.29,6,4269328,0.98,1.67,2,788,1,7287673,0.73,1.9,5,659,0
E02232,E02436,shared_director,1.0,42,3569903,0.64,1.46,1,566,0,7287673,0.73,1.9,5,659,0
E02247,E02436,shared_director,0.53,3,6039998,0.94,0.74,3,509,1,7287673,0.73,1.9,5,659,0
E00846,E01748,co-investor,0.31,6,5531796,0.92,0.6,1,621,0,6619715,0.93,0.91,1,826,1
E00894,E01748,co-investor,0.84,48,811758,0.5,0.7,2,685,0,6619715,0.93,0.91,1,826,1
E00434,E01748,supplier,0.6,33,6506651,0.52,0.58,1,503,0,6619715,0.93,0.91,1,826,1
E02566,E00405,co-investor,0.56,18,2143703,0.91,1.21,4,646,0,5390820,0.37,1.12,2,679,0
E01703,E00405,parent_company,0.21,11,6940786,0.24,1.93,1,705,0,5390820,0.37,1.12,2,679,0
E01830,E02322,parent_company,0.32,48,4015107,0.59,0.86,2,708,0,2441259,0.53,0.55,0,685,0
E02752,E02322,co-investor,0.9,6,3628003,0.36,1.44,1,565,0,2441259,0.53,0.55,0,685,0
E01869,E01548,shared_director,0.73,27,6076648,0.52,1.85,1,805,0,5103252,0.63,1.14,0,762,0
E02368,E01548,parent_company,0.2,22,7502912,0.16,1.27,1,576,0,5103252,0.63,1.14,0,762,0
E02263,E01548,parent_company,0.55,8,3687608,0.5,1.75,4,698,0,5103252,0.63,1.14,0,762,0
E02004,E01548,supplier,0.74,49,5829295,0.43,1.73,1,587,0,5103252,0.63,1.14,0,762,0
E02261,E01137,supplier,0.77,47,6658259,0.18,0.95,3,811,0,4624931,0.18,1.82,2,688,0
E02261,E00807,supplier,0.18,24,6658259,0.18,0.95,3,811,0,6360530,0.12,1.39,1,569,0
E01228,E01678,co-investor,0.14,24,4637043,0.19,1.06,2,518,0,2953608,0.15,0.7,1,827,0
E01476,E01678,shared_director,0.22,9,4430633,0.94,1.67,3,595,1,2953608,0.15,0.7,1,827,0
E02299,E01015,supplier,0.4,12,6508166,0.37,1.95,5,542,0,3578479,0.39,0.81,2,577,0
E02468,E01015,supplier,0.18,44,5548054,0.58,1.59,3,506,0,3578479,0.39,0.81,2,577,0
E01328,E01015,shared_director,0.47,20,1350551,0.86,1.94,0,797,1,3578479,0.39,0.81,2,577,0
E00747,E00980,shared_director,0.93,14,1931402,0.43,0.95,0,509,0,2946718,0.15,0.51,1,544,0
E00459,E00980,parent_company,0.8,2,5647600,0.15,1.73,1,700,0,2946718,0.15,0.51,1,544,0
E01519,E00823,parent_company,0.22,20,6076123,0.84,1.8,1,791,0,3833284,0.51,1.7,2,819,0
E01124,E00080,parent_company,0.29,46,6334921,0.89,1.87,1,803,0,100000,0.32,1.12,2,767,0
E01966,E00080,supplier,0.58,11,5264041,0.14,0.85,0,765,0,100000,0.32,1.12,2,767,0
E01903,E00080,parent_company,0.83,6,7129753,0.35,1.71,1,675,0,100000,0.32,1.12,2,767,0
E01061,E01046,supplier,0.23,42,5595964,0.65,1.27,5,612,0,7736843,0.58,1.17,0,641,0
E01695,E01046,shared_director,0.6,33,8604329,0.37,1.2,4,528,1,7736843,0.58,1.17,0,641,0
E01158,E02355,co-investor,0.67,48,3272097,0.77,1.2,3,817,0,5458628,0.5,1.09,1,516,1
E01865,E02355,co-investor,0.42,48,6661419,0.51,1.32,0,803,0,5458628,0.5,1.09,1,516,1
E01158,E00259,parent_company,0.38,29,3272097,0.77,1.2,3,817,0,9714752,0.5,1.65,2,824,0
E01534,E00259,co-investor,0.82,49,2297108,0.89,0.9,2,631,0,9714752,0.5,1.65,2,824,0
E00461,E01949,shared_director,0.99,35,1699017,0.71,1.09,3,808,0,4328538,0.12,0.87,1,710,0
E02555,E01689,supplier,0.28,22,8396185,0.12,1.4,3,525,0,4079473,0.29,1.21,2,760,0
E00640,E01689,co-investor,0.14,4,1173787,0.19,1.22,1,618,0,4079473,0.29,1.21,2,760,0
E02555,E02882,supplier,0.51,24,8396185,0.12,1.4,3,525,0,7268589,0.21,1.86,0,561,0
E01342,E00234,shared_director,0.76,46,5481849,0.82,1.1,1,843,0,2585208,0.92,0.56,3,706,1
E01779,E01605,co-investor,0.57,16,3985848,0.94,0.61,4,589,0,5464311,0.87,1.57,1,777,1
E00621,E01605,co-investor,0.24,45,5478954,0.73,0.55,2,732,1,5464311,0.87,1.57,1,777,1
E00876,E01605,co-investor,0.65,23,4960753,0.79,1.56,2,611,1,5464311,0.87,1.57,1,777,1
E00346,E00801,supplier,0.47,7,6266535,0.14,0.87,2,796,0,5473922,0.12,0.69,0,539,1
E00621,E00419,parent_company,0.95,16,5478954,0.73,0.55,2,732,1,5229066,0.6,1.42,1,803,0
E01199,E00419,shared_director,0.92,7,4120822,0.24,1.41,2,762,0,5229066,0.6,1.42,1,803,0
E02514,E02738,supplier,0.53,48,4836954,0.58,1.91,1,726,0,2650317,0.11,1.87,1,624,0
E01898,E02738,parent_company,0.68,12,7011070,0.18,0.77,1,577,0,2650317,0.11,1.87,1,624,0
E00904,E02738,parent_company,0.52,14,3328475,0.18,1.62,2,644,0,2650317,0.11,1.87,1,624,0
E00484,E02738,shared_director,0.69,22,6041328,0.21,1.82,0,817,0,2650317,0.11,1.87,1,624,0
E02717,E00735,supplier,0.23,22,8941728,0.82,1.1,2,514,1,3066965,0.9,0.69,0,785,1
E02068,E01214,parent_company,0.87,12,4415480,0.32,1.47,2,660,0,4639020,0.91,1.74,1,736,0
E00026,E01214,shared_director,0.63,41,350560,0.28,0.9,1,843,0,4639020,0.91,1.74,1,736,0
E02175,E00684,co-investor,0.24,44,7738509,0.77,1.66,3,706,0,5723353,0.9,1.25,2,532,0
E01734,E00684,shared_director,0.33,7,2997125,0.21,1.86,0,728,0,5723353,0.9,1.25,2,532,0
E02862,E00684,shared_director,0.58,40,5137691,0.25,1.43,0,517,1,5723353,0.9,1.25,2,532,0
E01229,E00002,supplier,0.33,36,6544043,0.48,1.17,4,609,0,5164109,0.76,1.5,2,814,1
E01129,E02411,supplier,0.62,27,3067375,0.92,1.52,2,643,0,5968893,0.68,0.87,2,727,0
E01624,E02411,parent_company,0.46,16,1867300,0.69,1.73,1,641,0,5968893,0.68,0.87,2,727,0
E01930,E00952,shared_director,0.37,8,3814146,0.15,1.75,2,792,0,7780999,0.17,1.36,1,848,0
E02908,E01691,co-investor,0.4,38,2860079,0.16,0.75,3,704,0,7919463,0.97,1.98,2,651,0
E02081,E01668,parent_company,0.79,44,1375922,0.89,1.41,1,750,0,6481181,0.24,1.27,1,638,0
E02620,E00763,shared_director,0.28,46,6066970,0.47,0.85,3,777,0,4216870,0.53,1.05,0,831,0
E00889,E00763,parent_company,0.76,8,2100286,0.55,0.95,5,729,0,4216870,0.53,1.05,0,831,0
E01989,E00032,supplier,0.12,42,2844256,0.53,0.61,2,804,0,6180549,0.83,0.84,2,723,0
E01468,E00032,parent_company,0.24,27,2343807,0.46,0.51,1,646,0,6180549,0.83,0.84,2,723,0
E00798,E01178,co-investor,0.11,40,8444257,0.35,1.02,1,607,0,4295973,0.87,1.18,1,573,0
E00773,E02700,parent_company,0.72,3,2613880,0.56,0.6,1,583,0,7166680,0.55,1.24,5,787,0
E00642,E02700,parent_company,0.54,44,7208098,0.97,1.17,1,563,0,7166680,0.55,1.24,5,787,0
E00725,E01806,parent_company,0.56,29,6015515,0.77,1.74,1,544,1,6852124,0.75,1.89,1,533,1
E00999,E01806,shared_director,0.69,28,6265923,0.78,0.96,1,553,1,6852124,0.75,1.89,1,533,1
E02610,E00715,shared_director,1.0,11,2925468,0.96,1.84,3,847,0,4549706,0.49,1.56,1,756,0
E01421,E00715,shared_director,0.6,15,1918413,0.48,1.49,3,618,0,4549706,0.49,1.56,1,756,0
E02610,E00203,supplier,0.41,24,2925468,0.96,1.84,3,847,0,2189680,0.89,1.63,1,751,1
E01508,E00086,shared_director,0.82,10,2174928,0.68,1.41,0,760,0,4490357,0.98,0.53,2,678,0
E00214,E00561,supplier,0.18,38,5566064,0.81,1.18,1,824,0,501808,0.18,1.18,3,576,0
E02724,E00561,co-investor,0.83,10,7573006,0.61,1.83,3,580,0,501808,0.18,1.18,3,576,0
E00456,E00561,supplier,0.92,32,6554032,0.82,1.32,0,671,1,501808,0.18,1.18,3,576,0
E02368,E00561,co-investor,0.59,19,7502912,0.16,1.27,1,576,0,501808,0.18,1.18,3,576,0
E01154,E01093,supplier,0.92,43,4407465,0.12,0.9,2,597,1,4003275,0.15,1.77,0,730,0
E00026,E00326,parent_company,0.98,17,350560,0.28,0.9,1,843,0,6930029,0.9,0.69,3,515,1
E02583,E01273,shared_director,0.65,39,4439461,0.26,1.64,2,666,0,1361384,0.76,1.36,2,685,0
E00971,E01021,shared_director,0.61,2,3319437,0.39,1.17,1,770,0,3743030,0.74,1.79,1,516,1
E01858,E01021,supplier,0.26,19,5569737,0.11,1.77,1,773,0,3743030,0.74,1.79,1,516,1
E00242,E01932,parent_company,0.8,50,8242217,0.49,1.81,3,549,0,3603022,0.49,1.78,1,670,0
E00294,E01932,supplier,0.54,17,8063377,0.89,1.33,3,754,0,3603022,0.49,1.78,1,670,0
E02264,E01955,co-investor,0.23,47,3534214,0.85,1.95,0,615,1,4735825,0.54,0.95,1,783,0
E01327,E00799,shared_director,0.1,41,6922843,0.55,0.76,2,676,0,4542034,0.27,1.33,1,660,0
E01408,E00285,shared_director,0.46,4,5006168,0.67,1.92,1,651,0,5480045,0.38,1.05,1,762,0
E02550,E00285,parent_company,0.6,15,6428637,0.68,1.23,2,547,0,5480045,0.38,1.05,1,762,0
E00031,E02571,co-investor,0.34,24,8564327,0.64,1.11,4,524,0,4249012,0.8,1.92,2,664,0
E02489,E01050,co-investor,0.28,17,5146869,0.58,1.91,1,843,0,4616357,0.88,0.63,1,790,0
E02489,E01197,co-investor,1.0,23,5146869,0.58,1.91,1,843,0,4788939,0.68,1.77,0,502,0
E01073,E01197,parent_company,0.38,17,7297466,0.12,0.97,0,692,0,4788939,0.68,1.77,0,502,0
E01581,E01197,parent_company,0.37,25,3872599,0.51,1.37,2,737,0,4788939,0.68,1.77,0,502,0
E00238,E01197,shared_director,0.34,10,3348830,0.21,1.04,0,780,0,4788939,0.68,1.77,0,502,0
E02678,E00092,co-investor,0.79,8,3809793,0.53,1.55,1,620,0,4860820,0.72,1.68,4,768,0
E00519,E00092,supplier,0.22,45,4938224,0.74,0.71,2,731,0,4860820,0.72,1.68,4,768,0
E01095,E01291,shared_director,0.68,14,6091634,0.52,1.14,0,708,0,7220604,0.2,1.54,0,600,0
E01884,E01291,parent_company,0.34,42,2922280,0.77,0.9,1,817,0,7220604,0.2,1.54,0,600,0
E01198,E00738,supplier,0.84,28,4631286,0.31,0.53,1,581,0,4874686,0.7,1.06,1,590,0
E00247,E00738,shared_director,0.29,11,6110753,0.66,1.29,4,637,0,4874686,0.7,1.06,1,590,0
E02840,E01166,shared_director,0.7,27,5264545,0.95,1.21,1,677,0,4065793,0.97,1.1,2,738,1
E00691,E01166,co-investor,0.11,45,5174372,0.94,0.86,0,659,0,4065793,0.97,1.1,2,738,1
E02406,E01166,co-investor,0.8,21,3297259,0.39,0.74,2,768,0,4065793,0.97,1.1,2,738,1
E00017,E01044,parent_company,0.77,44,7771806,0.95,1.47,1,594,0,5401303,0.23,0.83,2,747,0
E01411,E01044,parent_company,0.49,5,4677271,0.44,1.38,3,625,0,5401303,0.23,0.83,2,747,0
E02859,E02448,co-investor,0.41,24,7026911,0.14,0.66,4,755,1,3641230,0.83,1.4,1,577,0
E02541,E01438,shared_director,1.0,25,4978124,0.63,0.66,1,749,0,6118898,0.17,0.52,0,500,1
E01624,E01438,supplier,0.58,29,1867300,0.69,1.73,1,641,0,6118898,0.17,0.52,0,500,1
E01417,E01438,parent_company,0.57,26,4690150,0.25,1.81,3,699,0,6118898,0.17,0.52,0,500,1
E01143,E01788,shared_director,0.16,6,5391950,0.15,0.91,3,759,0,1677513,0.84,0.54,0,694,0
E02011,E01788,shared_director,0.92,6,3558720,0.11,0.84,3,508,0,1677513,0.84,0.54,0,694,0
E02572,E01788,parent_company,0.48,13,7364705,0.22,1.1,1,537,0,1677513,0.84,0.54,0,694,0
E00433,E01788,shared_director,0.22,44,3133573,0.33,0.8,0,597,0,1677513,0.84,0.54,0,694,0
E00050,E00462,co-investor,0.63,1,358525,0.29,1.5,1,762,0,4899154,0.51,0.97,2,844,0
E00050,E01380,supplier,0.47,28,358525,0.29,1.5,1,762,0,3936886,0.67,1.12,1,534,0
E00957,E01380,parent_company,0.13,32,100000,0.21,1.78,0,837,0,3936886,0.67,1.12,1,534,0
E01243,E00302,parent_company,0.33,45,6023848,0.71,1.72,2,820,0,5800824,0.37,1.9,3,579,0
E00928,E00302,supplier,0.92,3,2269075,0.27,0.8,3,574,0,5800824,0.37,1.9,3,579,0
E02603,E00645,parent_company,0.64,19,8246526,0.63,1.51,1,810,0,1753908,0.17,1.12,2,657,0
E02833,E01028,co-investor,0.68,20,2311910,0.27,0.63,3,637,0,5189987,0.85,1.92,0,713,0
E02911,E01028,co-investor,0.21,45,5314516,0.46,1.13,1,819,0,5189987,0.85,1.92,0,713,0
E02820,E01209,parent_company,0.72,24,2101160,0.37,0.74,1,838,1,7168959,0.42,1.71,4,770,0
E01810,E01209,parent_company,0.62,27,5553586,0.54,0.53,2,791,0,7168959,0.42,1.71,4,770,0
E01105,E01992,supplier,0.19,27,4793953,0.71,0.53,0,540,0,2058182,0.28,1.29,1,590,0
E01932,E01992,parent_company,0.51,11,3603022,0.49,1.78,1,670,0,2058182,0.28,1.29,1,590,0
E00317,E01254,parent_company,0.72,45,7417963,0.87,0.95,1,743,0,3510431,0.71,0.51,2,650,0
E01494,E00989,shared_director,0.55,39,5730250,0.61,1.29,2,534,0,2779200,0.36,0.57,1,619,1
E02219,E00989,supplier,0.87,29,5523900,0.31,1.51,1,702,0,2779200,0.36,0.57,1,619,1
E00114,E00989,co-investor,0.35,27,8529373,0.86,0.79,1,575,0,2779200,0.36,0.57,1,619,1
E01223,E00536,co-investor,0.83,8,4201776,0.37,0.82,2,510,1,7870363,0.75,0.69,1,565,1
E01799,E00057,co-investor,0.51,44,5394654,0.45,1.89,2,575,0,2749161,0.82,1.24,1,524,0
E00655,E00057,supplier,0.32,26,7062125,0.91,0.71,1,848,0,2749161,0.82,1.24,1,524,0
E02252,E00057,supplier,1.0,18,6077838,0.53,1.26,3,752,0,2749161,0.82,1.24,1,524,0
E00005,E00057,parent_company,0.71,48,2817219,0.22,1.19,2,800,0,2749161,0.82,1.24,1,524,0
E01211,E00595,co-investor,0.62,41,5960292,0.33,1.19,2,561,0,8693253,0.16,1.76,0,738,0
E01369,E02425,shared_director,0.5,15,4729491,0.57,1.11,6,741,0,8446930,0.92,1.96,2,824,0
E01369,E01773,shared_director,0.15,6,4729491,0.57,1.11,6,741,0,2629075,0.55,1.36,5,742,0
E01340,E01570,co-investor,0.87,10,3864588,0.83,1.69,4,540,1,4688357,0.54,0.75,2,707,0
E00539,E01570,parent_company,0.39,44,1630429,0.58,0.55,1,568,0,4688357,0.54,0.75,2,707,0
E00645,E02520,co-investor,0.66,15,1753908,0.17,1.12,2,657,0,3992306,0.35,1.0,1,720,0
E00876,E02520,co-investor,0.58,41,4960753,0.79,1.56,2,611,1,3992306,0.35,1.0,1,720,0
E00803,E02520,co-investor,0.11,10,3395014,0.22,1.29,2,582,0,3992306,0.35,1.0,1,720,0
E00186,E02520,shared_director,0.67,21,5239211,0.71,1.85,4,719,0,3992306,0.35,1.0,1,720,0
E02823,E00270,shared_director,0.27,7,7282928,0.99,0.53,1,668,0,2485319,0.78,1.12,2,718,0
E02730,E00270,supplier,0.11,26,3159522,0.22,0.84,2,788,0,2485319,0.78,1.12,2,718,0
E01594,E02717,co-investor,0.41,24,5082758,0.78,0.91,2,791,1,8941728,0.82,1.1,2,514,1
E00401,E02717,shared_director,0.54,21,4461627,0.32,1.0,1,529,0,8941728,0.82,1.1,2,514,1
E02248,E00075,co-investor,0.73,47,3044325,0.25,1.1,1,556,0,4770311,0.3,1.75,0,557,0
E01302,E00075,shared_director,0.65,46,5818516,0.55,1.03,0,629,0,4770311,0.3,1.75,0,557,0
E02139,E00529,co-investor,0.81,34,1521868,0.22,1.01,2,840,0,2820813,0.49,1.29,4,700,0
E02857,E00300,parent_company,0.23,28,5253046,0.95,1.74,4,838,0,5989911,0.15,0.64,1,580,0
E00600,E00300,supplier,0.84,46,4849711,0.85,1.74,0,646,1,5989911,0.15,0.64,1,580,0
E02025,E02284,shared_director,0.45,42,3024338,0.75,1.44,1,606,0,3975708,0.76,0.78,4,678,1
E01356,E02284,shared_director,0.47,21,3314514,0.39,0.96,2,724,0,3975708,0.76,0.78,4,678,1
E00511,E00639,shared_director,0.19,42,3123064,0.41,1.38,1,578,0,2128762,0.56,0.52,3,556,0
E00577,E00972,co-investor,0.22,45,4622206,0.11,1.88,1,673,0,3154339,0.34,1.79,2,537,0
E01444,E00972,parent_company,0.95,44,6779832,0.72,1.88,1,544,1,3154339,0.34,1.79,2,537,0
E01029,E02046,parent_company,0.78,17,4279053,0.62,0.71,1,608,0,7210121,0.51,1.83,1,802,0
E00879,E01867,shared_director,0.28,34,7575964,0.41,0.8,1,846,0,1769267,0.71,1.35,4,749,1
E02449,E01867,parent_company,0.3,19,4245911,0.88,0.63,1,658,1,1769267,0.71,1.35,4,749,1
E01921,E01867,parent_company,0.62,33,4437960,0.46,1.8,2,644,0,1769267,0.71,1.35,4,749,1
E00048,E02407,shared_director,0.21,18,3834398,0.25,1.1,2,753,0,7467634,0.48,1.99,1,511,1
E01456,E02407,shared_director,0.51,27,3444921,0.71,0.55,1,584,0,7467634,0.48,1.99,1,511,1
E00129,E00061,parent_company,0.69,43,9310479,0.79,1.17,1,698,0,6608878,0.9,1.94,2,750,1
E00706,E02503,shared_director,0.35,17,6199188,0.45,1.96,1,598,0,3319058,0.62,1.84,1,758,0
E02484,E00878,supplier,0.28,19,3615695,0.77,0.99,1,822,0,3146573,0.45,0.56,3,567,0
E01970,E02673,shared_director,0.28,50,4626260,0.95,0.51,1,631,0,5198276,0.15,0.75,1,736,0
E01666,E00852,parent_company,0.47,40,6915455,0.22,1.23,0,679,0,6468898,0.96,1.1,0,553,1
E02375,E00852,supplier,0.13,15,5354437,0.26,0.8,1,531,0,6468898,0.96,1.1,0,553,1
E01916,E00852,parent_company,0.54,36,6069557,0.56,1.77,0,521,0,6468898,0.96,1.1,0,553,1
E01666,E00277,co-investor,0.37,29,6915455,0.22,1.23,0,679,0,100000,0.41,1.03,2,759,0
E01195,E02588,shared_director,0.24,49,9581767,0.92,0.77,1,677,0,3431018,0.4,1.25,0,581,0
E00507,E01284,parent_company,0.82,47,798162,0.64,1.01,4,773,0,4139686,0.66,1.71,1,813,0
E00876,E00945,co-investor,0.84,49,4960753,0.79,1.56,2,611,1,1208070,0.86,1.16,1,699,0
E02545,E00945,co-investor,0.21,42,6346264,0.5,1.96,1,651,0,1208070,0.86,1.16,1,699,0
E02805,E00945,supplier,0.45,17,5373524,0.54,1.0,3,663,0,1208070,0.86,1.16,1,699,0
E00257,E00226,supplier,0.85,49,3589578,0.82,1.22,2,583,0,1482802,0.49,0.61,0,508,0
E00080,E02276,supplier,0.77,32,100000,0.32,1.12,2,767,0,2779992,0.89,1.57,2,552,0
E00080,E00076,co-investor,0.9,3,100000,0.32,1.12,2,767,0,5310073,0.22,0.69,3,577,0
E02047,E02734,parent_company,0.92,5,3365198,0.65,0.81,3,743,0,4688868,0.87,1.33,3,803,0
E02013,E01210,co-investor,0.39,4,5301740,0.83,1.57,1,630,0,3844939,0.61,1.7,0,520,0
E00803,E00325,parent_company,0.62,23,3395014,0.22,1.29,2,582,0,1380082,0.84,1.53,2,620,0
E02710,E00325,co-investor,0.91,38,3715610,0.57,0.68,0,674,0,1380082,0.84,1.53,2,620,0
E01477,E01226,co-investor,0.23,1,4123780,0.84,1.63,2,693,0,1284015,0.18,0.84,0,580,0
E01213,E01226,co-investor,0.78,2,5754701,0.34,1.41,0,759,0,1284015,0.18,0.84,0,580,0
E02786,E01177,co-investor,0.3,13,4119406,0.78,0.68,5,762,0,7948112,0.77,0.73,1,785,1
E00829,E00143,parent_company,0.17,46,3292526,0.35,1.79,3,577,0,2992484,0.96,0.56,2,723,0
E01434,E00143,shared_director,0.46,4,5378184,0.8,1.26,2,639,1,2992484,0.96,0.56,2,723,0
E00829,E02065,parent_company,0.99,38,3292526,0.35,1.79,3,577,0,2529312,0.15,0.57,0,788,0
E00376,E02065,shared_director,0.66,42,4971421,0.64,1.98,2,815,0,2529312,0.15,0.57,0,788,0
E00910,E00125,co-investor,0.15,40,8773229,0.96,1.91,2,830,0,6943645,0.89,1.11,1,683,0
E01199,E02897,co-investor,0.67,36,4120822,0.24,1.41,2,762,0,3805153,0.48,0.54,1,511,0
E02899,E02226,supplier,0.76,13,3891889,0.12,0.86,3,531,1,6727583,0.31,0.87,1,508,1
E02490,E02226,shared_director,0.11,5,4327242,0.94,0.68,2,644,0,6727583,0.31,0.87,1,508,1
E00741,E01434,shared_director,0.52,17,4265551,0.47,1.53,4,551,1,5378184,0.8,1.26,2,639,1
E02519,E01184,supplier,0.27,41,5193656,0.83,0.88,0,606,0,8499162,0.62,1.13,2,833,0
E00994,E01184,shared_director,0.57,41,5695812,0.3,1.36,2,787,0,8499162,0.62,1.13,2,833,0
E02168,E00826,shared_director,0.65,47,4074368,0.62,0.89,0,540,1,8598543,0.23,0.52,2,780,0
E01859,E00681,co-investor,0.42,14,6620690,0.57,1.6,2,682,0,3501641,0.13,1.24,2,734,0
E02552,E01530,supplier,0.61,35,4660663,0.94,1.93,3,703,0,3515540,0.87,1.47,0,781,0
E01651,E02593,parent_company,0.55,4,7822101,0.89,1.64,0,787,1,7939165,0.12,0.89,2,535,0
E02649,E01913,shared_director,0.8,34,7364468,0.22,0.91,3,736,0,2793953,0.9,1.19,2,583,1
E02405,E01913,shared_director,0.55,18,4863444,0.1,1.84,1,560,0,2793953,0.9,1.19,2,583,1
E01321,E00652,shared_director,0.17,7,2873195,0.35,0.66,3,582,0,5066917,0.47,1.05,2,759,0
E00209,E01274,shared_director,0.1,16,5825140,0.17,0.57,1,622,0,3613626,0.33,1.89,1,609,0
E01434,E01274,parent_company,0.58,1,5378184,0.8,1.26,2,639,1,3613626,0.33,1.89,1,609,0
E00703,E01066,co-investor,0.77,5,4122825,0.82,0.85,2,822,0,5407344,0.35,1.2,1,538,0
E02762,E02831,parent_company,0.4,25,6021725,0.39,0.76,0,720,1,5103567,0.73,1.25,2,743,0
E02931,E02831,supplier,0.59,4,1757211,0.47,1.07,0,557,1,5103567,0.73,1.25,2,743,0
E01085,E00672,shared_director,0.81,29,8615752,0.98,1.48,0,540,1,4386439,0.23,1.16,2,666,0
E00655,E02250,supplier,0.6,10,7062125,0.91,0.71,1,848,0,3646341,0.61,1.92,3,660,0
E01800,E02250,shared_director,0.64,6,3374544,0.96,1.1,2,775,0,3646341,0.61,1.92,3,660,0
E00934,E01031,supplier,0.1,5,5523325,0.99,1.72,2,768,1,5634943,0.51,1.07,1,593,0
E02273,E01031,co-investor,0.31,21,7343324,0.92,1.71,1,586,1,5634943,0.51,1.07,1,593,0
E00934,E02444,co-investor,0.65,39,5523325,0.99,1.72,2,768,1,1426108,0.39,0.93,0,523,1
E01957,E01480,parent_company,0.73,25,100000,0.6,1.06,4,809,0,4750048,0.82,1.46,0,651,1
E00119,E01742,parent_company,0.32,24,6512703,0.16,0.57,1,683,0,7773516,0.44,0.91,2,741,0
E00439,E01742,supplier,0.83,21,7182092,0.41,1.96,2,672,0,7773516,0.44,0.91,2,741,0
E02295,E01742,shared_director,0.63,15,7858234,0.82,1.19,1,586,0,7773516,0.44,0.91,2,741,0
E00312,E01374,co-investor,0.66,2,5427260,0.84,1.5,0,651,0,4517171,0.76,1.65,2,718,0
E01350,E02101,co-investor,0.9,49,2654816,0.18,1.96,0,816,0,2058389,0.87,0.64,2,836,0
E01492,E00126,co-investor,0.82,28,9207612,0.23,1.17,1,678,0,4938083,0.37,1.49,5,515,0
E01510,E00571,supplier,0.81,24,5238036,0.89,0.63,1,841,0,9657238,0.4,1.18,1,713,0
E01510,E02011,shared_director,0.37,28,5238036,0.89,0.63,1,841,0,3558720,0.11,0.84,3,508,0
E01402,E01352,shared_director,0.34,37,4730462,0.52,1.09,2,802,0,5781045,0.89,1.66,0,680,0
E00297,E01596,co-investor,0.11,5,4259353,0.4,1.62,3,806,0,3837707,0.74,1.23,1,745,1
E00712,E01596,supplier,0.11,43,7626137,0.98,1.31,2,794,0,3837707,0.74,1.23,1,745,1
E00219,E00583,parent_company,0.67,20,7446341,0.51,1.53,0,679,0,6941801,0.57,0.56,4,809,0
E02035,E00583,supplier,0.74,42,5444532,0.85,0.53,1,739,0,6941801,0.57,0.56,4,809,0
E01221,E02792,shared_director,0.54,27,4962883,0.95,0.64,3,629,1,5634293,0.29,1.31,1,646,0
E00753,E00614,supplier,0.61,24,4742985,0.62,0.64,2,826,0,6502751,0.43,1.97,2,575,1
E02216,E01804,shared_director,0.94,12,1071414,0.7,0.98,1,723,0,7027351,0.42,1.21,2,574,0
E00937,E00192,parent_company,0.19,5,7397282,0.74,1.18,0,569,1,6265883,0.8,1.96,1,613,0
E02658,E00192,co-investor,0.83,22,2508812,0.79,0.55,2,688,0,6265883,0.8,1.96,1,613,0
E00937,E02890,parent_company,0.5,21,7397282,0.74,1.18,0,569,1,2375635,0.99,1.22,1,698,0
E02040,E00278,parent_company,0.23,13,6193565,0.93,1.89,2,782,0,3259553,0.11,0.57,1,556,0
E01671,E00278,parent_company,0.57,27,5218941,0.44,0.63,2,740,0,3259553,0.11,0.57,1,556,0
E02258,E00971,shared_director,0.34,48,2632229,0.36,1.33,0,667,0,3319437,0.39,1.17,1,770,0
E01935,E00971,parent_company,0.67,30,815785,0.79,1.75,2,610,1,3319437,0.39,1.17,1,770,0
E00376,E02581,shared_director,0.4,13,4971421,0.64,1.98,2,815,0,7105583,0.17,1.47,1,628,0
E01270,E01874,co-investor,0.26,27,7866844,0.95,1.94,1,629,1,5008186,0.42,0.9,2,784,0
E00636,E00936,co-investor,0.95,11,4995832,0.41,1.92,0,526,0,4391552,0.71,0.85,2,665,1
E00743,E01837,co-investor,0.76,49,5604899,0.11,0.79,0,718,0,5718366,0.15,1.45,1,769,0
E01793,E00721,parent_company,0.45,40,6896892,0.61,0.69,3,640,0,100000,0.78,1.88,3,566,1
E02072,E00263,parent_company,0.24,39,5250730,0.24,1.93,0,810,0,4274929,0.88,1.76,4,510,0
E01907,E00263,parent_company,0.93,19,5835347,0.87,1.57,3,606,0,4274929,0.88,1.76,4,510,0
E02072,E02237,shared_director,0.37,1,5250730,0.24,1.93,0,810,0,5134987,0.83,0.56,2,553,0
E02550,E01216,parent_company,0.14,25,6428637,0.68,1.23,2,547,0,4611336,0.69,0.91,1,666,0
E02190,E00920,parent_company,0.16,42,6562724,0.88,1.53,0,708,0,6364068,0.76,1.72,1,585,0
E01272,E00920,parent_company,0.83,9,5977383,0.89,1.21,2,820,0,6364068,0.76,1.72,1,585,0
E00004,E00242,co-investor,0.78,22,5807641,0.54,0.93,2,722,0,8242217,0.49,1.81,3,549,0
E00071,E00242,parent_company,0.24,17,3644867,0.14,1.78,4,545,0,8242217,0.49,1.81,3,549,0
E00479,E01988,shared_director,0.27,31,4481499,0.91,1.99,2,814,0,7692356,0.63,1.2,2,799,0
E00069,E02887,co-investor,0.5,42,5001398,0.36,0.62,0,633,0,2191997,0.18,0.58,0,630,0
E00994,E01976,supplier,0.13,25,5695812,0.3,1.36,2,787,0,7046771,0.94,1.34,2,786,0
E02739,E01976,supplier,0.15,14,7851789,0.5,0.69,1,824,0,7046771,0.94,1.34,2,786,0
E01879,E00975,co-investor,0.72,46,8498448,0.4,0.71,3,572,0,3947843,0.87,1.9,2,846,1
E01935,E00602,parent_company,0.71,39,815785,0.79,1.75,2,610,1,5127376,0.14,1.29,1,535,0
E00380,E01059,shared_director,0.51,18,6991504,0.28,1.58,2,796,0,3906985,0.45,1.65,3,804,0
E00380,E01779,supplier,0.62,40,6991504,0.28,1.58,2,796,0,3985848,0.94,0.61,4,589,0
E00292,E01779,shared_director,0.64,3,6714891,0.48,1.14,0,732,0,3985848,0.94,0.61,4,589,0
E01212,E00460,shared_director,0.21,38,10461734,0.92,1.41,1,838,0,4417020,0.46,0.82,3,788,0
E00070,E02177,parent_company,0.85,44,5316511,0.89,0.61,2,626,0,4241191,0.22,0.57,1,695,0
E00456,E02508,supplier,0.1,34,6554032,0.82,1.32,0,671,1,3985457,0.13,0.96,1,515,1
E00795,E02508,supplier,0.17,13,2617419,0.15,0.79,1,833,0,3985457,0.13,0.96,1,515,1
E02167,E01808,co-investor,0.63,11,1595573,0.37,1.1,1,741,0,1926952,0.8,1.6,2,665,0
E02144,E00430,supplier,0.26,14,5522533,0.92,1.1,1,720,0,7258648,0.64,1.12,0,828,0
E00135,E00430,shared_director,0.2,23,1740814,0.55,1.5,0,737,0,7258648,0.64,1.12,0,828,0
E01780,E00301,shared_director,0.6,1,1663096,0.16,1.25,0,560,0,5836505,0.37,1.14,2,602,0
E00684,E00301,parent_company,0.55,49,5723353,0.9,1.25,2,532,0,5836505,0.37,1.14,2,602,0
E02247,E00869,parent_company,0.11,40,6039998,0.94,0.74,3,509,1,8622750,0.3,1.76,0,543,0
E01309,E00869,parent_company,0.81,45,5479153,0.19,1.97,1,599,0,8622750,0.3,1.76,0,543,0
E01048,E02353,shared_director,0.28,12,6073487,0.2,1.81,1,692,0,3327786,0.27,1.42,2,680,0
E00588,E01878,supplier,0.13,47,6546166,0.17,1.52,4,628,0,4247735,0.7,1.62,0,786,0
E02683,E01084,co-investor,0.11,48,7137919,0.53,0.75,2,662,0,5608385,0.69,0.78,2,711,0
E00629,E01597,supplier,0.56,22,7449168,0.93,1.1,3,740,0,5053362,0.12,0.96,0,586,0
E00112,E02811,supplier,0.12,29,3125288,0.78,1.11,1,649,1,4650110,0.9,1.0,0,582,1
E00385,E02811,parent_company,0.38,2,9944558,0.73,0.58,2,720,0,4650110,0.9,1.0,0,582,1
E01900,E00502,co-investor,0.45,17,2273254,0.78,1.63,1,639,0,5018583,0.16,1.66,1,780,0
E02065,E02852,shared_director,0.16,33,2529312,0.15,0.57,0,788,0,4322617,0.56,1.04,3,516,0
E00534,E00787,parent_company,0.65,1,4495239,0.33,1.82,1,515,0,4823314,0.41,1.34,1,614,0
E02252,E02678,shared_director,0.77,16,6077838,0.53,1.26,3,752,0,3809793,0.53,1.55,1,620,0
E00464,E01805,parent_company,0.61,29,7124803,0.42,0.73,3,528,0,1850041,0.17,0.68,1,713,0
E02931,E01805,parent_company,0.65,50,1757211,0.47,1.07,0,557,1,1850041,0.17,0.68,1,713,0
E00124,E01805,supplier,0.99,23,3910155,0.83,1.92,1,587,0,1850041,0.17,0.68,1,713,0
E01775,E00990,supplier,0.59,37,8040678,0.19,1.16,0,659,0,6134111,0.5,1.66,1,545,1
E00695,E01011,shared_director,0.16,23,9311486,0.43,1.44,3,789,0,4103239,0.54,0.53,0,516,0
E02430,E00649,co-investor,0.38,9,3185983,0.29,0.62,1,839,0,3826871,0.21,0.87,3,759,0
E00880,E00649,parent_company,0.76,17,4154376,0.49,0.77,1,815,0,3826871,0.21,0.87,3,759,0
E02430,E00943,co-investor,0.56,45,3185983,0.29,0.62,1,839,0,3944446,0.77,0.67,1,655,0
E02547,E00943,supplier,0.93,46,5504334,0.7,0.59,1,742,0,3944446,0.77,0.67,1,655,0
E00036,E00436,parent_company,0.42,43,2720491,0.61,1.87,2,621,0,6128554,0.77,0.51,0,798,0
E02877,E02711,parent_company,0.23,27,100000,0.91,2.0,1,513,0,3293393,0.2,1.47,0,574,0
E02367,E02770,supplier,0.53,38,6704357,0.67,0.9,3,776,0,4282592,0.7,1.58,2,747,1
E00647,E02357,parent_company,0.85,49,2798441,0.94,1.53,1,650,0,4874670,0.16,1.91,2,759,0
E01634,E02357,supplier,0.11,1,1840768,0.56,1.88,3,595,0,4874670,0.16,1.91,2,759,0
E01133,E00790,shared_director,0.65,17,5281656,0.86,1.74,1,786,0,7428958,0.26,1.34,2,587,0
E02219,E02611,co-investor,0.69,46,5523900,0.31,1.51,1,702,0,6237260,0.65,0.94,0,665,0
E01050,E02611,parent_company,0.18,37,4616357,0.88,0.63,1,790,0,6237260,0.65,0.94,0,665,0
E00215,E01120,parent_company,0.24,42,2301072,0.28,1.0,2,744,0,5251693,0.84,1.7,1,551,0
E02658,E02001,supplier,0.92,25,2508812,0.79,0.55,2,688,0,5537067,0.3,1.77,2,522,0
E01467,E02529,supplier,0.18,29,8137557,0.83,1.24,1,536,0,3739562,0.84,1.02,3,824,0
E00951,E01460,shared_director,0.85,6,4615777,0.96,0.84,0,591,1,3672559,0.81,1.59,2,507,0
E00032,E01460,shared_director,0.59,3,6180549,0.83,0.84,2,723,0,3672559,0.81,1.59,2,507,0
E02303,E01460,supplier,0.27,2,3720016,0.36,0.69,1,716,0,3672559,0.81,1.59,2,507,0
E01092,E01937,co-investor,0.3,26,519900,0.51,1.19,2,603,0,7683401,0.63,0.79,0,682,1
E02005,E02475,shared_director,0.18,4,6502261,0.12,0.78,2,602,0,6309353,0.43,1.06,3,648,0
E01393,E00311,parent_company,0.85,13,3465890,0.54,1.01,3,748,0,7990267,0.27,0.81,0,741,0
E01650,E01865,shared_director,0.37,39,4418849,0.2,1.68,1,762,0,6661419,0.51,1.32,0,803,0
E02716,E00418,supplier,0.49,32,2459182,0.44,1.89,0,657,0,7178019,0.9,1.73,1,712,0
E02850,E02710,co-investor,0.43,38,100000,0.72,1.44,3,505,0,3715610,0.57,0.68,0,674,0
E01189,E01381,co-investor,0.12,4,4486824,0.54,1.93,1,829,0,3211300,0.85,1.65,1,643,0
E02394,E01386,parent_company,0.34,26,6306386,0.29,1.45,3,608,0,6431316,0.5,1.77,0,644,0
E01324,E02098,co-investor,0.3,47,3269921,0.21,1.41,1,733,0,5318317,0.51,0.61,1,784,0
E01963,E02699,shared_director,0.6,43,2807195,0.27,1.32,4,588,0,4999761,0.54,1.73,1,666,0
E02790,E02699,parent_company,0.5,7,5345100,0.23,1.43,2,536,0,4999761,0.54,1.73,1,666,0
E01502,E00313,parent_company,0.11,23,2262590,0.16,0.69,2,688,0,5533161,0.59,0.62,1,646,0
E01337,E01070,co-investor,0.48,2,4104171,0.58,1.85,1,674,0,5011621,0.34,1.99,2,801,0
E00915,E01062,shared_director,0.39,4,4985914,0.5,1.33,1,818,0,6521809,0.85,0.85,0,680,0
E01844,E00769,supplier,0.72,10,6994187,0.25,0.96,3,654,0,3011787,0.84,0.98,1,825,0
E01078,E00769,parent_company,0.85,46,4466170,0.98,0.73,2,556,0,3011787,0.84,0.98,1,825,0
E01495,E00769,parent_company,0.78,15,6941882,0.94,0.56,2,515,1,3011787,0.84,0.98,1,825,0
E00045,E01894,co-investor,0.26,22,3823826,0.65,0.56,1,542,0,6065666,0.6,0.81,2,673,0
E01397,E02883,parent_company,0.6,44,1719466,0.51,0.61,1,831,0,2212337,0.17,0.96,4,552,0
E01704,E02883,shared_director,0.43,38,6606730,0.32,0.87,4,735,0,2212337,0.17,0.96,4,552,0
E01498,E01461,co-investor,0.58,32,4164072,0.11,0.74,2,531,0,4680810,0.65,1.55,2,779,0
E01547,E02437,shared_director,0.32,29,6074181,0.88,0.62,2,557,0,5806600,0.67,1.71,0,509,0
E00424,E01964,parent_company,0.1,28,9365014,0.4,0.95,3,777,0,6676473,0.65,1.92,4,573,0
E01036,E01268,supplier,0.51,39,6762569,0.49,0.91,4,590,0,2810826,0.79,1.28,1,627,0
E02134,E01268,supplier,0.1,20,4374914,0.83,1.75,1,760,1,2810826,0.79,1.28,1,627,0
E02097,E01653,supplier,0.95,9,6407283,0.81,1.51,2,743,0,4278217,0.25,0.81,0,699,1
E00790,E02330,supplier,0.79,35,7428958,0.26,1.34,2,587,0,5596783,0.98,0.86,0,758,0
E01744,E01724,shared_director,0.2,2,4440253,0.68,0.91,2,551,0,5175937,0.24,1.32,1,784,0
E02876,E02528,co-investor,0.23,3,8540335,0.27,0.69,1,632,0,6560140,0.6,0.75,0,523,0
E01220,E00723,supplier,0.78,43,675561,0.51,1.16,0,711,0,4256574,0.65,0.88,2,576,0
